design,eps,rep,K,Khat
G1-small20,0.0,0,2,2
G1-small20,0.0,1,2,2
G1-small20,0.0,2,2,2
G1-small20,0.0,3,2,2
G1-small20,0.0,4,2,2
G1-small20,0.0,5,2,2
G1-small20,0.0,6,2,2
G1-small20,0.0,7,2,2
G1-small20,0.0,8,2,2
G1-small20,0.0,9,2,2
G1-small20,0.0,10,2,2
G1-small20,0.0,11,2,2
G1-small20,0.0,12,2,2
G1-small20,0.0,13,2,2
G1-small20,0.0,14,2,2
G1-small20,0.0,15,2,2
G1-small20,0.0,16,2,2
G1-small20,0.0,17,2,2
G1-small20,0.0,18,2,2
G1-small20,0.0,19,2,2
G1-small20,0.1,0,2,2
G1-small20,0.1,1,2,2
G1-small20,0.1,2,2,3
G1-small20,0.1,3,2,2
G1-small20,0.1,4,2,2
G1-small20,0.1,5,2,2
G1-small20,0.1,6,2,2
G1-small20,0.1,7,2,2
G1-small20,0.1,8,2,2
G1-small20,0.1,9,2,2
G1-small20,0.1,10,2,2
G1-small20,0.1,11,2,2
G1-small20,0.1,12,2,2
G1-small20,0.1,13,2,2
G1-small20,0.1,14,2,2
G1-small20,0.1,15,2,3
G1-small20,0.1,16,2,2
G1-small20,0.1,17,2,2
G1-small20,0.1,18,2,2
G1-small20,0.1,19,2,2
G1-small20,0.2,0,2,2
G1-small20,0.2,1,2,2
G1-small20,0.2,2,2,2
G1-small20,0.2,3,2,3
G1-small20,0.2,4,2,2
G1-small20,0.2,5,2,2
G1-small20,0.2,6,2,2
G1-small20,0.2,7,2,2
G1-small20,0.2,8,2,2
G1-small20,0.2,9,2,2
G1-small20,0.2,10,2,2
G1-small20,0.2,11,2,2
G1-small20,0.2,12,2,2
G1-small20,0.2,13,2,2
G1-small20,0.2,14,2,2
G1-small20,0.2,15,2,2
G1-small20,0.2,16,2,2
G1-small20,0.2,17,2,2
G1-small20,0.2,18,2,2
G1-small20,0.2,19,2,2
G2-small15,0.0,0,2,2
G2-small15,0.0,1,2,2
G2-small15,0.0,2,2,2
G2-small15,0.0,3,2,2
G2-small15,0.0,4,2,2
G2-small15,0.0,5,2,2
G2-small15,0.0,6,2,2
G2-small15,0.0,7,2,2
G2-small15,0.0,8,2,2
G2-small15,0.0,9,2,2
G2-small15,0.0,10,2,2
G2-small15,0.0,11,2,2
G2-small15,0.0,12,2,2
G2-small15,0.0,13,2,2
G2-small15,0.0,14,2,2
G2-small15,0.0,15,2,2
G2-small15,0.0,16,2,2
G2-small15,0.0,17,2,2
G2-small15,0.0,18,2,2
G2-small15,0.0,19,2,2
G2-small15,0.1,0,2,2
G2-small15,0.1,1,2,2
G2-small15,0.1,2,2,2
G2-small15,0.1,3,2,2
G2-small15,0.1,4,2,2
G2-small15,0.1,5,2,3
G2-small15,0.1,6,2,2
G2-small15,0.1,7,2,2
G2-small15,0.1,8,2,2
G2-small15,0.1,9,2,2
G2-small15,0.1,10,2,2
G2-small15,0.1,11,2,2
G2-small15,0.1,12,2,2
G2-small15,0.1,13,2,2
G2-small15,0.1,14,2,2
G2-small15,0.1,15,2,2
G2-small15,0.1,16,2,2
G2-small15,0.1,17,2,2
G2-small15,0.1,18,2,2
G2-small15,0.1,19,2,2
G2-small15,0.2,0,2,2
G2-small15,0.2,1,2,2
G2-small15,0.2,2,2,2
G2-small15,0.2,3,2,2
G2-small15,0.2,4,2,2
G2-small15,0.2,5,2,2
G2-small15,0.2,6,2,2
G2-small15,0.2,7,2,2
G2-small15,0.2,8,2,2
G2-small15,0.2,9,2,2
G2-small15,0.2,10,2,2
G2-small15,0.2,11,2,2
G2-small15,0.2,12,2,2
G2-small15,0.2,13,2,2
G2-small15,0.2,14,2,2
G2-small15,0.2,15,2,2
G2-small15,0.2,16,2,2
G2-small15,0.2,17,2,1
G2-small15,0.2,18,2,2
G2-small15,0.2,19,2,2
G3-cluster,0.0,0,2,2
G3-cluster,0.0,1,2,2
G3-cluster,0.0,2,2,2
G3-cluster,0.0,3,2,2
G3-cluster,0.0,4,2,2
G3-cluster,0.0,5,2,2
G3-cluster,0.0,6,2,2
G3-cluster,0.0,7,2,2
G3-cluster,0.0,8,2,2
G3-cluster,0.0,9,2,2
G3-cluster,0.0,10,2,2
G3-cluster,0.0,11,2,2
G3-cluster,0.0,12,2,2
G3-cluster,0.0,13,2,2
G3-cluster,0.0,14,2,2
G3-cluster,0.0,15,2,2
G3-cluster,0.0,16,2,2
G3-cluster,0.0,17,2,2
G3-cluster,0.0,18,2,2
G3-cluster,0.0,19,2,2
G3-cluster,0.1,0,2,3
G3-cluster,0.1,1,2,3
G3-cluster,0.1,2,2,3
G3-cluster,0.1,3,2,3
G3-cluster,0.1,4,2,3
G3-cluster,0.1,5,2,3
G3-cluster,0.1,6,2,3
G3-cluster,0.1,7,2,3
G3-cluster,0.1,8,2,3
G3-cluster,0.1,9,2,3
G3-cluster,0.1,10,2,3
G3-cluster,0.1,11,2,3
G3-cluster,0.1,12,2,3
G3-cluster,0.1,13,2,3
G3-cluster,0.1,14,2,2
G3-cluster,0.1,15,2,3
G3-cluster,0.1,16,2,3
G3-cluster,0.1,17,2,2
G3-cluster,0.1,18,2,3
G3-cluster,0.1,19,2,3
G3-cluster,0.2,0,2,3
G3-cluster,0.2,1,2,3
G3-cluster,0.2,2,2,3
G3-cluster,0.2,3,2,3
G3-cluster,0.2,4,2,3
G3-cluster,0.2,5,2,3
G3-cluster,0.2,6,2,3
G3-cluster,0.2,7,2,3
G3-cluster,0.2,8,2,3
G3-cluster,0.2,9,2,3
G3-cluster,0.2,10,2,3
G3-cluster,0.2,11,2,3
G3-cluster,0.2,12,2,3
G3-cluster,0.2,13,2,3
G3-cluster,0.2,14,2,3
G3-cluster,0.2,15,2,3
G3-cluster,0.2,16,2,3
G3-cluster,0.2,17,2,2
G3-cluster,0.2,18,2,3
G3-cluster,0.2,19,2,3
