design,eps,rep,unit,acc_alg1,acc,ahat
G1-small20,0.0,0,G1-small20_e00_r000,0.92,0.92,0.02666666666666667
G1-small20,0.1,0,G1-small20_e10_r000,0.569811320754717,0.9547169811320755,0.11666666666666667
G1-small20,0.2,0,G1-small20_e20_r000,0.510548523206751,0.9113924050632911,0.21
G1-small20,0.3,0,G1-small20_e30_r000,0.5113122171945701,0.5113122171945701,0.37333333333333335
G2-small15,0.0,0,G2-small15_e00_r000,0.5366666666666666,0.94,0.02
G2-small15,0.1,0,G2-small15_e10_r000,0.5714285714285714,0.924812030075188,0.12
G2-small15,0.2,0,G2-small15_e20_r000,0.8917748917748918,0.8917748917748918,0.23333333333333334
G2-small15,0.3,0,G2-small15_e30_r000,0.5675675675675675,0.5675675675675675,0.31
G1-small20,0.0,1,G1-small20_e00_r001,0.6266666666666667,0.9233333333333333,0.023333333333333334
G1-small20,0.1,1,G1-small20_e10_r001,0.9067164179104478,0.9067164179104478,0.11
G1-small20,0.2,1,G1-small20_e20_r001,0.5020408163265306,0.9306122448979591,0.18333333333333332
G1-small20,0.3,1,G1-small20_e30_r001,0.5388349514563107,0.5388349514563107,0.38666666666666666
G2-small15,0.0,1,G2-small15_e00_r001,0.5266666666666666,0.8933333333333333,0.013333333333333334
G2-small15,0.1,1,G2-small15_e10_r001,0.52,0.9236363636363636,0.08666666666666667
G2-small15,0.2,1,G2-small15_e20_r001,0.5130434782608696,0.9043478260869565,0.23666666666666666
G2-small15,0.3,1,G2-small15_e30_r001,0.855,0.855,0.18666666666666668
G1-small20,0.0,2,G1-small20_e00_r002,0.91,0.91,0.03333333333333333
G1-small20,0.1,2,G1-small20_e10_r002,0.5481481481481482,0.9407407407407408,0.11666666666666667
G1-small20,0.2,2,G1-small20_e20_r002,0.9382716049382716,0.9382716049382716,0.19
G1-small20,0.3,2,G1-small20_e30_r002,0.9463414634146341,0.9463414634146341,0.2966666666666667
G2-small15,0.0,2,G2-small15_e00_r002,0.5166666666666667,0.88,0.04666666666666667
G2-small15,0.1,2,G2-small15_e10_r002,0.5204460966542751,0.9256505576208178,0.11333333333333333
G2-small15,0.2,2,G2-small15_e20_r002,0.5204918032786885,0.8934426229508197,0.18666666666666668
G2-small15,0.3,2,G2-small15_e30_r002,0.8512820512820513,0.8512820512820513,0.22333333333333333
G1-small20,0.0,3,G1-small20_e00_r003,0.89,0.89,0.02666666666666667
G1-small20,0.1,3,G1-small20_e10_r003,0.5378787878787878,0.9166666666666666,0.12333333333333334
G1-small20,0.2,3,G1-small20_e20_r003,0.5518672199170125,0.921161825726141,0.19666666666666666
G1-small20,0.3,3,G1-small20_e30_r003,0.54,0.54,0.3933333333333333
G2-small15,0.0,3,G2-small15_e00_r003,0.5266666666666666,0.9266666666666666,0.03
G2-small15,0.1,3,G2-small15_e10_r003,0.5253623188405797,0.8876811594202898,0.1
G2-small15,0.2,3,G2-small15_e20_r003,0.5276595744680851,0.9234042553191489,0.22333333333333333
G2-small15,0.3,3,G2-small15_e30_r003,0.6,0.6,0.38666666666666666
G1-small20,0.0,4,G1-small20_e00_r004,0.9333333333333333,0.9333333333333333,0.02
G1-small20,0.1,4,G1-small20_e10_r004,0.9070631970260223,0.9070631970260223,0.11
G1-small20,0.2,4,G1-small20_e20_r004,0.9004149377593361,0.9004149377593361,0.19666666666666666
G1-small20,0.3,4,G1-small20_e30_r004,0.6157635467980296,0.6157635467980296,0.37
G2-small15,0.0,4,G2-small15_e00_r004,0.59,0.9066666666666666,0.016666666666666666
G2-small15,0.1,4,G2-small15_e10_r004,0.5129151291512916,0.9298892988929889,0.10333333333333333
G2-small15,0.2,4,G2-small15_e20_r004,0.5102040816326531,0.8857142857142857,0.19333333333333333
G2-small15,0.3,4,G2-small15_e30_r004,0.8571428571428571,0.8571428571428571,0.18333333333333332
G1-small20,0.0,5,G1-small20_e00_r005,0.89,0.89,0.02
G1-small20,0.1,5,G1-small20_e10_r005,0.8868613138686131,0.8868613138686131,0.09666666666666666
G1-small20,0.2,5,G1-small20_e20_r005,0.5683760683760684,0.8888888888888888,0.22
G1-small20,0.3,5,G1-small20_e30_r005,0.5446009389671361,0.5446009389671361,0.38
G2-small15,0.0,5,G2-small15_e00_r005,0.5333333333333333,0.9033333333333333,0.056666666666666664
G2-small15,0.1,5,G2-small15_e10_r005,0.6329588014981273,0.9176029962546817,0.12
G2-small15,0.2,5,G2-small15_e20_r005,0.5311203319502075,0.5311203319502075,0.25
G2-small15,0.3,5,G2-small15_e30_r005,0.5092592592592593,0.5092592592592593,0.3333333333333333
G1-small20,0.0,6,G1-small20_e00_r006,0.5366666666666666,0.9033333333333333,0.02
G1-small20,0.1,6,G1-small20_e10_r006,0.8943396226415095,0.8943396226415095,0.12333333333333334
G1-small20,0.2,6,G1-small20_e20_r006,0.5282258064516129,0.9193548387096774,0.17333333333333334
G1-small20,0.3,6,G1-small20_e30_r006,0.5238095238095238,0.5238095238095238,0.36
G2-small15,0.0,6,G2-small15_e00_r006,0.5133333333333333,0.9133333333333333,0.01
G2-small15,0.1,6,G2-small15_e10_r006,0.5875912408759124,0.9525547445255474,0.10666666666666667
G2-small15,0.2,6,G2-small15_e20_r006,0.5020408163265306,0.8979591836734694,0.19
G2-small15,0.3,6,G2-small15_e30_r006,0.5145631067961165,0.5145631067961165,0.36666666666666664
G1-small20,0.0,7,G1-small20_e00_r007,0.5633333333333334,0.9266666666666666,0.01
G1-small20,0.1,7,G1-small20_e10_r007,0.9233576642335767,0.9233576642335767,0.10333333333333333
G1-small20,0.2,7,G1-small20_e20_r007,0.5918367346938775,0.9510204081632653,0.18333333333333332
G1-small20,0.3,7,G1-small20_e30_r007,0.755868544600939,0.755868544600939,0.32666666666666666
G2-small15,0.0,7,G2-small15_e00_r007,0.5633333333333334,0.93,0.013333333333333334
G2-small15,0.1,7,G2-small15_e10_r007,0.5703703703703704,0.9333333333333333,0.1
G2-small15,0.2,7,G2-small15_e20_r007,0.5371900826446281,0.9214876033057852,0.19666666666666666
G2-small15,0.3,7,G2-small15_e30_r007,0.5049019607843137,0.5049019607843137,0.39
G1-small20,0.0,8,G1-small20_e00_r008,0.8966666666666666,0.8966666666666666,0.006666666666666667
G1-small20,0.1,8,G1-small20_e10_r008,0.9067164179104478,0.9067164179104478,0.10666666666666667
G1-small20,0.2,8,G1-small20_e20_r008,0.5133928571428571,0.9196428571428571,0.25333333333333335
G1-small20,0.3,8,G1-small20_e30_r008,0.9122807017543859,0.9122807017543859,0.24
G2-small15,0.0,8,G2-small15_e00_r008,0.5433333333333333,0.8633333333333333,0.016666666666666666
G2-small15,0.1,8,G2-small15_e10_r008,0.5183823529411765,0.8933823529411765,0.09666666666666666
G2-small15,0.2,8,G2-small15_e20_r008,0.5588235294117647,0.9159663865546218,0.21666666666666667
G2-small15,0.3,8,G2-small15_e30_r008,0.8291457286432161,0.8291457286432161,0.2
G1-small20,0.0,9,G1-small20_e00_r009,0.9033333333333333,0.9033333333333333,0.0033333333333333335
G1-small20,0.1,9,G1-small20_e10_r009,0.5830258302583026,0.9114391143911439,0.10333333333333333
G1-small20,0.2,9,G1-small20_e20_r009,0.5991379310344828,0.9310344827586207,0.23
G1-small20,0.3,9,G1-small20_e30_r009,0.515625,0.515625,0.41333333333333333
G2-small15,0.0,9,G2-small15_e00_r009,0.5033333333333333,0.9233333333333333,0.02666666666666667
G2-small15,0.1,9,G2-small15_e10_r009,0.5992366412213741,0.9045801526717557,0.13333333333333333
G2-small15,0.2,9,G2-small15_e20_r009,0.5504201680672269,0.9117647058823529,0.21
G2-small15,0.3,9,G2-small15_e30_r009,0.896551724137931,0.896551724137931,0.3233333333333333
G1-small20,0.0,10,G1-small20_e00_r010,0.58,0.8866666666666667,0.02
G1-small20,0.1,10,G1-small20_e10_r010,0.9420849420849421,0.9420849420849421,0.13666666666666666
G1-small20,0.2,10,G1-small20_e20_r010,0.8955823293172691,0.8955823293172691,0.17
G1-small20,0.3,10,G1-small20_e30_r010,0.8066037735849056,0.8066037735849056,0.18666666666666668
G2-small15,0.0,10,G2-small15_e00_r010,0.5266666666666666,0.9066666666666666,0.03333333333333333
G2-small15,0.1,10,G2-small15_e10_r010,0.6902985074626866,0.6902985074626866,0.14333333333333334
G2-small15,0.2,10,G2-small15_e20_r010,0.9221311475409836,0.9221311475409836,0.19333333333333333
G2-small15,0.3,10,G2-small15_e30_r010,0.5229357798165137,0.5229357798165137,0.33666666666666667
G1-small20,0.0,11,G1-small20_e00_r011,0.5533333333333333,0.9333333333333333,0.01
G1-small20,0.1,11,G1-small20_e10_r011,0.6195652173913043,0.9021739130434783,0.10333333333333333
G1-small20,0.2,11,G1-small20_e20_r011,0.6653225806451613,0.6653225806451613,0.18666666666666668
G1-small20,0.3,11,G1-small20_e30_r011,0.511520737327189,0.511520737327189,0.32666666666666666
G2-small15,0.0,11,G2-small15_e00_r011,0.53,0.92,0.0033333333333333335
G2-small15,0.1,11,G2-small15_e10_r011,0.5387453874538746,0.9298892988929889,0.10666666666666667
G2-small15,0.2,11,G2-small15_e20_r011,0.5222672064777328,0.9190283400809717,0.18
G2-small15,0.3,11,G2-small15_e30_r011,0.5528846153846154,0.5528846153846154,0.35
G1-small20,0.0,12,G1-small20_e00_r012,0.9233333333333333,0.9233333333333333,0.02
G1-small20,0.1,12,G1-small20_e10_r012,0.8825757575757576,0.8825757575757576,0.12
G1-small20,0.2,12,G1-small20_e20_r012,0.5127118644067796,0.885593220338983,0.21333333333333335
G1-small20,0.3,12,G1-small20_e30_r012,0.5198019801980198,0.5198019801980198,0.39666666666666667
G2-small15,0.0,12,G2-small15_e00_r012,0.54,0.91,0.013333333333333334
G2-small15,0.1,12,G2-small15_e10_r012,0.5703703703703704,0.8629629629629629,0.1
G2-small15,0.2,12,G2-small15_e20_r012,0.5574468085106383,0.8936170212765957,0.21666666666666667
G2-small15,0.3,12,G2-small15_e30_r012,0.8341968911917098,0.8341968911917098,0.25
G1-small20,0.0,13,G1-small20_e00_r013,0.6633333333333333,0.9166666666666666,0.02
G1-small20,0.1,13,G1-small20_e10_r013,0.8929889298892989,0.8929889298892989,0.10666666666666667
G1-small20,0.2,13,G1-small20_e20_r013,0.9125,0.9125,0.20333333333333334
G1-small20,0.3,13,G1-small20_e30_r013,0.927536231884058,0.927536231884058,0.31333333333333335
G2-small15,0.0,13,G2-small15_e00_r013,0.6166666666666667,0.8933333333333333,0.03666666666666667
G2-small15,0.1,13,G2-small15_e10_r013,0.5427509293680297,0.9070631970260223,0.10666666666666667
G2-small15,0.2,13,G2-small15_e20_r013,0.569672131147541,0.9098360655737705,0.18666666666666668
G2-small15,0.3,13,G2-small15_e30_r013,0.5151515151515151,0.5151515151515151,0.25333333333333335
G1-small20,0.0,14,G1-small20_e00_r014,0.5466666666666666,0.9166666666666666,0.01
G1-small20,0.1,14,G1-small20_e10_r014,0.8860294117647058,0.8860294117647058,0.1
G1-small20,0.2,14,G1-small20_e20_r014,0.9274193548387096,0.9274193548387096,0.17333333333333334
G1-small20,0.3,14,G1-small20_e30_r014,0.7272727272727273,0.7272727272727273,0.2
G2-small15,0.0,14,G2-small15_e00_r014,0.5366666666666666,0.88,0.016666666666666666
G2-small15,0.1,14,G2-small15_e10_r014,0.6074074074074074,0.8740740740740741,0.11
G2-small15,0.2,14,G2-small15_e20_r014,0.5933609958506224,0.9294605809128631,0.19666666666666666
G2-small15,0.3,14,G2-small15_e30_r014,0.910377358490566,0.910377358490566,0.29333333333333333
G1-small20,0.0,15,G1-small20_e00_r015,0.9,0.9,0.023333333333333334
G1-small20,0.1,15,G1-small20_e10_r015,0.9264705882352942,0.9264705882352942,0.13
G1-small20,0.2,15,G1-small20_e20_r015,0.8874458874458875,0.8874458874458875,0.23333333333333334
G1-small20,0.3,15,G1-small20_e30_r015,0.7971014492753623,0.7971014492753623,0.23333333333333334
G2-small15,0.0,15,G2-small15_e00_r015,0.54,0.9266666666666666,0.016666666666666666
G2-small15,0.1,15,G2-small15_e10_r015,0.5454545454545454,0.928030303030303,0.12666666666666668
G2-small15,0.2,15,G2-small15_e20_r015,0.5148936170212766,0.9063829787234042,0.21666666666666667
G2-small15,0.3,15,G2-small15_e30_r015,0.5142857142857142,0.5142857142857142,0.35333333333333333
G1-small20,0.0,16,G1-small20_e00_r016,0.9333333333333333,0.9333333333333333,0.013333333333333334
G1-small20,0.1,16,G1-small20_e10_r016,0.9188191881918819,0.9188191881918819,0.1
G1-small20,0.2,16,G1-small20_e20_r016,0.5352697095435685,0.8921161825726142,0.19666666666666666
G1-small20,0.3,16,G1-small20_e30_r016,0.5476190476190477,0.5476190476190477,0.3466666666666667
G2-small15,0.0,16,G2-small15_e00_r016,0.56,0.93,0.01
G2-small15,0.1,16,G2-small15_e10_r016,0.5830388692579506,0.9222614840989399,0.06333333333333334
G2-small15,0.2,16,G2-small15_e20_r016,0.9146341463414634,0.9146341463414634,0.18
G2-small15,0.3,16,G2-small15_e30_r016,0.865,0.865,0.2
G1-small20,0.0,17,G1-small20_e00_r017,0.95,0.95,0.02
G1-small20,0.1,17,G1-small20_e10_r017,0.724907063197026,0.9107806691449815,0.11666666666666667
G1-small20,0.2,17,G1-small20_e20_r017,0.5228215767634855,0.921161825726141,0.2
G1-small20,0.3,17,G1-small20_e30_r017,0.8282828282828283,0.8282828282828283,0.19666666666666666
G2-small15,0.0,17,G2-small15_e00_r017,0.5266666666666666,0.93,0.02666666666666667
G2-small15,0.1,17,G2-small15_e10_r017,0.9351145038167938,0.9351145038167938,0.13333333333333333
G2-small15,0.2,17,G2-small15_e20_r017,0.5932203389830508,0.5932203389830508,0.25666666666666665
G2-small15,0.3,17,G2-small15_e30_r017,0.5545023696682464,0.5545023696682464,0.35
G1-small20,0.0,18,G1-small20_e00_r018,0.9133333333333333,0.9133333333333333,0.016666666666666666
G1-small20,0.1,18,G1-small20_e10_r018,0.6630434782608695,0.9057971014492754,0.1
G1-small20,0.2,18,G1-small20_e20_r018,0.5407725321888412,0.9055793991416309,0.22333333333333333
G1-small20,0.3,18,G1-small20_e30_r018,0.8632075471698113,0.8632075471698113,0.21333333333333335
G2-small15,0.0,18,G2-small15_e00_r018,0.5666666666666667,0.8966666666666666,0.023333333333333334
G2-small15,0.1,18,G2-small15_e10_r018,0.5018315018315018,0.9157509157509157,0.09666666666666666
G2-small15,0.2,18,G2-small15_e20_r018,0.5347826086956522,0.9434782608695652,0.24333333333333335
G2-small15,0.3,18,G2-small15_e30_r018,0.5240384615384616,0.5240384615384616,0.38333333333333336
G1-small20,0.0,19,G1-small20_e00_r019,0.7166666666666667,0.8866666666666667,0.016666666666666666
G1-small20,0.1,19,G1-small20_e10_r019,0.8992537313432836,0.8992537313432836,0.11
G1-small20,0.2,19,G1-small20_e20_r019,0.5560165975103735,0.91701244813278,0.19666666666666666
G1-small20,0.3,19,G1-small20_e30_r019,0.92,0.92,0.32
G2-small15,0.0,19,G2-small15_e00_r019,0.93,0.93,0.016666666666666666
G2-small15,0.1,19,G2-small15_e10_r019,0.5074626865671642,0.9104477611940298,0.11
G2-small15,0.2,19,G2-small15_e20_r019,0.9106382978723404,0.9106382978723404,0.21666666666666667
G2-small15,0.3,19,G2-small15_e30_r019,0.5488372093023256,0.5488372093023256,0.34
G1-small20,0.0,20,G1-small20_e00_r020,0.9166666666666666,0.9166666666666666,0.043333333333333335
G1-small20,0.1,20,G1-small20_e10_r020,0.562962962962963,0.8962962962962963,0.11
G1-small20,0.2,20,G1-small20_e20_r020,0.8940677966101694,0.8940677966101694,0.21333333333333335
G1-small20,0.3,20,G1-small20_e30_r020,0.8883720930232558,0.8883720930232558,0.2833333333333333
G2-small15,0.0,20,G2-small15_e00_r020,0.53,0.8833333333333333,0.016666666666666666
G2-small15,0.1,20,G2-small15_e10_r020,0.6060606060606061,0.9090909090909091,0.13666666666666666
G2-small15,0.2,20,G2-small15_e20_r020,0.5211864406779662,0.8728813559322034,0.21333333333333335
G2-small15,0.3,20,G2-small15_e30_r020,0.509090909090909,0.9,0.26666666666666666
G1-small20,0.0,21,G1-small20_e00_r021,0.5633333333333334,0.9066666666666666,0.043333333333333335
G1-small20,0.1,21,G1-small20_e10_r021,0.9060150375939849,0.9060150375939849,0.11666666666666667
G1-small20,0.2,21,G1-small20_e20_r021,0.933920704845815,0.933920704845815,0.24666666666666667
G1-small20,0.3,21,G1-small20_e30_r021,0.547945205479452,0.547945205479452,0.35
G2-small15,0.0,21,G2-small15_e00_r021,0.5166666666666667,0.93,0.02
G2-small15,0.1,21,G2-small15_e10_r021,0.5468164794007491,0.898876404494382,0.13333333333333333
G2-small15,0.2,21,G2-small15_e20_r021,0.5020408163265306,0.8979591836734694,0.18333333333333332
G2-small15,0.3,21,G2-small15_e30_r021,0.6904761904761905,0.6904761904761905,0.3333333333333333
G1-small20,0.0,22,G1-small20_e00_r022,0.8966666666666666,0.8966666666666666,0.03333333333333333
G1-small20,0.1,22,G1-small20_e10_r022,0.5795454545454546,0.5795454545454546,0.12666666666666668
G1-small20,0.2,22,G1-small20_e20_r022,0.9128630705394191,0.9128630705394191,0.19666666666666666
G1-small20,0.3,22,G1-small20_e30_r022,0.5633802816901409,0.5633802816901409,0.3333333333333333
G2-small15,0.0,22,G2-small15_e00_r022,0.5266666666666666,0.8933333333333333,0.04666666666666667
G2-small15,0.1,22,G2-small15_e10_r022,0.5179856115107914,0.920863309352518,0.07666666666666666
G2-small15,0.2,22,G2-small15_e20_r022,0.5844155844155844,0.5844155844155844,0.31666666666666665
G2-small15,0.3,22,G2-small15_e30_r022,0.541871921182266,0.541871921182266,0.36666666666666664
G1-small20,0.0,23,G1-small20_e00_r023,0.54,0.94,0.013333333333333334
G1-small20,0.1,23,G1-small20_e10_r023,0.9296296296296296,0.9296296296296296,0.12
G1-small20,0.2,23,G1-small20_e20_r023,0.5901639344262295,0.9262295081967213,0.18666666666666668
G1-small20,0.3,23,G1-small20_e30_r023,0.5141509433962265,0.5141509433962265,0.36
G2-small15,0.0,23,G2-small15_e00_r023,0.5066666666666667,0.93,0.02
G2-small15,0.1,23,G2-small15_e10_r023,0.608058608058608,0.9047619047619048,0.10666666666666667
G2-small15,0.2,23,G2-small15_e20_r023,0.6063348416289592,0.918552036199095,0.2633333333333333
G2-small15,0.3,23,G2-small15_e30_r023,0.8591549295774648,0.8591549295774648,0.19
G1-small20,0.0,24,G1-small20_e00_r024,0.5933333333333334,0.8933333333333333,0.02666666666666667
G1-small20,0.1,24,G1-small20_e10_r024,0.5018867924528302,0.8603773584905661,0.13333333333333333
G1-small20,0.2,24,G1-small20_e20_r024,0.5443548387096774,0.5443548387096774,0.20333333333333334
G1-small20,0.3,24,G1-small20_e30_r024,0.5225225225225225,0.8963963963963963,0.26
G2-small15,0.0,24,G2-small15_e00_r024,0.9033333333333333,0.9033333333333333,0.016666666666666666
G2-small15,0.1,24,G2-small15_e10_r024,0.6174242424242424,0.9053030303030303,0.13
G2-small15,0.2,24,G2-small15_e20_r024,0.5477178423236515,0.9004149377593361,0.2
G2-small15,0.3,24,G2-small15_e30_r024,0.5162790697674419,0.5162790697674419,0.32666666666666666
G1-small20,0.0,25,G1-small20_e00_r025,0.5066666666666667,0.9166666666666666,0.0033333333333333335
G1-small20,0.1,25,G1-small20_e10_r025,0.8985507246376812,0.8985507246376812,0.08333333333333333
G1-small20,0.2,25,G1-small20_e20_r025,0.5,0.9194915254237288,0.21666666666666667
G1-small20,0.3,25,G1-small20_e30_r025,0.8873239436619719,0.8873239436619719,0.29
G2-small15,0.0,25,G2-small15_e00_r025,0.5533333333333333,0.9066666666666666,0.013333333333333334
G2-small15,0.1,25,G2-small15_e10_r025,0.5243445692883895,0.8951310861423221,0.13666666666666666
G2-small15,0.2,25,G2-small15_e20_r025,0.5169491525423728,0.9194915254237288,0.21333333333333335
G2-small15,0.3,25,G2-small15_e30_r025,0.6172248803827751,0.6172248803827751,0.36666666666666664
G1-small20,0.0,26,G1-small20_e00_r026,0.8933333333333333,0.8933333333333333,0.006666666666666667
G1-small20,0.1,26,G1-small20_e10_r026,0.9173228346456693,0.9173228346456693,0.15333333333333332
G1-small20,0.2,26,G1-small20_e20_r026,0.9045643153526971,0.9045643153526971,0.2
G1-small20,0.3,26,G1-small20_e30_r026,0.5700483091787439,0.5700483091787439,0.36666666666666664
G2-small15,0.0,26,G2-small15_e00_r026,0.5233333333333333,0.9033333333333333,0.04666666666666667
G2-small15,0.1,26,G2-small15_e10_r026,0.5378787878787878,0.9318181818181818,0.12
G2-small15,0.2,26,G2-small15_e20_r026,0.5984251968503937,0.9409448818897638,0.15666666666666668
G2-small15,0.3,26,G2-small15_e30_r026,0.8373205741626795,0.8373205741626795,0.17666666666666667
G1-small20,0.0,27,G1-small20_e00_r027,0.92,0.92,0.006666666666666667
G1-small20,0.1,27,G1-small20_e10_r027,0.9132075471698113,0.9132075471698113,0.11666666666666667
G1-small20,0.2,27,G1-small20_e20_r027,0.5903614457831325,0.9196787148594378,0.17333333333333334
G1-small20,0.3,27,G1-small20_e30_r027,0.8888888888888888,0.8888888888888888,0.31
G2-small15,0.0,27,G2-small15_e00_r027,0.56,0.9133333333333333,0.03333333333333333
G2-small15,0.1,27,G2-small15_e10_r027,0.5110294117647058,0.9154411764705882,0.11
G2-small15,0.2,27,G2-small15_e20_r027,0.8874458874458875,0.8874458874458875,0.23
G2-small15,0.3,27,G2-small15_e30_r027,0.7980295566502463,0.7980295566502463,0.21333333333333335
G1-small20,0.0,28,G1-small20_e00_r028,0.6266666666666667,0.9133333333333333,0.016666666666666666
G1-small20,0.1,28,G1-small20_e10_r028,0.9233576642335767,0.9233576642335767,0.09333333333333334
G1-small20,0.2,28,G1-small20_e20_r028,0.522633744855967,0.9218106995884774,0.19333333333333333
G1-small20,0.3,28,G1-small20_e30_r028,0.5476190476190477,0.5476190476190477,0.39666666666666667
G2-small15,0.0,28,G2-small15_e00_r028,0.5266666666666666,0.92,0.03666666666666667
G2-small15,0.1,28,G2-small15_e10_r028,0.9044117647058824,0.9044117647058824,0.10666666666666667
G2-small15,0.2,28,G2-small15_e20_r028,0.5,0.9102564102564102,0.22
G2-small15,0.3,28,G2-small15_e30_r028,0.5164319248826291,0.5164319248826291,0.3566666666666667
G1-small20,0.0,29,G1-small20_e00_r029,0.87,0.87,0.05
G1-small20,0.1,29,G1-small20_e10_r029,0.8847583643122676,0.8847583643122676,0.11333333333333333
G1-small20,0.2,29,G1-small20_e20_r029,0.8991596638655462,0.8991596638655462,0.20666666666666667
G1-small20,0.3,29,G1-small20_e30_r029,0.5136363636363637,0.5136363636363637,0.35333333333333333
G2-small15,0.0,29,G2-small15_e00_r029,0.5166666666666667,0.9233333333333333,0.03666666666666667
G2-small15,0.1,29,G2-small15_e10_r029,0.5018181818181818,0.8872727272727273,0.11666666666666667
G2-small15,0.2,29,G2-small15_e20_r029,0.9029535864978903,0.9029535864978903,0.21333333333333335
G2-small15,0.3,29,G2-small15_e30_r029,0.5441176470588235,0.5441176470588235,0.37666666666666665
G1-small20,0.0,30,G1-small20_e00_r030,0.91,0.91,0.03
G1-small20,0.1,30,G1-small20_e10_r030,0.5298507462686567,0.9216417910447762,0.10666666666666667
G1-small20,0.2,30,G1-small20_e20_r030,0.5569620253164557,0.9156118143459916,0.21
G1-small20,0.3,30,G1-small20_e30_r030,0.5480769230769231,0.5480769230769231,0.37
G2-small15,0.0,30,G2-small15_e00_r030,0.6466666666666666,0.9033333333333333,0.03333333333333333
G2-small15,0.1,30,G2-small15_e10_r030,0.5519713261648745,0.9283154121863799,0.07666666666666666
G2-small15,0.2,30,G2-small15_e20_r030,0.572,0.916,0.16666666666666666
G2-small15,0.3,30,G2-small15_e30_r030,0.624390243902439,0.624390243902439,0.36666666666666664
G1-small20,0.0,31,G1-small20_e00_r031,0.8966666666666666,0.8966666666666666,0.01
G1-small20,0.1,31,G1-small20_e10_r031,0.6581818181818182,0.92,0.09
G1-small20,0.2,31,G1-small20_e20_r031,0.9288702928870293,0.9288702928870293,0.21
G1-small20,0.3,31,G1-small20_e30_r031,0.5607476635514018,0.5607476635514018,0.34
G2-small15,0.0,31,G2-small15_e00_r031,0.5366666666666666,0.9233333333333333,0.016666666666666666
G2-small15,0.1,31,G2-small15_e10_r031,0.5037593984962406,0.9097744360902256,0.12
G2-small15,0.2,31,G2-small15_e20_r031,0.75,0.75,0.22666666666666666
G2-small15,0.3,31,G2-small15_e30_r031,0.5253456221198156,0.5253456221198156,0.3466666666666667
G1-small20,0.0,32,G1-small20_e00_r032,0.58,0.9233333333333333,0.016666666666666666
G1-small20,0.1,32,G1-small20_e10_r032,0.8745387453874539,0.8745387453874539,0.1
G1-small20,0.2,32,G1-small20_e20_r032,0.9102040816326531,0.9102040816326531,0.18333333333333332
G1-small20,0.3,32,G1-small20_e30_r032,0.5023474178403756,0.5023474178403756,0.36666666666666664
G2-small15,0.0,32,G2-small15_e00_r032,0.5266666666666666,0.9166666666666666,0.02
G2-small15,0.1,32,G2-small15_e10_r032,0.51985559566787,0.8880866425992779,0.12
G2-small15,0.2,32,G2-small15_e20_r032,0.5378151260504201,0.9117647058823529,0.20666666666666667
G2-small15,0.3,32,G2-small15_e30_r032,0.616504854368932,0.616504854368932,0.3566666666666667
G1-small20,0.0,33,G1-small20_e00_r033,0.8933333333333333,0.8933333333333333,0.013333333333333334
G1-small20,0.1,33,G1-small20_e10_r033,0.9157509157509157,0.9157509157509157,0.09666666666666666
G1-small20,0.2,33,G1-small20_e20_r033,0.576271186440678,0.923728813559322,0.22333333333333333
G1-small20,0.3,33,G1-small20_e30_r033,0.824390243902439,0.824390243902439,0.24333333333333335
G2-small15,0.0,33,G2-small15_e00_r033,0.5066666666666667,0.9233333333333333,0.01
G2-small15,0.1,33,G2-small15_e10_r033,0.5166051660516605,0.9114391143911439,0.12
G2-small15,0.2,33,G2-small15_e20_r033,0.5042372881355932,0.902542372881356,0.21333333333333335
G2-small15,0.3,33,G2-small15_e30_r033,0.8309178743961353,0.8309178743961353,0.18666666666666668
G1-small20,0.0,34,G1-small20_e00_r034,0.9133333333333333,0.9133333333333333,0.02666666666666667
G1-small20,0.1,34,G1-small20_e10_r034,0.9068100358422939,0.9068100358422939,0.07333333333333333
G1-small20,0.2,34,G1-small20_e20_r034,0.5145228215767634,0.9004149377593361,0.19666666666666666
G1-small20,0.3,34,G1-small20_e30_r034,0.9,0.9,0.26666666666666666
G2-small15,0.0,34,G2-small15_e00_r034,0.5466666666666666,0.9133333333333333,0.016666666666666666
G2-small15,0.1,34,G2-small15_e10_r034,0.5251798561151079,0.9100719424460432,0.08666666666666667
G2-small15,0.2,34,G2-small15_e20_r034,0.9116465863453815,0.9116465863453815,0.17333333333333334
G2-small15,0.3,34,G2-small15_e30_r034,0.5606060606060606,0.5606060606060606,0.3933333333333333
G1-small20,0.0,35,G1-small20_e00_r035,0.5233333333333333,0.9266666666666666,0.0
G1-small20,0.1,35,G1-small20_e10_r035,0.940959409594096,0.940959409594096,0.10333333333333333
G1-small20,0.2,35,G1-small20_e20_r035,0.5079365079365079,0.9246031746031746,0.17333333333333334
G1-small20,0.3,35,G1-small20_e30_r035,0.6119402985074627,0.6119402985074627,0.35333333333333333
G2-small15,0.0,35,G2-small15_e00_r035,0.9066666666666666,0.9066666666666666,0.05
G2-small15,0.1,35,G2-small15_e10_r035,0.5090252707581228,0.9314079422382672,0.08333333333333333
G2-small15,0.2,35,G2-small15_e20_r035,0.5349794238683128,0.8888888888888888,0.19666666666666666
G2-small15,0.3,35,G2-small15_e30_r035,0.8872549019607843,0.8872549019607843,0.19666666666666666
G1-small20,0.0,36,G1-small20_e00_r036,0.51,0.9233333333333333,0.01
G1-small20,0.1,36,G1-small20_e10_r036,0.915129151291513,0.915129151291513,0.1
G1-small20,0.2,36,G1-small20_e20_r036,0.5702127659574469,0.9361702127659575,0.21666666666666667
G1-small20,0.3,36,G1-small20_e30_r036,0.8990384615384616,0.8990384615384616,0.30666666666666664
G2-small15,0.0,36,G2-small15_e00_r036,0.9033333333333333,0.9033333333333333,0.02
G2-small15,0.1,36,G2-small15_e10_r036,0.6142322097378277,0.9138576779026217,0.11666666666666667
G2-small15,0.2,36,G2-small15_e20_r036,0.5555555555555556,0.9053497942386831,0.2
G2-small15,0.3,36,G2-small15_e30_r036,0.8140703517587939,0.8140703517587939,0.22
G1-small20,0.0,37,G1-small20_e00_r037,0.9033333333333333,0.9033333333333333,0.023333333333333334
G1-small20,0.1,37,G1-small20_e10_r037,0.9520295202952029,0.9520295202952029,0.09666666666666666
G1-small20,0.2,37,G1-small20_e20_r037,0.5897435897435898,0.9102564102564102,0.23
G1-small20,0.3,37,G1-small20_e30_r037,0.9571428571428572,0.9571428571428572,0.30333333333333334
G2-small15,0.0,37,G2-small15_e00_r037,0.56,0.9066666666666666,0.04666666666666667
G2-small15,0.1,37,G2-small15_e10_r037,0.50187265917603,0.50187265917603,0.20333333333333334
G2-small15,0.2,37,G2-small15_e20_r037,0.5081967213114754,0.9016393442622951,0.18666666666666668
G2-small15,0.3,37,G2-small15_e30_r037,0.5219512195121951,0.5219512195121951,0.36333333333333334
G1-small20,0.0,38,G1-small20_e00_r038,0.9266666666666666,0.9266666666666666,0.016666666666666666
G1-small20,0.1,38,G1-small20_e10_r038,0.5092250922509225,0.922509225092251,0.1
G1-small20,0.2,38,G1-small20_e20_r038,0.9016393442622951,0.9016393442622951,0.19
G1-small20,0.3,38,G1-small20_e30_r038,0.7783251231527094,0.7783251231527094,0.20333333333333334
G2-small15,0.0,38,G2-small15_e00_r038,0.9233333333333333,0.9233333333333333,0.03
G2-small15,0.1,38,G2-small15_e10_r038,0.5661764705882353,0.9375,0.1
G2-small15,0.2,38,G2-small15_e20_r038,0.5165289256198347,0.8966942148760331,0.19333333333333333
G2-small15,0.3,38,G2-small15_e30_r038,0.535,0.535,0.38333333333333336
G1-small20,0.0,39,G1-small20_e00_r039,0.9166666666666666,0.9166666666666666,0.023333333333333334
G1-small20,0.1,39,G1-small20_e10_r039,0.9227941176470589,0.9227941176470589,0.10666666666666667
G1-small20,0.2,39,G1-small20_e20_r039,0.5147679324894515,0.9029535864978903,0.21666666666666667
G1-small20,0.3,39,G1-small20_e30_r039,0.9041095890410958,0.9041095890410958,0.2733333333333333
G2-small15,0.0,39,G2-small15_e00_r039,0.5633333333333334,0.92,0.006666666666666667
G2-small15,0.1,39,G2-small15_e10_r039,0.9274809160305344,0.9274809160305344,0.13666666666666666
G2-small15,0.2,39,G2-small15_e20_r039,0.5042016806722689,0.8697478991596639,0.20666666666666667
G2-small15,0.3,39,G2-small15_e30_r039,0.6139534883720931,0.6139534883720931,0.3433333333333333
G1-small20,0.0,40,G1-small20_e00_r040,0.5266666666666666,0.8633333333333333,0.023333333333333334
G1-small20,0.1,40,G1-small20_e10_r040,0.9191176470588235,0.9191176470588235,0.1
G1-small20,0.2,40,G1-small20_e20_r040,0.9362549800796812,0.9362549800796812,0.17
G1-small20,0.3,40,G1-small20_e30_r040,0.7560975609756098,0.7560975609756098,0.22
G2-small15,0.0,40,G2-small15_e00_r040,0.5433333333333333,0.9133333333333333,0.023333333333333334
G2-small15,0.1,40,G2-small15_e10_r040,0.5464684014869888,0.8996282527881041,0.11666666666666667
G2-small15,0.2,40,G2-small15_e20_r040,0.6322314049586777,0.8760330578512396,0.19666666666666666
G2-small15,0.3,40,G2-small15_e30_r040,0.8853211009174312,0.8853211009174312,0.2733333333333333
G1-small20,0.0,41,G1-small20_e00_r041,0.9233333333333333,0.9233333333333333,0.03666666666666667
G1-small20,0.1,41,G1-small20_e10_r041,0.9026217228464419,0.9026217228464419,0.11
G1-small20,0.2,41,G1-small20_e20_r041,0.9190283400809717,0.9190283400809717,0.18333333333333332
G1-small20,0.3,41,G1-small20_e30_r041,0.8888888888888888,0.8888888888888888,0.31
G2-small15,0.0,41,G2-small15_e00_r041,0.53,0.88,0.06666666666666667
G2-small15,0.1,41,G2-small15_e10_r041,0.518796992481203,0.9022556390977443,0.11333333333333333
G2-small15,0.2,41,G2-small15_e20_r041,0.5240174672489083,0.5240174672489083,0.2866666666666667
G2-small15,0.3,41,G2-small15_e30_r041,0.52,0.9333333333333333,0.24666666666666667
G1-small20,0.0,42,G1-small20_e00_r042,0.9,0.9,0.02
G1-small20,0.1,42,G1-small20_e10_r042,0.503731343283582,0.8992537313432836,0.12
G1-small20,0.2,42,G1-small20_e20_r042,0.5416666666666666,0.9041666666666667,0.20333333333333334
G1-small20,0.3,42,G1-small20_e30_r042,0.5436893203883495,0.5436893203883495,0.38666666666666666
G2-small15,0.0,42,G2-small15_e00_r042,0.55,0.8666666666666667,0.04
G2-small15,0.1,42,G2-small15_e10_r042,0.5572519083969466,0.9007633587786259,0.13666666666666666
G2-small15,0.2,42,G2-small15_e20_r042,0.5870445344129555,0.8987854251012146,0.17666666666666667
G2-small15,0.3,42,G2-small15_e30_r042,0.5685279187817259,0.5685279187817259,0.4033333333333333
G1-small20,0.0,43,G1-small20_e00_r043,0.5533333333333333,0.93,0.006666666666666667
G1-small20,0.1,43,G1-small20_e10_r043,0.5074074074074074,0.8777777777777778,0.10666666666666667
G1-small20,0.2,43,G1-small20_e20_r043,0.9356223175965666,0.9356223175965666,0.22333333333333333
G1-small20,0.3,43,G1-small20_e30_r043,0.6192660550458715,0.6192660550458715,0.3466666666666667
G2-small15,0.0,43,G2-small15_e00_r043,0.5533333333333333,0.8866666666666667,0.023333333333333334
G2-small15,0.1,43,G2-small15_e10_r043,0.5129151291512916,0.9077490774907749,0.12
G2-small15,0.2,43,G2-small15_e20_r043,0.5461847389558233,0.927710843373494,0.17333333333333334
G2-small15,0.3,43,G2-small15_e30_r043,0.6126126126126126,0.6126126126126126,0.31
G1-small20,0.0,44,G1-small20_e00_r044,0.5266666666666666,0.8933333333333333,0.0
G1-small20,0.1,44,G1-small20_e10_r044,0.9014598540145985,0.9014598540145985,0.08666666666666667
G1-small20,0.2,44,G1-small20_e20_r044,0.5443037974683544,0.9240506329113924,0.21
G1-small20,0.3,44,G1-small20_e30_r044,0.9227053140096618,0.9227053140096618,0.31
G2-small15,0.0,44,G2-small15_e00_r044,0.5166666666666667,0.9333333333333333,0.02666666666666667
G2-small15,0.1,44,G2-small15_e10_r044,0.9163636363636364,0.9163636363636364,0.09333333333333334
G2-small15,0.2,44,G2-small15_e20_r044,0.5546875,0.9375,0.15333333333333332
G2-small15,0.3,44,G2-small15_e30_r044,0.6438356164383562,0.6438356164383562,0.30666666666666664
G1-small20,0.0,45,G1-small20_e00_r045,0.51,0.8966666666666666,0.02
G1-small20,0.1,45,G1-small20_e10_r045,0.9049429657794676,0.9049429657794676,0.12666666666666668
G1-small20,0.2,45,G1-small20_e20_r045,0.9156118143459916,0.9156118143459916,0.21
G1-small20,0.3,45,G1-small20_e30_r045,0.6555023923444976,0.6555023923444976,0.33
G2-small15,0.0,45,G2-small15_e00_r045,0.5166666666666667,0.9066666666666666,0.02
G2-small15,0.1,45,G2-small15_e10_r045,0.5018181818181818,0.8909090909090909,0.08666666666666667
G2-small15,0.2,45,G2-small15_e20_r045,0.5914893617021276,0.9063829787234042,0.21666666666666667
G2-small15,0.3,45,G2-small15_e30_r045,0.8341232227488151,0.8341232227488151,0.18
G1-small20,0.0,46,G1-small20_e00_r046,0.5333333333333333,0.8833333333333333,0.01
G1-small20,0.1,46,G1-small20_e10_r046,0.9003690036900369,0.9003690036900369,0.09666666666666666
G1-small20,0.2,46,G1-small20_e20_r046,0.9076305220883534,0.9076305220883534,0.17333333333333334
G1-small20,0.3,46,G1-small20_e30_r046,0.6039603960396039,0.6039603960396039,0.36333333333333334
G2-small15,0.0,46,G2-small15_e00_r046,0.5466666666666666,0.9133333333333333,0.01
G2-small15,0.1,46,G2-small15_e10_r046,0.501779359430605,0.9181494661921709,0.07333333333333333
G2-small15,0.2,46,G2-small15_e20_r046,0.5910931174089069,0.8704453441295547,0.17666666666666667
G2-small15,0.3,46,G2-small15_e30_r046,0.5395348837209303,0.5395348837209303,0.35
G1-small20,0.0,47,G1-small20_e00_r047,0.95,0.95,0.02
G1-small20,0.1,47,G1-small20_e10_r047,0.9101123595505618,0.9101123595505618,0.11666666666666667
G1-small20,0.2,47,G1-small20_e20_r047,0.9142857142857143,0.9142857142857143,0.19
G1-small20,0.3,47,G1-small20_e30_r047,0.5545023696682464,0.5545023696682464,0.38
G2-small15,0.0,47,G2-small15_e00_r047,0.51,0.9266666666666666,0.023333333333333334
G2-small15,0.1,47,G2-small15_e10_r047,0.9384615384615385,0.9384615384615385,0.14666666666666667
G2-small15,0.2,47,G2-small15_e20_r047,0.5901639344262295,0.9221311475409836,0.19
G2-small15,0.3,47,G2-small15_e30_r047,0.5384615384615384,0.8125,0.19666666666666666
G1-small20,0.0,48,G1-small20_e00_r048,0.63,0.93,0.013333333333333334
G1-small20,0.1,48,G1-small20_e10_r048,0.900709219858156,0.900709219858156,0.06333333333333334
G1-small20,0.2,48,G1-small20_e20_r048,0.8982300884955752,0.8982300884955752,0.25333333333333335
G1-small20,0.3,48,G1-small20_e30_r048,0.6153846153846154,0.6153846153846154,0.37
G2-small15,0.0,48,G2-small15_e00_r048,0.52,0.8933333333333333,0.03
G2-small15,0.1,48,G2-small15_e10_r048,0.9063670411985019,0.9063670411985019,0.13666666666666666
G2-small15,0.2,48,G2-small15_e20_r048,0.5298804780876494,0.9083665338645418,0.16333333333333333
G2-small15,0.3,48,G2-small15_e30_r048,0.848780487804878,0.848780487804878,0.20333333333333334
G1-small20,0.0,49,G1-small20_e00_r049,0.9066666666666666,0.9066666666666666,0.03
G1-small20,0.1,49,G1-small20_e10_r049,0.5703703703703704,0.5703703703703704,0.13
G1-small20,0.2,49,G1-small20_e20_r049,0.91701244813278,0.91701244813278,0.19666666666666666
G1-small20,0.3,49,G1-small20_e30_r049,0.9154929577464789,0.9154929577464789,0.29
G2-small15,0.0,49,G2-small15_e00_r049,0.6,0.9033333333333333,0.04
G2-small15,0.1,49,G2-small15_e10_r049,0.6231343283582089,0.8955223880597015,0.12333333333333334
G2-small15,0.2,49,G2-small15_e20_r049,0.5541125541125541,0.9090909090909091,0.23
G2-small15,0.3,49,G2-small15_e30_r049,0.5023474178403756,0.5023474178403756,0.38333333333333336
