"unit","method","time","alpha_hat","b1","b2","b3","b4","b5","b6","b7","b8","b9","b10","b11","b12"
"G1-small20_e00_r041","tcwm(0.05)",4.804,0.05,0.382204753675218,1.74116332364547,0.00870562783830414,-1.47129155289621,NA,NA,NA,NA,NA,NA,NA,NA
"G1-small20_e00_r041","TLE(0.05)",2.026,0.05,-0.379135150222737,1.47103841703225,-0.0199219259944067,-1.4664736024966,NA,NA,NA,NA,NA,NA,NA,NA
"G1-small20_e00_r041","tcwm(0.10)",4.683,0.1,-2.39826826212127,-2.30470611203677,0.0785146000839856,-1.51189590896582,NA,NA,NA,NA,NA,NA,NA,NA
"G1-small20_e00_r041","TLE(0.10)",13.316,0.1,-0.0123785790448139,-1.46636695909392,-0.521709621314427,1.44996173208753,NA,NA,NA,NA,NA,NA,NA,NA
"G1-small20_e00_r041","tcwm(0.15)",4.441,0.15,-0.389874311079894,-1.61359511149166,0.0924127939941003,-1.51846254653018,NA,NA,NA,NA,NA,NA,NA,NA
"G1-small20_e00_r041","TLE(0.15)",14.033,0.15,0.00461940142479873,-1.46582189537785,-0.556307708895845,1.34835843658828,NA,NA,NA,NA,NA,NA,NA,NA
"G1-small20_e00_r041","tcwm(0.25)",4.242,0.25,-0.209104478863666,-1.53674428431403,0.117210774944425,-1.62273269580877,NA,NA,NA,NA,NA,NA,NA,NA
"G1-small20_e00_r041","TLE(0.25)",21.722,0.25,-0.0243387457695253,-1.25095246653291,0.0583452430974179,-1.71230966441493,NA,NA,NA,NA,NA,NA,NA,NA
"G1-small20_e00_r041","tcwm(0.40)",4.312,0.4,-0.46404085386298,-1.70060493385533,0.261577060291641,-1.667398566667,NA,NA,NA,NA,NA,NA,NA,NA
"G1-small20_e00_r041","TLE(0.40)",13.757,0.4,-0.0720598662144844,-1.51906187199688,-0.0604147918464362,-1.52559568279284,NA,NA,NA,NA,NA,NA,NA,NA
"G1-small20_e00_r041","CTLE",35.116,NA,NA,NA,NA,NA,NA,NA,NA,NA,NA,NA,NA,NA
"G1-small20_e00_r041","bisq",4.818,0,-0.0175316167904968,-1.47543242916631,-0.236414575350118,1.42162288824059,NA,NA,NA,NA,NA,NA,NA,NA
"G1-small20_e10_r041","tcwm(0.05)",4.46800000000002,0.05,0.124585678611715,-1.0970310788812,11.037276894351,3.7759257727693,NA,NA,NA,NA,NA,NA,NA,NA
"G1-small20_e10_r041","TLE(0.05)",10.804,0.05,-0.0613945467677592,-1.53359489724377,0.773902426930328,2.16705774684527,NA,NA,NA,NA,NA,NA,NA,NA
"G1-small20_e10_r041","tcwm(0.10)",4.39700000000002,0.1,-0.0506360266451054,-1.55540352149977,-0.207505795553026,1.88377783133262,NA,NA,NA,NA,NA,NA,NA,NA
"G1-small20_e10_r041","TLE(0.10)",11.569,0.1,-0.183348710251839,1.8346820537392,-0.0531274209028979,-1.55771019703849,NA,NA,NA,NA,NA,NA,NA,NA
"G1-small20_e10_r041","tcwm(0.15)",4.34299999999999,0.15,-0.0510256910037928,-1.55293850971598,-0.0202904081439661,1.26364525198154,NA,NA,NA,NA,NA,NA,NA,NA
"G1-small20_e10_r041","TLE(0.15)",7.51500000000001,0.15,-0.0436865810220656,-1.55560766550649,-0.0292444180966257,1.39460800063574,NA,NA,NA,NA,NA,NA,NA,NA
"G1-small20_e10_r041","tcwm(0.25)",4.29900000000001,0.25,-0.292677965475258,-1.4056042333405,-0.269896873841872,-1.69449450510836,NA,NA,NA,NA,NA,NA,NA,NA
"G1-small20_e10_r041","TLE(0.25)",29.069,0.25,-0.819367126969519,-1.5171986781225,0.604402879302065,-1.5916842496407,NA,NA,NA,NA,NA,NA,NA,NA
"G1-small20_e10_r041","tcwm(0.40)",4.29900000000001,0.4,-0.57521870695947,-1.22282612731464,-0.280690312774355,-1.53254191351123,NA,NA,NA,NA,NA,NA,NA,NA
"G1-small20_e10_r041","TLE(0.40)",27.859,0.4,-0.215762712932594,-1.48707599950991,-0.22040347290247,-1.46479099558841,NA,NA,NA,NA,NA,NA,NA,NA
"G1-small20_e10_r041","CTLE",15.756,0.11,-0.0400539381991261,-1.56124266961567,0.0722090487486501,1.57305014868501,NA,NA,NA,NA,NA,NA,NA,NA
"G1-small20_e10_r041","bisq",5.29499999999999,0,-0.0887714670512886,-1.55816413729984,0.18190233958144,1.2722566114756,NA,NA,NA,NA,NA,NA,NA,NA
"G1-small20_e20_r041","tcwm(0.05)",4.52199999999999,0.05,10.1363310487632,5.98510304308882,0.0440592982971876,-0.867490420121966,NA,NA,NA,NA,NA,NA,NA,NA
"G1-small20_e20_r041","TLE(0.05)",13.406,0.05,1.51761597559629,2.85195370540185,-0.10452054498058,-1.46731308967768,NA,NA,NA,NA,NA,NA,NA,NA
"G1-small20_e20_r041","tcwm(0.10)",4.46999999999997,0.1,17.805968343671,3.64669460402949,-0.0468140296494619,-0.800321117428392,NA,NA,NA,NA,NA,NA,NA,NA
"G1-small20_e20_r041","TLE(0.10)",12.329,0.1,-0.10223435830122,-1.47198702098148,0.578255712922749,3.13790432258167,NA,NA,NA,NA,NA,NA,NA,NA
"G1-small20_e20_r041","tcwm(0.15)",4.339,0.15,2.29312385228785,1.82632857681407,-0.0970494581359196,-1.43555685467299,NA,NA,NA,NA,NA,NA,NA,NA
"G1-small20_e20_r041","TLE(0.15)",10.775,0.15,1.79029943613494,1.52818426879613,-0.105826871726617,-1.48497653631959,NA,NA,NA,NA,NA,NA,NA,NA
"G1-small20_e20_r041","tcwm(0.25)",4.25799999999998,0.25,-0.0968977147835984,1.37436932344003,-0.126071808949563,-1.51551219715861,NA,NA,NA,NA,NA,NA,NA,NA
"G1-small20_e20_r041","TLE(0.25)",2.23700000000002,0.25,-0.104126760966047,-1.48745424753546,-0.356101526219753,1.4895685349921,NA,NA,NA,NA,NA,NA,NA,NA
"G1-small20_e20_r041","tcwm(0.40)",4.23099999999999,0.4,-0.242786586676875,-1.49609906542468,0.0496278709591853,-1.46767346893093,NA,NA,NA,NA,NA,NA,NA,NA
"G1-small20_e20_r041","TLE(0.40)",27.275,0.4,-0.27090541315784,-1.95403345089027,-0.0267896719929432,-1.37256706497464,NA,NA,NA,NA,NA,NA,NA,NA
"G1-small20_e20_r041","CTLE",8.298,0.01,0.762471954454793,1.25148170757181,-0.115524306786286,-1.48912184305736,NA,NA,NA,NA,NA,NA,NA,NA
"G1-small20_e20_r041","bisq",7.50900000000001,0,0.671288995796867,1.59470621524363,-0.101278624127793,-1.48582810463721,NA,NA,NA,NA,NA,NA,NA,NA
