design,eps,rep,method,acc,acc_rec
G1-small20,0.0,0,TCR(0.25)+rw,0.6666666666666666,0.92
G1-small20,0.0,0,TCR(0.40)+rw,0.5666666666666667,0.92
G1-small20,0.1,0,TCR(0.25)+rw,0.9433962264150944,0.9433962264150944
G1-small20,0.1,0,TCR(0.40)+rw,0.5849056603773585,0.9547169811320755
G1-small20,0.2,0,TCR(0.25)+rw,0.9113924050632911,0.9113924050632911
G1-small20,0.2,0,TCR(0.40)+rw,0.9113924050632911,0.9113924050632911
G1-small20,0.3,0,TCR(0.25)+rw,0.8868778280542986,0.8868778280542986
G1-small20,0.3,0,TCR(0.40)+rw,0.8823529411764706,0.8823529411764706
G2-small15,0.0,0,TCR(0.25)+rw,0.5633333333333334,0.94
G2-small15,0.0,0,TCR(0.40)+rw,0.6,0.94
G2-small15,0.1,0,TCR(0.25)+rw,0.924812030075188,0.924812030075188
G2-small15,0.1,0,TCR(0.40)+rw,0.6090225563909775,0.924812030075188
G2-small15,0.2,0,TCR(0.25)+rw,0.8917748917748918,0.8917748917748918
G2-small15,0.2,0,TCR(0.40)+rw,0.6103896103896104,0.8917748917748918
G2-small15,0.3,0,TCR(0.25)+rw,0.8918918918918919,0.8918918918918919
G2-small15,0.3,0,TCR(0.40)+rw,0.6126126126126126,0.6126126126126126
G3-cluster,0.0,0,TCR(0.25)+rw,0.9033333333333333,0.9033333333333333
G3-cluster,0.0,0,TCR(0.40)+rw,0.9033333333333333,0.9033333333333333
G3-cluster,0.1,0,TCR(0.25)+rw,0.8920863309352518,0.8920863309352518
G3-cluster,0.1,0,TCR(0.40)+rw,0.89568345323741,0.89568345323741
G3-cluster,0.2,0,TCR(0.25)+rw,0.8983739837398373,0.8983739837398373
G3-cluster,0.2,0,TCR(0.40)+rw,0.9024390243902439,0.9024390243902439
G3-cluster,0.3,0,TCR(0.25)+rw,0.5078534031413613,0.5078534031413613
G3-cluster,0.3,0,TCR(0.40)+rw,0.5078534031413613,0.5078534031413613
G1-small20,0.0,1,TCR(0.25)+rw,0.64,0.9233333333333333
G1-small20,0.0,1,TCR(0.40)+rw,0.54,0.9233333333333333
G1-small20,0.1,1,TCR(0.25)+rw,0.9067164179104478,0.9067164179104478
G1-small20,0.1,1,TCR(0.40)+rw,0.6828358208955224,0.9067164179104478
G1-small20,0.2,1,TCR(0.25)+rw,0.9387755102040817,0.9387755102040817
G1-small20,0.2,1,TCR(0.40)+rw,0.5755102040816327,0.9306122448979591
G1-small20,0.3,1,TCR(0.25)+rw,0.8155339805825242,0.8155339805825242
G1-small20,0.3,1,TCR(0.40)+rw,0.8786407766990292,0.8786407766990292
G2-small15,0.0,1,TCR(0.25)+rw,0.5533333333333333,0.8933333333333333
G2-small15,0.0,1,TCR(0.40)+rw,0.53,0.8933333333333333
G2-small15,0.1,1,TCR(0.25)+rw,0.56,0.9236363636363636
G2-small15,0.1,1,TCR(0.40)+rw,0.5709090909090909,0.9236363636363636
G2-small15,0.2,1,TCR(0.25)+rw,0.9043478260869565,0.9043478260869565
G2-small15,0.2,1,TCR(0.40)+rw,0.9,0.9
G2-small15,0.3,1,TCR(0.25)+rw,0.855,0.855
G2-small15,0.3,1,TCR(0.40)+rw,0.85,0.85
G3-cluster,0.0,1,TCR(0.25)+rw,0.9266666666666666,0.9266666666666666
G3-cluster,0.0,1,TCR(0.40)+rw,0.9266666666666666,0.9266666666666666
G3-cluster,0.1,1,TCR(0.25)+rw,0.9222222222222223,0.9222222222222223
G3-cluster,0.1,1,TCR(0.40)+rw,0.9222222222222223,0.9222222222222223
G3-cluster,0.2,1,TCR(0.25)+rw,0.9087136929460581,0.9087136929460581
G3-cluster,0.2,1,TCR(0.40)+rw,0.9087136929460581,0.9087136929460581
G3-cluster,0.3,1,TCR(0.25)+rw,0.5550239234449761,0.5550239234449761
G3-cluster,0.3,1,TCR(0.40)+rw,0.8899521531100478,0.8899521531100478
G1-small20,0.0,2,TCR(0.25)+rw,0.58,0.91
G1-small20,0.0,2,TCR(0.40)+rw,0.8533333333333334,0.9233333333333333
G1-small20,0.1,2,TCR(0.25)+rw,0.9444444444444444,0.9444444444444444
G1-small20,0.1,2,TCR(0.40)+rw,0.6333333333333333,0.9407407407407408
G1-small20,0.2,2,TCR(0.25)+rw,0.9465020576131687,0.9465020576131687
G1-small20,0.2,2,TCR(0.40)+rw,0.9465020576131687,0.9465020576131687
G1-small20,0.3,2,TCR(0.25)+rw,0.8292682926829268,0.8292682926829268
G1-small20,0.3,2,TCR(0.40)+rw,0.9317073170731708,0.9317073170731708
G2-small15,0.0,2,TCR(0.25)+rw,0.5466666666666666,0.88
G2-small15,0.0,2,TCR(0.40)+rw,0.5033333333333333,0.88
G2-small15,0.1,2,TCR(0.25)+rw,0.929368029739777,0.929368029739777
G2-small15,0.1,2,TCR(0.40)+rw,0.5278810408921933,0.9256505576208178
G2-small15,0.2,2,TCR(0.25)+rw,0.8934426229508197,0.8934426229508197
G2-small15,0.2,2,TCR(0.40)+rw,0.5450819672131147,0.8934426229508197
G2-small15,0.3,2,TCR(0.25)+rw,0.8512820512820513,0.8512820512820513
G2-small15,0.3,2,TCR(0.40)+rw,0.8307692307692308,0.8307692307692308
G3-cluster,0.0,2,TCR(0.25)+rw,0.92,0.92
G3-cluster,0.0,2,TCR(0.40)+rw,0.92,0.92
G3-cluster,0.1,2,TCR(0.25)+rw,0.9222222222222223,0.9222222222222223
G3-cluster,0.1,2,TCR(0.40)+rw,0.9185185185185185,0.9185185185185185
G3-cluster,0.2,2,TCR(0.25)+rw,0.9224137931034483,0.9224137931034483
G3-cluster,0.2,2,TCR(0.40)+rw,0.9267241379310345,0.9267241379310345
G3-cluster,0.3,2,TCR(0.25)+rw,0.5275229357798165,0.5275229357798165
G3-cluster,0.3,2,TCR(0.40)+rw,0.8807339449541285,0.8807339449541285
G1-small20,0.0,3,TCR(0.25)+rw,0.7333333333333333,0.89
G1-small20,0.0,3,TCR(0.40)+rw,0.5766666666666667,0.89
G1-small20,0.1,3,TCR(0.25)+rw,0.9166666666666666,0.9166666666666666
G1-small20,0.1,3,TCR(0.40)+rw,0.6174242424242424,0.9166666666666666
G1-small20,0.2,3,TCR(0.25)+rw,0.9087136929460581,0.9087136929460581
G1-small20,0.2,3,TCR(0.40)+rw,0.7385892116182573,0.91701244813278
G1-small20,0.3,3,TCR(0.25)+rw,0.835,0.835
G1-small20,0.3,3,TCR(0.40)+rw,0.835,0.835
G2-small15,0.0,3,TCR(0.25)+rw,0.62,0.93
G2-small15,0.0,3,TCR(0.40)+rw,0.6133333333333333,0.93
G2-small15,0.1,3,TCR(0.25)+rw,0.6014492753623188,0.8913043478260869
G2-small15,0.1,3,TCR(0.40)+rw,0.5978260869565217,0.8876811594202898
G2-small15,0.2,3,TCR(0.25)+rw,0.9319148936170213,0.9319148936170213
G2-small15,0.2,3,TCR(0.40)+rw,0.6297872340425532,0.9319148936170213
G2-small15,0.3,3,TCR(0.25)+rw,0.845,0.845
G2-small15,0.3,3,TCR(0.40)+rw,0.83,0.83
G3-cluster,0.0,3,TCR(0.25)+rw,0.8933333333333333,0.8933333333333333
G3-cluster,0.0,3,TCR(0.40)+rw,0.89,0.89
G3-cluster,0.1,3,TCR(0.25)+rw,0.8892988929889298,0.8892988929889298
G3-cluster,0.1,3,TCR(0.40)+rw,0.8966789667896679,0.8966789667896679
G3-cluster,0.2,3,TCR(0.25)+rw,0.9166666666666666,0.9166666666666666
G3-cluster,0.2,3,TCR(0.40)+rw,0.9166666666666666,0.9166666666666666
G3-cluster,0.3,3,TCR(0.25)+rw,0.5637254901960784,0.5637254901960784
G3-cluster,0.3,3,TCR(0.40)+rw,0.5637254901960784,0.5637254901960784
G1-small20,0.0,4,TCR(0.25)+rw,0.5666666666666667,0.9333333333333333
G1-small20,0.0,4,TCR(0.40)+rw,0.5566666666666666,0.9333333333333333
G1-small20,0.1,4,TCR(0.25)+rw,0.9070631970260223,0.9070631970260223
G1-small20,0.1,4,TCR(0.40)+rw,0.5836431226765799,0.9070631970260223
G1-small20,0.2,4,TCR(0.25)+rw,0.9004149377593361,0.9004149377593361
G1-small20,0.2,4,TCR(0.40)+rw,0.5767634854771784,0.9004149377593361
G1-small20,0.3,4,TCR(0.25)+rw,0.8177339901477833,0.8177339901477833
G1-small20,0.3,4,TCR(0.40)+rw,0.812807881773399,0.812807881773399
G2-small15,0.0,4,TCR(0.25)+rw,0.67,0.91
G2-small15,0.0,4,TCR(0.40)+rw,0.5433333333333333,0.9066666666666666
G2-small15,0.1,4,TCR(0.25)+rw,0.6937269372693727,0.922509225092251
G2-small15,0.1,4,TCR(0.40)+rw,0.5904059040590406,0.9298892988929889
G2-small15,0.2,4,TCR(0.25)+rw,0.8857142857142857,0.8857142857142857
G2-small15,0.2,4,TCR(0.40)+rw,0.7755102040816326,0.7755102040816326
G2-small15,0.3,4,TCR(0.25)+rw,0.861904761904762,0.861904761904762
G2-small15,0.3,4,TCR(0.40)+rw,0.8666666666666667,0.8666666666666667
G3-cluster,0.0,4,TCR(0.25)+rw,0.9066666666666666,0.9066666666666666
G3-cluster,0.0,4,TCR(0.40)+rw,0.9066666666666666,0.9066666666666666
G3-cluster,0.1,4,TCR(0.25)+rw,0.9051094890510949,0.9051094890510949
G3-cluster,0.1,4,TCR(0.40)+rw,0.9051094890510949,0.9051094890510949
G3-cluster,0.2,4,TCR(0.25)+rw,0.926923076923077,0.926923076923077
G3-cluster,0.2,4,TCR(0.40)+rw,0.926923076923077,0.926923076923077
G3-cluster,0.3,4,TCR(0.25)+rw,0.5255102040816326,0.5255102040816326
G3-cluster,0.3,4,TCR(0.40)+rw,0.5255102040816326,0.5255102040816326
G1-small20,0.0,5,TCR(0.25)+rw,0.8933333333333333,0.8933333333333333
G1-small20,0.0,5,TCR(0.40)+rw,0.5566666666666666,0.89
G1-small20,0.1,5,TCR(0.25)+rw,0.6204379562043796,0.8868613138686131
G1-small20,0.1,5,TCR(0.40)+rw,0.5912408759124088,0.8868613138686131
G1-small20,0.2,5,TCR(0.25)+rw,0.8888888888888888,0.8888888888888888
G1-small20,0.2,5,TCR(0.40)+rw,0.6068376068376068,0.8888888888888888
G1-small20,0.3,5,TCR(0.25)+rw,0.7699530516431925,0.7699530516431925
G1-small20,0.3,5,TCR(0.40)+rw,0.9014084507042254,0.9014084507042254
G2-small15,0.0,5,TCR(0.25)+rw,0.6466666666666666,0.9
G2-small15,0.0,5,TCR(0.40)+rw,0.65,0.9066666666666666
G2-small15,0.1,5,TCR(0.25)+rw,0.9213483146067416,0.9213483146067416
G2-small15,0.1,5,TCR(0.40)+rw,0.5318352059925093,0.9213483146067416
G2-small15,0.2,5,TCR(0.25)+rw,0.8838174273858921,0.8838174273858921
G2-small15,0.2,5,TCR(0.40)+rw,0.5186721991701245,0.8838174273858921
G2-small15,0.3,5,TCR(0.25)+rw,0.8287037037037037,0.8287037037037037
G2-small15,0.3,5,TCR(0.40)+rw,0.9120370370370371,0.9120370370370371
G3-cluster,0.0,5,TCR(0.25)+rw,0.9533333333333334,0.9533333333333334
G3-cluster,0.0,5,TCR(0.40)+rw,0.9533333333333334,0.9533333333333334
G3-cluster,0.1,5,TCR(0.25)+rw,0.9318181818181818,0.9318181818181818
G3-cluster,0.1,5,TCR(0.40)+rw,0.9318181818181818,0.9318181818181818
G3-cluster,0.2,5,TCR(0.25)+rw,0.9336099585062241,0.9336099585062241
G3-cluster,0.2,5,TCR(0.40)+rw,0.9336099585062241,0.9336099585062241
G3-cluster,0.3,5,TCR(0.25)+rw,0.5616438356164384,0.9041095890410958
G3-cluster,0.3,5,TCR(0.40)+rw,0.9041095890410958,0.9041095890410958
G1-small20,0.0,6,TCR(0.25)+rw,0.59,0.9033333333333333
G1-small20,0.0,6,TCR(0.40)+rw,0.5233333333333333,0.9033333333333333
G1-small20,0.1,6,TCR(0.25)+rw,0.8943396226415095,0.8943396226415095
G1-small20,0.1,6,TCR(0.40)+rw,0.5056603773584906,0.8943396226415095
G1-small20,0.2,6,TCR(0.25)+rw,0.9193548387096774,0.9193548387096774
G1-small20,0.2,6,TCR(0.40)+rw,0.5685483870967742,0.9193548387096774
G1-small20,0.3,6,TCR(0.25)+rw,0.8523809523809524,0.8523809523809524
G1-small20,0.3,6,TCR(0.40)+rw,0.8857142857142857,0.8857142857142857
G2-small15,0.0,6,TCR(0.25)+rw,0.5333333333333333,0.9133333333333333
G2-small15,0.0,6,TCR(0.40)+rw,0.53,0.9133333333333333
G2-small15,0.1,6,TCR(0.25)+rw,0.7007299270072993,0.9525547445255474
G2-small15,0.1,6,TCR(0.40)+rw,0.6204379562043796,0.9525547445255474
G2-small15,0.2,6,TCR(0.25)+rw,0.8979591836734694,0.8979591836734694
G2-small15,0.2,6,TCR(0.40)+rw,0.6163265306122448,0.9020408163265307
G2-small15,0.3,6,TCR(0.25)+rw,0.8689320388349514,0.8689320388349514
G2-small15,0.3,6,TCR(0.40)+rw,0.8786407766990292,0.8786407766990292
G3-cluster,0.0,6,TCR(0.25)+rw,0.92,0.92
G3-cluster,0.0,6,TCR(0.40)+rw,0.9133333333333333,0.9133333333333333
G3-cluster,0.1,6,TCR(0.25)+rw,0.9029850746268657,0.9029850746268657
G3-cluster,0.1,6,TCR(0.40)+rw,0.9029850746268657,0.9029850746268657
G3-cluster,0.2,6,TCR(0.25)+rw,0.8600823045267489,0.8600823045267489
G3-cluster,0.2,6,TCR(0.40)+rw,0.8600823045267489,0.8600823045267489
G3-cluster,0.3,6,TCR(0.25)+rw,0.5045045045045045,0.5045045045045045
G3-cluster,0.3,6,TCR(0.40)+rw,0.9009009009009009,0.9009009009009009
G1-small20,0.0,7,TCR(0.25)+rw,0.6433333333333333,0.9266666666666666
G1-small20,0.0,7,TCR(0.40)+rw,0.61,0.9233333333333333
G1-small20,0.1,7,TCR(0.25)+rw,0.9197080291970803,0.9197080291970803
G1-small20,0.1,7,TCR(0.40)+rw,0.6058394160583942,0.9197080291970803
G1-small20,0.2,7,TCR(0.25)+rw,0.9510204081632653,0.9510204081632653
G1-small20,0.2,7,TCR(0.40)+rw,0.6530612244897959,0.9510204081632653
G1-small20,0.3,7,TCR(0.25)+rw,0.812206572769953,0.812206572769953
G1-small20,0.3,7,TCR(0.40)+rw,0.8873239436619719,0.8873239436619719
G2-small15,0.0,7,TCR(0.25)+rw,0.57,0.93
G2-small15,0.0,7,TCR(0.40)+rw,0.5733333333333334,0.93
G2-small15,0.1,7,TCR(0.25)+rw,0.6703703703703704,0.9333333333333333
G2-small15,0.1,7,TCR(0.40)+rw,0.6259259259259259,0.9333333333333333
G2-small15,0.2,7,TCR(0.25)+rw,0.9132231404958677,0.9132231404958677
G2-small15,0.2,7,TCR(0.40)+rw,0.5661157024793388,0.9214876033057852
G2-small15,0.3,7,TCR(0.25)+rw,0.8333333333333334,0.8333333333333334
G2-small15,0.3,7,TCR(0.40)+rw,0.8480392156862745,0.8480392156862745
G3-cluster,0.0,7,TCR(0.25)+rw,0.89,0.89
G3-cluster,0.0,7,TCR(0.40)+rw,0.89,0.89
G3-cluster,0.1,7,TCR(0.25)+rw,0.9465648854961832,0.9465648854961832
G3-cluster,0.1,7,TCR(0.40)+rw,0.9465648854961832,0.9465648854961832
G3-cluster,0.2,7,TCR(0.25)+rw,0.9130434782608695,0.9130434782608695
G3-cluster,0.2,7,TCR(0.40)+rw,0.9130434782608695,0.9130434782608695
G3-cluster,0.3,7,TCR(0.25)+rw,0.5177664974619289,0.5177664974619289
G3-cluster,0.3,7,TCR(0.40)+rw,0.5177664974619289,0.5177664974619289
G1-small20,0.0,8,TCR(0.25)+rw,0.6266666666666667,0.9033333333333333
G1-small20,0.0,8,TCR(0.40)+rw,0.5033333333333333,0.9066666666666666
G1-small20,0.1,8,TCR(0.25)+rw,0.9067164179104478,0.9067164179104478
G1-small20,0.1,8,TCR(0.40)+rw,0.5746268656716418,0.9067164179104478
G1-small20,0.2,8,TCR(0.25)+rw,0.9196428571428571,0.9196428571428571
G1-small20,0.2,8,TCR(0.40)+rw,0.5491071428571429,0.9196428571428571
G1-small20,0.3,8,TCR(0.25)+rw,0.9122807017543859,0.9122807017543859
G1-small20,0.3,8,TCR(0.40)+rw,0.9035087719298246,0.9035087719298246
G2-small15,0.0,8,TCR(0.25)+rw,0.62,0.8633333333333333
G2-small15,0.0,8,TCR(0.40)+rw,0.5966666666666667,0.8633333333333333
G2-small15,0.1,8,TCR(0.25)+rw,0.6029411764705882,0.8933823529411765
G2-small15,0.1,8,TCR(0.40)+rw,0.5477941176470589,0.8933823529411765
G2-small15,0.2,8,TCR(0.25)+rw,0.9201680672268907,0.9201680672268907
G2-small15,0.2,8,TCR(0.40)+rw,0.5588235294117647,0.9159663865546218
G2-small15,0.3,8,TCR(0.25)+rw,0.8291457286432161,0.8291457286432161
G2-small15,0.3,8,TCR(0.40)+rw,0.8341708542713567,0.8341708542713567
G3-cluster,0.0,8,TCR(0.25)+rw,0.91,0.91
G3-cluster,0.0,8,TCR(0.40)+rw,0.91,0.91
G3-cluster,0.1,8,TCR(0.25)+rw,0.9219330855018587,0.9219330855018587
G3-cluster,0.1,8,TCR(0.40)+rw,0.9219330855018587,0.9219330855018587
G3-cluster,0.2,8,TCR(0.25)+rw,0.9113924050632911,0.9113924050632911
G3-cluster,0.2,8,TCR(0.40)+rw,0.9113924050632911,0.9113924050632911
G3-cluster,0.3,8,TCR(0.25)+rw,0.5330188679245284,0.5330188679245284
G3-cluster,0.3,8,TCR(0.40)+rw,0.5330188679245284,0.5330188679245284
G1-small20,0.0,9,TCR(0.25)+rw,0.6833333333333333,0.92
G1-small20,0.0,9,TCR(0.40)+rw,0.55,0.9133333333333333
G1-small20,0.1,9,TCR(0.25)+rw,0.915129151291513,0.915129151291513
G1-small20,0.1,9,TCR(0.40)+rw,0.5904059040590406,0.915129151291513
G1-small20,0.2,9,TCR(0.25)+rw,0.9310344827586207,0.9310344827586207
G1-small20,0.2,9,TCR(0.40)+rw,0.9310344827586207,0.9310344827586207
G1-small20,0.3,9,TCR(0.25)+rw,0.8385416666666666,0.8385416666666666
G1-small20,0.3,9,TCR(0.40)+rw,0.828125,0.828125
G2-small15,0.0,9,TCR(0.25)+rw,0.5866666666666667,0.93
G2-small15,0.0,9,TCR(0.40)+rw,0.5666666666666667,0.93
G2-small15,0.1,9,TCR(0.25)+rw,0.7022900763358778,0.916030534351145
G2-small15,0.1,9,TCR(0.40)+rw,0.5114503816793893,0.916030534351145
G2-small15,0.2,9,TCR(0.25)+rw,0.9117647058823529,0.9117647058823529
G2-small15,0.2,9,TCR(0.40)+rw,0.5798319327731093,0.9117647058823529
G2-small15,0.3,9,TCR(0.25)+rw,0.7635467980295566,0.7635467980295566
G2-small15,0.3,9,TCR(0.40)+rw,0.9064039408866995,0.9064039408866995
G3-cluster,0.0,9,TCR(0.25)+rw,0.8766666666666667,0.8766666666666667
G3-cluster,0.0,9,TCR(0.40)+rw,0.8733333333333333,0.8733333333333333
G3-cluster,0.1,9,TCR(0.25)+rw,0.9148148148148149,0.9148148148148149
G3-cluster,0.1,9,TCR(0.40)+rw,0.9148148148148149,0.9148148148148149
G3-cluster,0.2,9,TCR(0.25)+rw,0.8516949152542372,0.8516949152542372
G3-cluster,0.2,9,TCR(0.40)+rw,0.8516949152542372,0.8516949152542372
G3-cluster,0.3,9,TCR(0.25)+rw,0.5070422535211268,0.5070422535211268
G3-cluster,0.3,9,TCR(0.40)+rw,0.9154929577464789,0.9154929577464789
G1-small20,0.0,10,TCR(0.25)+rw,0.6033333333333334,0.89
G1-small20,0.0,10,TCR(0.40)+rw,0.6,0.8866666666666667
G1-small20,0.1,10,TCR(0.25)+rw,0.9420849420849421,0.9420849420849421
G1-small20,0.1,10,TCR(0.40)+rw,0.6293436293436293,0.9420849420849421
G1-small20,0.2,10,TCR(0.25)+rw,0.8955823293172691,0.8955823293172691
G1-small20,0.2,10,TCR(0.40)+rw,0.6265060240963856,0.8955823293172691
G1-small20,0.3,10,TCR(0.25)+rw,0.7877358490566038,0.7877358490566038
G1-small20,0.3,10,TCR(0.40)+rw,0.9150943396226415,0.9150943396226415
G2-small15,0.0,10,TCR(0.25)+rw,0.6466666666666666,0.9033333333333333
G2-small15,0.0,10,TCR(0.40)+rw,0.5566666666666666,0.8966666666666666
G2-small15,0.1,10,TCR(0.25)+rw,0.8917910447761194,0.8917910447761194
G2-small15,0.1,10,TCR(0.40)+rw,0.5447761194029851,0.8880597014925373
G2-small15,0.2,10,TCR(0.25)+rw,0.9221311475409836,0.9221311475409836
G2-small15,0.2,10,TCR(0.40)+rw,0.6065573770491803,0.9221311475409836
G2-small15,0.3,10,TCR(0.25)+rw,0.8715596330275229,0.8715596330275229
G2-small15,0.3,10,TCR(0.40)+rw,0.7064220183486238,0.7064220183486238
G3-cluster,0.0,10,TCR(0.25)+rw,0.8766666666666667,0.8766666666666667
G3-cluster,0.0,10,TCR(0.40)+rw,0.8766666666666667,0.8766666666666667
G3-cluster,0.1,10,TCR(0.25)+rw,0.9133574007220217,0.9133574007220217
G3-cluster,0.1,10,TCR(0.40)+rw,0.9169675090252708,0.9169675090252708
G3-cluster,0.2,10,TCR(0.25)+rw,0.890295358649789,0.890295358649789
G3-cluster,0.2,10,TCR(0.40)+rw,0.8987341772151899,0.8987341772151899
G3-cluster,0.3,10,TCR(0.25)+rw,0.5142857142857142,0.5142857142857142
G3-cluster,0.3,10,TCR(0.40)+rw,0.9142857142857143,0.9142857142857143
G1-small20,0.0,11,TCR(0.25)+rw,0.59,0.9333333333333333
G1-small20,0.0,11,TCR(0.40)+rw,0.5666666666666667,0.9333333333333333
G1-small20,0.1,11,TCR(0.25)+rw,0.9057971014492754,0.9057971014492754
G1-small20,0.1,11,TCR(0.40)+rw,0.6485507246376812,0.9021739130434783
G1-small20,0.2,11,TCR(0.25)+rw,0.9314516129032258,0.9314516129032258
G1-small20,0.2,11,TCR(0.40)+rw,0.9314516129032258,0.9314516129032258
G1-small20,0.3,11,TCR(0.25)+rw,0.8294930875576036,0.8294930875576036
G1-small20,0.3,11,TCR(0.40)+rw,0.7235023041474654,0.7235023041474654
G2-small15,0.0,11,TCR(0.25)+rw,0.5266666666666666,0.92
G2-small15,0.0,11,TCR(0.40)+rw,0.5266666666666666,0.92
G2-small15,0.1,11,TCR(0.25)+rw,0.6014760147601476,0.9298892988929889
G2-small15,0.1,11,TCR(0.40)+rw,0.5756457564575646,0.9298892988929889
G2-small15,0.2,11,TCR(0.25)+rw,0.9149797570850202,0.9149797570850202
G2-small15,0.2,11,TCR(0.40)+rw,0.5708502024291497,0.9190283400809717
G2-small15,0.3,11,TCR(0.25)+rw,0.8701923076923077,0.8701923076923077
G2-small15,0.3,11,TCR(0.40)+rw,0.6346153846153846,0.6346153846153846
G3-cluster,0.0,11,TCR(0.25)+rw,0.9,0.9
G3-cluster,0.0,11,TCR(0.40)+rw,0.9,0.9
G3-cluster,0.1,11,TCR(0.25)+rw,0.8810408921933085,0.8810408921933085
G3-cluster,0.1,11,TCR(0.40)+rw,0.8810408921933085,0.8810408921933085
G3-cluster,0.2,11,TCR(0.25)+rw,0.8818897637795275,0.8818897637795275
G3-cluster,0.2,11,TCR(0.40)+rw,0.8818897637795275,0.8818897637795275
G3-cluster,0.3,11,TCR(0.25)+rw,0.5207373271889401,0.5207373271889401
G3-cluster,0.3,11,TCR(0.40)+rw,0.8986175115207373,0.8986175115207373
G1-small20,0.0,12,TCR(0.25)+rw,0.6066666666666667,0.9233333333333333
G1-small20,0.0,12,TCR(0.40)+rw,0.9233333333333333,0.9233333333333333
G1-small20,0.1,12,TCR(0.25)+rw,0.8863636363636364,0.8863636363636364
G1-small20,0.1,12,TCR(0.40)+rw,0.5454545454545454,0.8901515151515151
G1-small20,0.2,12,TCR(0.25)+rw,0.885593220338983,0.885593220338983
G1-small20,0.2,12,TCR(0.40)+rw,0.5508474576271186,0.885593220338983
G1-small20,0.3,12,TCR(0.25)+rw,0.8267326732673267,0.8267326732673267
G1-small20,0.3,12,TCR(0.40)+rw,0.8168316831683168,0.8168316831683168
G2-small15,0.0,12,TCR(0.25)+rw,0.6566666666666666,0.9066666666666666
G2-small15,0.0,12,TCR(0.40)+rw,0.66,0.9066666666666666
G2-small15,0.1,12,TCR(0.25)+rw,0.5074074074074074,0.8629629629629629
G2-small15,0.1,12,TCR(0.40)+rw,0.5296296296296297,0.8629629629629629
G2-small15,0.2,12,TCR(0.25)+rw,0.8936170212765957,0.8936170212765957
G2-small15,0.2,12,TCR(0.40)+rw,0.6382978723404256,0.8936170212765957
G2-small15,0.3,12,TCR(0.25)+rw,0.8341968911917098,0.8341968911917098
G2-small15,0.3,12,TCR(0.40)+rw,0.8082901554404145,0.8082901554404145
G3-cluster,0.0,12,TCR(0.25)+rw,0.9266666666666666,0.9266666666666666
G3-cluster,0.0,12,TCR(0.40)+rw,0.9266666666666666,0.9266666666666666
G3-cluster,0.1,12,TCR(0.25)+rw,0.9130434782608695,0.9130434782608695
G3-cluster,0.1,12,TCR(0.40)+rw,0.9094202898550725,0.9094202898550725
G3-cluster,0.2,12,TCR(0.25)+rw,0.9449152542372882,0.9449152542372882
G3-cluster,0.2,12,TCR(0.40)+rw,0.9449152542372882,0.9449152542372882
G3-cluster,0.3,12,TCR(0.25)+rw,0.6305418719211823,0.6305418719211823
G3-cluster,0.3,12,TCR(0.40)+rw,0.5467980295566502,0.9064039408866995
G1-small20,0.0,13,TCR(0.25)+rw,0.6233333333333333,0.92
G1-small20,0.0,13,TCR(0.40)+rw,0.57,0.92
G1-small20,0.1,13,TCR(0.25)+rw,0.6383763837638377,0.8929889298892989
G1-small20,0.1,13,TCR(0.40)+rw,0.5904059040590406,0.8929889298892989
G1-small20,0.2,13,TCR(0.25)+rw,0.9125,0.9125
G1-small20,0.2,13,TCR(0.40)+rw,0.5666666666666667,0.9125
G1-small20,0.3,13,TCR(0.25)+rw,0.8019323671497585,0.8019323671497585
G1-small20,0.3,13,TCR(0.40)+rw,0.9227053140096618,0.9227053140096618
G2-small15,0.0,13,TCR(0.25)+rw,0.64,0.8933333333333333
G2-small15,0.0,13,TCR(0.40)+rw,0.5333333333333333,0.8933333333333333
G2-small15,0.1,13,TCR(0.25)+rw,0.654275092936803,0.9107806691449815
G2-small15,0.1,13,TCR(0.40)+rw,0.5650557620817844,0.9070631970260223
G2-small15,0.2,13,TCR(0.25)+rw,0.9098360655737705,0.9098360655737705
G2-small15,0.2,13,TCR(0.40)+rw,0.5204918032786885,0.9098360655737705
G2-small15,0.3,13,TCR(0.25)+rw,0.6493506493506493,0.6493506493506493
G2-small15,0.3,13,TCR(0.40)+rw,0.670995670995671,0.670995670995671
G3-cluster,0.0,13,TCR(0.25)+rw,0.9066666666666666,0.9066666666666666
G3-cluster,0.0,13,TCR(0.40)+rw,0.9066666666666666,0.9066666666666666
G3-cluster,0.1,13,TCR(0.25)+rw,0.9188191881918819,0.9188191881918819
G3-cluster,0.1,13,TCR(0.40)+rw,0.9188191881918819,0.9188191881918819
G3-cluster,0.2,13,TCR(0.25)+rw,0.8798283261802575,0.8798283261802575
G3-cluster,0.2,13,TCR(0.40)+rw,0.8798283261802575,0.8798283261802575
G3-cluster,0.3,13,TCR(0.25)+rw,0.5144230769230769,0.5144230769230769
G3-cluster,0.3,13,TCR(0.40)+rw,0.5144230769230769,0.5144230769230769
G1-small20,0.0,14,TCR(0.25)+rw,0.54,0.9166666666666666
G1-small20,0.0,14,TCR(0.40)+rw,0.5466666666666666,0.9166666666666666
G1-small20,0.1,14,TCR(0.25)+rw,0.8860294117647058,0.8860294117647058
G1-small20,0.1,14,TCR(0.40)+rw,0.5036764705882353,0.8860294117647058
G1-small20,0.2,14,TCR(0.25)+rw,0.9314516129032258,0.9314516129032258
G1-small20,0.2,14,TCR(0.40)+rw,0.5564516129032258,0.9274193548387096
G1-small20,0.3,14,TCR(0.25)+rw,0.7320574162679426,0.7320574162679426
G1-small20,0.3,14,TCR(0.40)+rw,0.9043062200956937,0.9043062200956937
G2-small15,0.0,14,TCR(0.25)+rw,0.5233333333333333,0.8766666666666667
G2-small15,0.0,14,TCR(0.40)+rw,0.55,0.88
G2-small15,0.1,14,TCR(0.25)+rw,0.6074074074074074,0.8703703703703703
G2-small15,0.1,14,TCR(0.40)+rw,0.5962962962962963,0.8703703703703703
G2-small15,0.2,14,TCR(0.25)+rw,0.9253112033195021,0.9253112033195021
G2-small15,0.2,14,TCR(0.40)+rw,0.6846473029045643,0.6846473029045643
G2-small15,0.3,14,TCR(0.25)+rw,0.8301886792452831,0.8301886792452831
G2-small15,0.3,14,TCR(0.40)+rw,0.910377358490566,0.910377358490566
G3-cluster,0.0,14,TCR(0.25)+rw,0.9433333333333334,0.9433333333333334
G3-cluster,0.0,14,TCR(0.40)+rw,0.9433333333333334,0.9433333333333334
G3-cluster,0.1,14,TCR(0.25)+rw,0.9365671641791045,0.9365671641791045
G3-cluster,0.1,14,TCR(0.40)+rw,0.9328358208955224,0.9328358208955224
G3-cluster,0.2,14,TCR(0.25)+rw,0.9344262295081968,0.9344262295081968
G3-cluster,0.2,14,TCR(0.40)+rw,0.9344262295081968,0.9344262295081968
G3-cluster,0.3,14,TCR(0.25)+rw,0.5245098039215687,0.5245098039215687
G3-cluster,0.3,14,TCR(0.40)+rw,0.5245098039215687,0.8823529411764706
G1-small20,0.0,15,TCR(0.25)+rw,0.6133333333333333,0.9
G1-small20,0.0,15,TCR(0.40)+rw,0.5166666666666667,0.9
G1-small20,0.1,15,TCR(0.25)+rw,0.9264705882352942,0.9264705882352942
G1-small20,0.1,15,TCR(0.40)+rw,0.6176470588235294,0.9264705882352942
G1-small20,0.2,15,TCR(0.25)+rw,0.8874458874458875,0.8874458874458875
G1-small20,0.2,15,TCR(0.40)+rw,0.7792207792207793,0.7792207792207793
G1-small20,0.3,15,TCR(0.25)+rw,0.8260869565217391,0.8260869565217391
G1-small20,0.3,15,TCR(0.40)+rw,0.821256038647343,0.821256038647343
G2-small15,0.0,15,TCR(0.25)+rw,0.59,0.9266666666666666
G2-small15,0.0,15,TCR(0.40)+rw,0.5966666666666667,0.9266666666666666
G2-small15,0.1,15,TCR(0.25)+rw,0.7234848484848485,0.7234848484848485
G2-small15,0.1,15,TCR(0.40)+rw,0.6553030303030303,0.9204545454545454
G2-small15,0.2,15,TCR(0.25)+rw,0.902127659574468,0.902127659574468
G2-small15,0.2,15,TCR(0.40)+rw,0.7191489361702128,0.7191489361702128
G2-small15,0.3,15,TCR(0.25)+rw,0.8476190476190476,0.8476190476190476
G2-small15,0.3,15,TCR(0.40)+rw,0.8476190476190476,0.8476190476190476
G3-cluster,0.0,15,TCR(0.25)+rw,0.93,0.93
G3-cluster,0.0,15,TCR(0.40)+rw,0.9333333333333333,0.9333333333333333
G3-cluster,0.1,15,TCR(0.25)+rw,0.9176029962546817,0.9176029962546817
G3-cluster,0.1,15,TCR(0.40)+rw,0.9176029962546817,0.9176029962546817
G3-cluster,0.2,15,TCR(0.25)+rw,0.8913043478260869,0.8913043478260869
G3-cluster,0.2,15,TCR(0.40)+rw,0.8913043478260869,0.8913043478260869
G3-cluster,0.3,15,TCR(0.25)+rw,0.5025125628140703,0.5025125628140703
G3-cluster,0.3,15,TCR(0.40)+rw,0.5025125628140703,0.5025125628140703
G1-small20,0.0,16,TCR(0.25)+rw,0.5933333333333334,0.93
G1-small20,0.0,16,TCR(0.40)+rw,0.5866666666666667,0.93
G1-small20,0.1,16,TCR(0.25)+rw,0.9188191881918819,0.9188191881918819
G1-small20,0.1,16,TCR(0.40)+rw,0.9298892988929889,0.9298892988929889
G1-small20,0.2,16,TCR(0.25)+rw,0.8921161825726142,0.8921161825726142
G1-small20,0.2,16,TCR(0.40)+rw,0.5975103734439834,0.8921161825726142
G1-small20,0.3,16,TCR(0.25)+rw,0.8380952380952381,0.8380952380952381
G1-small20,0.3,16,TCR(0.40)+rw,0.8428571428571429,0.8428571428571429
G2-small15,0.0,16,TCR(0.25)+rw,0.5933333333333334,0.93
G2-small15,0.0,16,TCR(0.40)+rw,0.5266666666666666,0.93
G2-small15,0.1,16,TCR(0.25)+rw,0.5759717314487632,0.9257950530035336
G2-small15,0.1,16,TCR(0.40)+rw,0.5335689045936396,0.9293286219081273
G2-small15,0.2,16,TCR(0.25)+rw,0.9105691056910569,0.9105691056910569
G2-small15,0.2,16,TCR(0.40)+rw,0.6097560975609756,0.9146341463414634
G2-small15,0.3,16,TCR(0.25)+rw,0.875,0.875
G2-small15,0.3,16,TCR(0.40)+rw,0.855,0.855
G3-cluster,0.0,16,TCR(0.25)+rw,0.9,0.9
G3-cluster,0.0,16,TCR(0.40)+rw,0.8966666666666666,0.8966666666666666
G3-cluster,0.1,16,TCR(0.25)+rw,0.9157509157509157,0.9157509157509157
G3-cluster,0.1,16,TCR(0.40)+rw,0.9157509157509157,0.9157509157509157
G3-cluster,0.2,16,TCR(0.25)+rw,0.8875,0.8875
G3-cluster,0.2,16,TCR(0.40)+rw,0.8916666666666667,0.8916666666666667
G3-cluster,0.3,16,TCR(0.25)+rw,0.5747663551401869,0.9112149532710281
G3-cluster,0.3,16,TCR(0.40)+rw,0.9158878504672897,0.9158878504672897
G1-small20,0.0,17,TCR(0.25)+rw,0.6,0.95
G1-small20,0.0,17,TCR(0.40)+rw,0.6066666666666667,0.95
G1-small20,0.1,17,TCR(0.25)+rw,0.9070631970260223,0.9070631970260223
G1-small20,0.1,17,TCR(0.40)+rw,0.6691449814126395,0.9107806691449815
G1-small20,0.2,17,TCR(0.25)+rw,0.91701244813278,0.91701244813278
G1-small20,0.2,17,TCR(0.40)+rw,0.9128630705394191,0.9128630705394191
G1-small20,0.3,17,TCR(0.25)+rw,0.8282828282828283,0.8282828282828283
G1-small20,0.3,17,TCR(0.40)+rw,0.8888888888888888,0.8888888888888888
G2-small15,0.0,17,TCR(0.25)+rw,0.6466666666666666,0.9266666666666666
G2-small15,0.0,17,TCR(0.40)+rw,0.63,0.93
G2-small15,0.1,17,TCR(0.25)+rw,0.9351145038167938,0.9351145038167938
G2-small15,0.1,17,TCR(0.40)+rw,0.9351145038167938,0.9351145038167938
G2-small15,0.2,17,TCR(0.25)+rw,0.902542372881356,0.902542372881356
G2-small15,0.2,17,TCR(0.40)+rw,0.6398305084745762,0.6398305084745762
G2-small15,0.3,17,TCR(0.25)+rw,0.8815165876777251,0.8815165876777251
G2-small15,0.3,17,TCR(0.40)+rw,0.7819905213270142,0.7819905213270142
G3-cluster,0.0,17,TCR(0.25)+rw,0.93,0.93
G3-cluster,0.0,17,TCR(0.40)+rw,0.93,0.93
G3-cluster,0.1,17,TCR(0.25)+rw,0.8768656716417911,0.8768656716417911
G3-cluster,0.1,17,TCR(0.40)+rw,0.8768656716417911,0.8768656716417911
G3-cluster,0.2,17,TCR(0.25)+rw,0.9344262295081968,0.9344262295081968
G3-cluster,0.2,17,TCR(0.40)+rw,0.9344262295081968,0.9344262295081968
G3-cluster,0.3,17,TCR(0.25)+rw,0.5048076923076923,0.5048076923076923
G3-cluster,0.3,17,TCR(0.40)+rw,0.5048076923076923,0.5048076923076923
G1-small20,0.0,18,TCR(0.25)+rw,0.5833333333333334,0.9033333333333333
G1-small20,0.0,18,TCR(0.40)+rw,0.5466666666666666,0.9066666666666666
G1-small20,0.1,18,TCR(0.25)+rw,0.7028985507246377,0.9057971014492754
G1-small20,0.1,18,TCR(0.40)+rw,0.7101449275362319,0.9057971014492754
G1-small20,0.2,18,TCR(0.25)+rw,0.9098712446351931,0.9098712446351931
G1-small20,0.2,18,TCR(0.40)+rw,0.5793991416309013,0.9055793991416309
G1-small20,0.3,18,TCR(0.25)+rw,0.8349056603773585,0.8349056603773585
G1-small20,0.3,18,TCR(0.40)+rw,0.8867924528301887,0.8867924528301887
G2-small15,0.0,18,TCR(0.25)+rw,0.6,0.8966666666666666
G2-small15,0.0,18,TCR(0.40)+rw,0.5933333333333334,0.8966666666666666
G2-small15,0.1,18,TCR(0.25)+rw,0.6043956043956044,0.9340659340659341
G2-small15,0.1,18,TCR(0.40)+rw,0.5201465201465202,0.9157509157509157
G2-small15,0.2,18,TCR(0.25)+rw,0.9434782608695652,0.9434782608695652
G2-small15,0.2,18,TCR(0.40)+rw,0.9391304347826087,0.9391304347826087
G2-small15,0.3,18,TCR(0.25)+rw,0.8461538461538461,0.8461538461538461
G2-small15,0.3,18,TCR(0.40)+rw,0.8461538461538461,0.8461538461538461
G3-cluster,0.0,18,TCR(0.25)+rw,0.9133333333333333,0.9133333333333333
G3-cluster,0.0,18,TCR(0.40)+rw,0.92,0.92
G3-cluster,0.1,18,TCR(0.25)+rw,0.9182156133828996,0.9182156133828996
G3-cluster,0.1,18,TCR(0.40)+rw,0.9182156133828996,0.9182156133828996
G3-cluster,0.2,18,TCR(0.25)+rw,0.9106382978723404,0.9106382978723404
G3-cluster,0.2,18,TCR(0.40)+rw,0.9106382978723404,0.9106382978723404
G3-cluster,0.3,18,TCR(0.25)+rw,0.5142857142857142,0.5142857142857142
G3-cluster,0.3,18,TCR(0.40)+rw,0.919047619047619,0.919047619047619
G1-small20,0.0,19,TCR(0.25)+rw,0.56,0.8866666666666667
G1-small20,0.0,19,TCR(0.40)+rw,0.56,0.8866666666666667
G1-small20,0.1,19,TCR(0.25)+rw,0.8955223880597015,0.8955223880597015
G1-small20,0.1,19,TCR(0.40)+rw,0.8955223880597015,0.8955223880597015
G1-small20,0.2,19,TCR(0.25)+rw,0.91701244813278,0.91701244813278
G1-small20,0.2,19,TCR(0.40)+rw,0.5892116182572614,0.91701244813278
G1-small20,0.3,19,TCR(0.25)+rw,0.82,0.82
G1-small20,0.3,19,TCR(0.40)+rw,0.855,0.855
G2-small15,0.0,19,TCR(0.25)+rw,0.6133333333333333,0.93
G2-small15,0.0,19,TCR(0.40)+rw,0.6,0.93
G2-small15,0.1,19,TCR(0.25)+rw,0.9104477611940298,0.9104477611940298
G2-small15,0.1,19,TCR(0.40)+rw,0.6007462686567164,0.9029850746268657
G2-small15,0.2,19,TCR(0.25)+rw,0.9063829787234042,0.9063829787234042
G2-small15,0.2,19,TCR(0.40)+rw,0.9063829787234042,0.9063829787234042
G2-small15,0.3,19,TCR(0.25)+rw,0.8604651162790697,0.8604651162790697
G2-small15,0.3,19,TCR(0.40)+rw,0.8837209302325582,0.8837209302325582
G3-cluster,0.0,19,TCR(0.25)+rw,0.8866666666666667,0.8866666666666667
G3-cluster,0.0,19,TCR(0.40)+rw,0.9,0.9
G3-cluster,0.1,19,TCR(0.25)+rw,0.8925925925925926,0.8925925925925926
G3-cluster,0.1,19,TCR(0.40)+rw,0.8925925925925926,0.8925925925925926
G3-cluster,0.2,19,TCR(0.25)+rw,0.8925619834710744,0.8925619834710744
G3-cluster,0.2,19,TCR(0.40)+rw,0.9008264462809917,0.9008264462809917
G3-cluster,0.3,19,TCR(0.25)+rw,0.5048543689320388,0.5048543689320388
G3-cluster,0.3,19,TCR(0.40)+rw,0.9029126213592233,0.9029126213592233
G1-small20,0.0,20,TCR(0.25)+rw,0.64,0.9166666666666666
G1-small20,0.0,20,TCR(0.40)+rw,0.6333333333333333,0.9166666666666666
G1-small20,0.1,20,TCR(0.25)+rw,0.6851851851851852,0.8962962962962963
G1-small20,0.1,20,TCR(0.40)+rw,0.5074074074074074,0.8851851851851852
G1-small20,0.2,20,TCR(0.25)+rw,0.8940677966101694,0.8940677966101694
G1-small20,0.2,20,TCR(0.40)+rw,0.8983050847457628,0.8983050847457628
G1-small20,0.3,20,TCR(0.25)+rw,0.772093023255814,0.772093023255814
G1-small20,0.3,20,TCR(0.40)+rw,0.9116279069767442,0.9116279069767442
G2-small15,0.0,20,TCR(0.25)+rw,0.5633333333333334,0.8833333333333333
G2-small15,0.0,20,TCR(0.40)+rw,0.5666666666666667,0.8833333333333333
G2-small15,0.1,20,TCR(0.25)+rw,0.6022727272727273,0.9090909090909091
G2-small15,0.1,20,TCR(0.40)+rw,0.5871212121212122,0.9090909090909091
G2-small15,0.2,20,TCR(0.25)+rw,0.8728813559322034,0.8728813559322034
G2-small15,0.2,20,TCR(0.40)+rw,0.8771186440677966,0.8771186440677966
G2-small15,0.3,20,TCR(0.25)+rw,0.8772727272727273,0.8772727272727273
G2-small15,0.3,20,TCR(0.40)+rw,0.6636363636363637,0.9
G3-cluster,0.0,20,TCR(0.25)+rw,0.9066666666666666,0.9066666666666666
G3-cluster,0.0,20,TCR(0.40)+rw,0.9033333333333333,0.9033333333333333
G3-cluster,0.1,20,TCR(0.25)+rw,0.8970588235294118,0.8970588235294118
G3-cluster,0.1,20,TCR(0.40)+rw,0.8970588235294118,0.8970588235294118
G3-cluster,0.2,20,TCR(0.25)+rw,0.8755186721991701,0.8755186721991701
G3-cluster,0.2,20,TCR(0.40)+rw,0.8755186721991701,0.8755186721991701
G3-cluster,0.3,20,TCR(0.25)+rw,0.5123152709359606,0.5123152709359606
G3-cluster,0.3,20,TCR(0.40)+rw,0.5123152709359606,0.5123152709359606
G1-small20,0.0,21,TCR(0.25)+rw,0.6166666666666667,0.9066666666666666
G1-small20,0.0,21,TCR(0.40)+rw,0.67,0.9033333333333333
G1-small20,0.1,21,TCR(0.25)+rw,0.9060150375939849,0.9060150375939849
G1-small20,0.1,21,TCR(0.40)+rw,0.5601503759398496,0.9060150375939849
G1-small20,0.2,21,TCR(0.25)+rw,0.9295154185022027,0.9295154185022027
G1-small20,0.2,21,TCR(0.40)+rw,0.933920704845815,0.933920704845815
G1-small20,0.3,21,TCR(0.25)+rw,0.821917808219178,0.821917808219178
G1-small20,0.3,21,TCR(0.40)+rw,0.8447488584474886,0.8447488584474886
G2-small15,0.0,21,TCR(0.25)+rw,0.53,0.93
G2-small15,0.0,21,TCR(0.40)+rw,0.5233333333333333,0.93
G2-small15,0.1,21,TCR(0.25)+rw,0.6067415730337079,0.8951310861423221
G2-small15,0.1,21,TCR(0.40)+rw,0.550561797752809,0.8951310861423221
G2-small15,0.2,21,TCR(0.25)+rw,0.8979591836734694,0.8979591836734694
G2-small15,0.2,21,TCR(0.40)+rw,0.5387755102040817,0.8979591836734694
G2-small15,0.3,21,TCR(0.25)+rw,0.9,0.9
G2-small15,0.3,21,TCR(0.40)+rw,0.8809523809523809,0.8809523809523809
G3-cluster,0.0,21,TCR(0.25)+rw,0.9233333333333333,0.9233333333333333
G3-cluster,0.0,21,TCR(0.40)+rw,0.9233333333333333,0.9233333333333333
G3-cluster,0.1,21,TCR(0.25)+rw,0.916058394160584,0.916058394160584
G3-cluster,0.1,21,TCR(0.40)+rw,0.916058394160584,0.916058394160584
G3-cluster,0.2,21,TCR(0.25)+rw,0.8930041152263375,0.8930041152263375
G3-cluster,0.2,21,TCR(0.40)+rw,0.8930041152263375,0.8930041152263375
G3-cluster,0.3,21,TCR(0.25)+rw,0.5233644859813084,0.5233644859813084
G3-cluster,0.3,21,TCR(0.40)+rw,0.9065420560747663,0.9065420560747663
G1-small20,0.0,22,TCR(0.25)+rw,0.6866666666666666,0.8966666666666666
G1-small20,0.0,22,TCR(0.40)+rw,0.6966666666666667,0.8966666666666666
G1-small20,0.1,22,TCR(0.25)+rw,0.9204545454545454,0.9204545454545454
G1-small20,0.1,22,TCR(0.40)+rw,0.7007575757575758,0.9204545454545454
G1-small20,0.2,22,TCR(0.25)+rw,0.9128630705394191,0.9128630705394191
G1-small20,0.2,22,TCR(0.40)+rw,0.5643153526970954,0.921161825726141
G1-small20,0.3,22,TCR(0.25)+rw,0.8309859154929577,0.8309859154929577
G1-small20,0.3,22,TCR(0.40)+rw,0.6807511737089202,0.6807511737089202
G2-small15,0.0,22,TCR(0.25)+rw,0.56,0.9033333333333333
G2-small15,0.0,22,TCR(0.40)+rw,0.5666666666666667,0.8933333333333333
G2-small15,0.1,22,TCR(0.25)+rw,0.9100719424460432,0.9100719424460432
G2-small15,0.1,22,TCR(0.40)+rw,0.5035971223021583,0.920863309352518
G2-small15,0.2,22,TCR(0.25)+rw,0.8398268398268398,0.8398268398268398
G2-small15,0.2,22,TCR(0.40)+rw,0.8614718614718615,0.8614718614718615
G2-small15,0.3,22,TCR(0.25)+rw,0.8817733990147784,0.8817733990147784
G2-small15,0.3,22,TCR(0.40)+rw,0.8719211822660099,0.8719211822660099
G3-cluster,0.0,22,TCR(0.25)+rw,0.9166666666666666,0.9166666666666666
G3-cluster,0.0,22,TCR(0.40)+rw,0.9166666666666666,0.9166666666666666
G3-cluster,0.1,22,TCR(0.25)+rw,0.92,0.92
G3-cluster,0.1,22,TCR(0.40)+rw,0.92,0.92
G3-cluster,0.2,22,TCR(0.25)+rw,0.90625,0.90625
G3-cluster,0.2,22,TCR(0.40)+rw,0.8984375,0.8984375
G3-cluster,0.3,22,TCR(0.25)+rw,0.5871559633027523,0.9128440366972477
G3-cluster,0.3,22,TCR(0.40)+rw,0.9128440366972477,0.9128440366972477
G1-small20,0.0,23,TCR(0.25)+rw,0.5733333333333334,0.9333333333333333
G1-small20,0.0,23,TCR(0.40)+rw,0.5666666666666667,0.9333333333333333
G1-small20,0.1,23,TCR(0.25)+rw,0.9296296296296296,0.9296296296296296
G1-small20,0.1,23,TCR(0.40)+rw,0.9296296296296296,0.9296296296296296
G1-small20,0.2,23,TCR(0.25)+rw,0.930327868852459,0.930327868852459
G1-small20,0.2,23,TCR(0.40)+rw,0.7336065573770492,0.9262295081967213
G1-small20,0.3,23,TCR(0.25)+rw,0.7971698113207547,0.7971698113207547
G1-small20,0.3,23,TCR(0.40)+rw,0.9198113207547169,0.9198113207547169
G2-small15,0.0,23,TCR(0.25)+rw,0.5766666666666667,0.9233333333333333
G2-small15,0.0,23,TCR(0.40)+rw,0.52,0.9233333333333333
G2-small15,0.1,23,TCR(0.25)+rw,0.9047619047619048,0.9047619047619048
G2-small15,0.1,23,TCR(0.40)+rw,0.608058608058608,0.9047619047619048
G2-small15,0.2,23,TCR(0.25)+rw,0.8190045248868778,0.8190045248868778
G2-small15,0.2,23,TCR(0.40)+rw,0.8461538461538461,0.8461538461538461
G2-small15,0.3,23,TCR(0.25)+rw,0.8779342723004695,0.8779342723004695
G2-small15,0.3,23,TCR(0.40)+rw,0.6431924882629108,0.6431924882629108
G3-cluster,0.0,23,TCR(0.25)+rw,0.92,0.92
G3-cluster,0.0,23,TCR(0.40)+rw,0.92,0.92
G3-cluster,0.1,23,TCR(0.25)+rw,0.9117647058823529,0.9117647058823529
G3-cluster,0.1,23,TCR(0.40)+rw,0.9117647058823529,0.9117647058823529
G3-cluster,0.2,23,TCR(0.25)+rw,0.9037656903765691,0.9037656903765691
G3-cluster,0.2,23,TCR(0.40)+rw,0.9037656903765691,0.9037656903765691
G3-cluster,0.3,23,TCR(0.25)+rw,0.5196078431372549,0.5196078431372549
G3-cluster,0.3,23,TCR(0.40)+rw,0.5196078431372549,0.5196078431372549
G1-small20,0.0,24,TCR(0.25)+rw,0.6033333333333334,0.8933333333333333
G1-small20,0.0,24,TCR(0.40)+rw,0.63,0.8933333333333333
G1-small20,0.1,24,TCR(0.25)+rw,0.8566037735849057,0.8566037735849057
G1-small20,0.1,24,TCR(0.40)+rw,0.6037735849056604,0.8603773584905661
G1-small20,0.2,24,TCR(0.25)+rw,0.8870967741935484,0.8870967741935484
G1-small20,0.2,24,TCR(0.40)+rw,0.6209677419354839,0.8870967741935484
G1-small20,0.3,24,TCR(0.25)+rw,0.8063063063063063,0.8063063063063063
G1-small20,0.3,24,TCR(0.40)+rw,0.6171171171171171,0.8963963963963963
G2-small15,0.0,24,TCR(0.25)+rw,0.5933333333333334,0.8933333333333333
G2-small15,0.0,24,TCR(0.40)+rw,0.5766666666666667,0.8933333333333333
G2-small15,0.1,24,TCR(0.25)+rw,0.6287878787878788,0.9128787878787878
G2-small15,0.1,24,TCR(0.40)+rw,0.6212121212121212,0.9128787878787878
G2-small15,0.2,24,TCR(0.25)+rw,0.9004149377593361,0.9004149377593361
G2-small15,0.2,24,TCR(0.40)+rw,0.6016597510373444,0.9004149377593361
G2-small15,0.3,24,TCR(0.25)+rw,0.9162790697674419,0.9162790697674419
G2-small15,0.3,24,TCR(0.40)+rw,0.5302325581395348,0.5302325581395348
G3-cluster,0.0,24,TCR(0.25)+rw,0.9,0.9
G3-cluster,0.0,24,TCR(0.40)+rw,0.8966666666666666,0.8966666666666666
G3-cluster,0.1,24,TCR(0.25)+rw,0.9267399267399268,0.9267399267399268
G3-cluster,0.1,24,TCR(0.40)+rw,0.9267399267399268,0.9267399267399268
G3-cluster,0.2,24,TCR(0.25)+rw,0.8713692946058091,0.8713692946058091
G3-cluster,0.2,24,TCR(0.40)+rw,0.8755186721991701,0.8755186721991701
G3-cluster,0.3,24,TCR(0.25)+rw,0.5048076923076923,0.5048076923076923
G3-cluster,0.3,24,TCR(0.40)+rw,0.5048076923076923,0.5048076923076923
G1-small20,0.0,25,TCR(0.25)+rw,0.5866666666666667,0.9033333333333333
G1-small20,0.0,25,TCR(0.40)+rw,0.5966666666666667,0.9066666666666666
G1-small20,0.1,25,TCR(0.25)+rw,0.8985507246376812,0.8985507246376812
G1-small20,0.1,25,TCR(0.40)+rw,0.605072463768116,0.8985507246376812
G1-small20,0.2,25,TCR(0.25)+rw,0.9194915254237288,0.9194915254237288
G1-small20,0.2,25,TCR(0.40)+rw,0.5847457627118644,0.9194915254237288
G1-small20,0.3,25,TCR(0.25)+rw,0.7699530516431925,0.7699530516431925
G1-small20,0.3,25,TCR(0.40)+rw,0.8873239436619719,0.8873239436619719
G2-small15,0.0,25,TCR(0.25)+rw,0.6233333333333333,0.9066666666666666
G2-small15,0.0,25,TCR(0.40)+rw,0.5666666666666667,0.9066666666666666
G2-small15,0.1,25,TCR(0.25)+rw,0.602996254681648,0.9063670411985019
G2-small15,0.1,25,TCR(0.40)+rw,0.5468164794007491,0.9026217228464419
G2-small15,0.2,25,TCR(0.25)+rw,0.9194915254237288,0.9194915254237288
G2-small15,0.2,25,TCR(0.40)+rw,0.5847457627118644,0.9194915254237288
G2-small15,0.3,25,TCR(0.25)+rw,0.8373205741626795,0.8373205741626795
G2-small15,0.3,25,TCR(0.40)+rw,0.9138755980861244,0.9138755980861244
G3-cluster,0.0,25,TCR(0.25)+rw,0.91,0.91
G3-cluster,0.0,25,TCR(0.40)+rw,0.91,0.91
G3-cluster,0.1,25,TCR(0.25)+rw,0.9301470588235294,0.9301470588235294
G3-cluster,0.1,25,TCR(0.40)+rw,0.9301470588235294,0.9301470588235294
G3-cluster,0.2,25,TCR(0.25)+rw,0.925,0.925
G3-cluster,0.2,25,TCR(0.40)+rw,0.925,0.925
G3-cluster,0.3,25,TCR(0.25)+rw,0.6143497757847534,0.9237668161434978
G3-cluster,0.3,25,TCR(0.40)+rw,0.9237668161434978,0.9237668161434978
G1-small20,0.0,26,TCR(0.25)+rw,0.6133333333333333,0.8933333333333333
G1-small20,0.0,26,TCR(0.40)+rw,0.5533333333333333,0.8933333333333333
G1-small20,0.1,26,TCR(0.25)+rw,0.9212598425196851,0.9212598425196851
G1-small20,0.1,26,TCR(0.40)+rw,0.5905511811023622,0.9133858267716536
G1-small20,0.2,26,TCR(0.25)+rw,0.9045643153526971,0.9045643153526971
G1-small20,0.2,26,TCR(0.40)+rw,0.6804979253112033,0.9004149377593361
G1-small20,0.3,26,TCR(0.25)+rw,0.8454106280193237,0.8454106280193237
G1-small20,0.3,26,TCR(0.40)+rw,0.8985507246376812,0.8985507246376812
G2-small15,0.0,26,TCR(0.25)+rw,0.5966666666666667,0.5966666666666667
G2-small15,0.0,26,TCR(0.40)+rw,0.5833333333333334,0.91
G2-small15,0.1,26,TCR(0.25)+rw,0.9318181818181818,0.9318181818181818
G2-small15,0.1,26,TCR(0.40)+rw,0.571969696969697,0.9318181818181818
G2-small15,0.2,26,TCR(0.25)+rw,0.9409448818897638,0.9409448818897638
G2-small15,0.2,26,TCR(0.40)+rw,0.6929133858267716,0.9409448818897638
G2-small15,0.3,26,TCR(0.25)+rw,0.8373205741626795,0.8373205741626795
G2-small15,0.3,26,TCR(0.40)+rw,0.9521531100478469,0.9521531100478469
G3-cluster,0.0,26,TCR(0.25)+rw,0.9,0.9
G3-cluster,0.0,26,TCR(0.40)+rw,0.8966666666666666,0.8966666666666666
G3-cluster,0.1,26,TCR(0.25)+rw,0.9087591240875912,0.9087591240875912
G3-cluster,0.1,26,TCR(0.40)+rw,0.9087591240875912,0.9087591240875912
G3-cluster,0.2,26,TCR(0.25)+rw,0.9106382978723404,0.9106382978723404
G3-cluster,0.2,26,TCR(0.40)+rw,0.9106382978723404,0.9106382978723404
G3-cluster,0.3,26,TCR(0.25)+rw,0.5174129353233831,0.5174129353233831
G3-cluster,0.3,26,TCR(0.40)+rw,0.5174129353233831,0.5174129353233831
G1-small20,0.0,27,TCR(0.25)+rw,0.5333333333333333,0.9233333333333333
G1-small20,0.0,27,TCR(0.40)+rw,0.5266666666666666,0.9233333333333333
G1-small20,0.1,27,TCR(0.25)+rw,0.9132075471698113,0.9132075471698113
G1-small20,0.1,27,TCR(0.40)+rw,0.5471698113207547,0.9132075471698113
G1-small20,0.2,27,TCR(0.25)+rw,0.9196787148594378,0.9196787148594378
G1-small20,0.2,27,TCR(0.40)+rw,0.9196787148594378,0.9196787148594378
G1-small20,0.3,27,TCR(0.25)+rw,0.8019323671497585,0.8019323671497585
G1-small20,0.3,27,TCR(0.40)+rw,0.8888888888888888,0.8888888888888888
G2-small15,0.0,27,TCR(0.25)+rw,0.6166666666666667,0.9166666666666666
G2-small15,0.0,27,TCR(0.40)+rw,0.6266666666666667,0.9166666666666666
G2-small15,0.1,27,TCR(0.25)+rw,0.5625,0.9117647058823529
G2-small15,0.1,27,TCR(0.40)+rw,0.5330882352941176,0.9154411764705882
G2-small15,0.2,27,TCR(0.25)+rw,0.8831168831168831,0.8831168831168831
G2-small15,0.2,27,TCR(0.40)+rw,0.5714285714285714,0.8831168831168831
G2-small15,0.3,27,TCR(0.25)+rw,0.812807881773399,0.812807881773399
G2-small15,0.3,27,TCR(0.40)+rw,0.8078817733990148,0.8078817733990148
G3-cluster,0.0,27,TCR(0.25)+rw,0.9033333333333333,0.9033333333333333
G3-cluster,0.0,27,TCR(0.40)+rw,0.9033333333333333,0.9033333333333333
G3-cluster,0.1,27,TCR(0.25)+rw,0.9328358208955224,0.9328358208955224
G3-cluster,0.1,27,TCR(0.40)+rw,0.9328358208955224,0.9328358208955224
G3-cluster,0.2,27,TCR(0.25)+rw,0.86,0.86
G3-cluster,0.2,27,TCR(0.40)+rw,0.86,0.86
G3-cluster,0.3,27,TCR(0.25)+rw,0.5026178010471204,0.5026178010471204
G3-cluster,0.3,27,TCR(0.40)+rw,0.5026178010471204,0.5026178010471204
G1-small20,0.0,28,TCR(0.25)+rw,0.6066666666666667,0.91
G1-small20,0.0,28,TCR(0.40)+rw,0.5033333333333333,0.9133333333333333
G1-small20,0.1,28,TCR(0.25)+rw,0.927007299270073,0.927007299270073
G1-small20,0.1,28,TCR(0.40)+rw,0.5218978102189781,0.927007299270073
G1-small20,0.2,28,TCR(0.25)+rw,0.9259259259259259,0.9259259259259259
G1-small20,0.2,28,TCR(0.40)+rw,0.6419753086419753,0.9135802469135802
G1-small20,0.3,28,TCR(0.25)+rw,0.8142857142857143,0.8142857142857143
G1-small20,0.3,28,TCR(0.40)+rw,0.8142857142857143,0.8142857142857143
G2-small15,0.0,28,TCR(0.25)+rw,0.6433333333333333,0.92
G2-small15,0.0,28,TCR(0.40)+rw,0.5733333333333334,0.92
G2-small15,0.1,28,TCR(0.25)+rw,0.6727941176470589,0.9117647058823529
G2-small15,0.1,28,TCR(0.40)+rw,0.6654411764705882,0.9154411764705882
G2-small15,0.2,28,TCR(0.25)+rw,0.8888888888888888,0.8888888888888888
G2-small15,0.2,28,TCR(0.40)+rw,0.5,0.9102564102564102
G2-small15,0.3,28,TCR(0.25)+rw,0.8591549295774648,0.8591549295774648
G2-small15,0.3,28,TCR(0.40)+rw,0.8967136150234741,0.8967136150234741
G3-cluster,0.0,28,TCR(0.25)+rw,0.9266666666666666,0.9266666666666666
G3-cluster,0.0,28,TCR(0.40)+rw,0.9266666666666666,0.9266666666666666
G3-cluster,0.1,28,TCR(0.25)+rw,0.9130434782608695,0.9130434782608695
G3-cluster,0.1,28,TCR(0.40)+rw,0.9130434782608695,0.9130434782608695
G3-cluster,0.2,28,TCR(0.25)+rw,0.8943089430894309,0.8943089430894309
G3-cluster,0.2,28,TCR(0.40)+rw,0.8902439024390244,0.8902439024390244
G3-cluster,0.3,28,TCR(0.25)+rw,0.5,0.5
G3-cluster,0.3,28,TCR(0.40)+rw,0.9086538461538461,0.9086538461538461
G1-small20,0.0,29,TCR(0.25)+rw,0.87,0.87
G1-small20,0.0,29,TCR(0.40)+rw,0.56,0.87
G1-small20,0.1,29,TCR(0.25)+rw,0.8847583643122676,0.8847583643122676
G1-small20,0.1,29,TCR(0.40)+rw,0.5018587360594795,0.8847583643122676
G1-small20,0.2,29,TCR(0.25)+rw,0.9117647058823529,0.9117647058823529
G1-small20,0.2,29,TCR(0.40)+rw,0.9117647058823529,0.9117647058823529
G1-small20,0.3,29,TCR(0.25)+rw,0.9272727272727272,0.9272727272727272
G1-small20,0.3,29,TCR(0.40)+rw,0.9090909090909091,0.9090909090909091
G2-small15,0.0,29,TCR(0.25)+rw,0.58,0.9233333333333333
G2-small15,0.0,29,TCR(0.40)+rw,0.58,0.9233333333333333
G2-small15,0.1,29,TCR(0.25)+rw,0.6981818181818182,0.8872727272727273
G2-small15,0.1,29,TCR(0.40)+rw,0.6072727272727273,0.8872727272727273
G2-small15,0.2,29,TCR(0.25)+rw,0.8987341772151899,0.8987341772151899
G2-small15,0.2,29,TCR(0.40)+rw,0.8987341772151899,0.8987341772151899
G2-small15,0.3,29,TCR(0.25)+rw,0.8480392156862745,0.8480392156862745
G2-small15,0.3,29,TCR(0.40)+rw,0.8529411764705882,0.8529411764705882
G3-cluster,0.0,29,TCR(0.25)+rw,0.92,0.92
G3-cluster,0.0,29,TCR(0.40)+rw,0.92,0.92
G3-cluster,0.1,29,TCR(0.25)+rw,0.9135338345864662,0.9135338345864662
G3-cluster,0.1,29,TCR(0.40)+rw,0.9135338345864662,0.9135338345864662
G3-cluster,0.2,29,TCR(0.25)+rw,0.9065040650406504,0.9065040650406504
G3-cluster,0.2,29,TCR(0.40)+rw,0.9065040650406504,0.9065040650406504
G3-cluster,0.3,29,TCR(0.25)+rw,0.5601851851851852,0.9027777777777778
G3-cluster,0.3,29,TCR(0.40)+rw,0.5601851851851852,0.9027777777777778
G1-small20,0.0,30,TCR(0.25)+rw,0.65,0.9033333333333333
G1-small20,0.0,30,TCR(0.40)+rw,0.5866666666666667,0.9033333333333333
G1-small20,0.1,30,TCR(0.25)+rw,0.9291044776119403,0.9291044776119403
G1-small20,0.1,30,TCR(0.40)+rw,0.5410447761194029,0.917910447761194
G1-small20,0.2,30,TCR(0.25)+rw,0.9156118143459916,0.9156118143459916
G1-small20,0.2,30,TCR(0.40)+rw,0.6244725738396625,0.9156118143459916
G1-small20,0.3,30,TCR(0.25)+rw,0.8221153846153846,0.8221153846153846
G1-small20,0.3,30,TCR(0.40)+rw,0.8990384615384616,0.8990384615384616
G2-small15,0.0,30,TCR(0.25)+rw,0.5933333333333334,0.9033333333333333
G2-small15,0.0,30,TCR(0.40)+rw,0.5566666666666666,0.9033333333333333
G2-small15,0.1,30,TCR(0.25)+rw,0.5878136200716846,0.9283154121863799
G2-small15,0.1,30,TCR(0.40)+rw,0.5698924731182796,0.9283154121863799
G2-small15,0.2,30,TCR(0.25)+rw,0.916,0.916
G2-small15,0.2,30,TCR(0.40)+rw,0.608,0.916
G2-small15,0.3,30,TCR(0.25)+rw,0.8390243902439024,0.8390243902439024
G2-small15,0.3,30,TCR(0.40)+rw,0.8390243902439024,0.8390243902439024
G3-cluster,0.0,30,TCR(0.25)+rw,0.9266666666666666,0.9266666666666666
G3-cluster,0.0,30,TCR(0.40)+rw,0.9266666666666666,0.9266666666666666
G3-cluster,0.1,30,TCR(0.25)+rw,0.8821428571428571,0.8821428571428571
G3-cluster,0.1,30,TCR(0.40)+rw,0.8821428571428571,0.8821428571428571
G3-cluster,0.2,30,TCR(0.25)+rw,0.9205020920502092,0.9205020920502092
G3-cluster,0.2,30,TCR(0.40)+rw,0.9205020920502092,0.9205020920502092
G3-cluster,0.3,30,TCR(0.25)+rw,0.5142857142857142,0.5142857142857142
G3-cluster,0.3,30,TCR(0.40)+rw,0.5142857142857142,0.5142857142857142
G1-small20,0.0,31,TCR(0.25)+rw,0.54,0.8966666666666666
G1-small20,0.0,31,TCR(0.40)+rw,0.54,0.8966666666666666
G1-small20,0.1,31,TCR(0.25)+rw,0.9163636363636364,0.9163636363636364
G1-small20,0.1,31,TCR(0.40)+rw,0.5527272727272727,0.92
G1-small20,0.2,31,TCR(0.25)+rw,0.9288702928870293,0.9288702928870293
G1-small20,0.2,31,TCR(0.40)+rw,0.6527196652719666,0.6527196652719666
G1-small20,0.3,31,TCR(0.25)+rw,0.8644859813084113,0.8644859813084113
G1-small20,0.3,31,TCR(0.40)+rw,0.8037383177570093,0.8037383177570093
G2-small15,0.0,31,TCR(0.25)+rw,0.54,0.9233333333333333
G2-small15,0.0,31,TCR(0.40)+rw,0.5366666666666666,0.9233333333333333
G2-small15,0.1,31,TCR(0.25)+rw,0.5714285714285714,0.9097744360902256
G2-small15,0.1,31,TCR(0.40)+rw,0.5338345864661654,0.9097744360902256
G2-small15,0.2,31,TCR(0.25)+rw,0.875,0.875
G2-small15,0.2,31,TCR(0.40)+rw,0.8708333333333333,0.8708333333333333
G2-small15,0.3,31,TCR(0.25)+rw,0.8755760368663594,0.8755760368663594
G2-small15,0.3,31,TCR(0.40)+rw,0.8617511520737328,0.8617511520737328
G3-cluster,0.0,31,TCR(0.25)+rw,0.8866666666666667,0.8866666666666667
G3-cluster,0.0,31,TCR(0.40)+rw,0.8866666666666667,0.8866666666666667
G3-cluster,0.1,31,TCR(0.25)+rw,0.9157509157509157,0.9157509157509157
G3-cluster,0.1,31,TCR(0.40)+rw,0.9120879120879121,0.9120879120879121
G3-cluster,0.2,31,TCR(0.25)+rw,0.9230769230769231,0.9230769230769231
G3-cluster,0.2,31,TCR(0.40)+rw,0.9230769230769231,0.9230769230769231
G3-cluster,0.3,31,TCR(0.25)+rw,0.5467980295566502,0.5467980295566502
G3-cluster,0.3,31,TCR(0.40)+rw,0.5467980295566502,0.5467980295566502
G1-small20,0.0,32,TCR(0.25)+rw,0.6766666666666666,0.9233333333333333
G1-small20,0.0,32,TCR(0.40)+rw,0.5866666666666667,0.9233333333333333
G1-small20,0.1,32,TCR(0.25)+rw,0.8819188191881919,0.8819188191881919
G1-small20,0.1,32,TCR(0.40)+rw,0.5424354243542435,0.8745387453874539
G1-small20,0.2,32,TCR(0.25)+rw,0.9142857142857143,0.9142857142857143
G1-small20,0.2,32,TCR(0.40)+rw,0.7673469387755102,0.9020408163265307
G1-small20,0.3,32,TCR(0.25)+rw,0.8544600938967136,0.8544600938967136
G1-small20,0.3,32,TCR(0.40)+rw,0.8356807511737089,0.8356807511737089
G2-small15,0.0,32,TCR(0.25)+rw,0.5466666666666666,0.9166666666666666
G2-small15,0.0,32,TCR(0.40)+rw,0.5466666666666666,0.9166666666666666
G2-small15,0.1,32,TCR(0.25)+rw,0.8953068592057761,0.8953068592057761
G2-small15,0.1,32,TCR(0.40)+rw,0.5054151624548736,0.8844765342960289
G2-small15,0.2,32,TCR(0.25)+rw,0.9033613445378151,0.9033613445378151
G2-small15,0.2,32,TCR(0.40)+rw,0.9033613445378151,0.9033613445378151
G2-small15,0.3,32,TCR(0.25)+rw,0.8592233009708737,0.8592233009708737
G2-small15,0.3,32,TCR(0.40)+rw,0.8689320388349514,0.8689320388349514
G3-cluster,0.0,32,TCR(0.25)+rw,0.9166666666666666,0.9166666666666666
G3-cluster,0.0,32,TCR(0.40)+rw,0.9166666666666666,0.9166666666666666
G3-cluster,0.1,32,TCR(0.25)+rw,0.9090909090909091,0.9090909090909091
G3-cluster,0.1,32,TCR(0.40)+rw,0.9090909090909091,0.9090909090909091
G3-cluster,0.2,32,TCR(0.25)+rw,0.8760683760683761,0.8760683760683761
G3-cluster,0.2,32,TCR(0.40)+rw,0.8760683760683761,0.8760683760683761
G3-cluster,0.3,32,TCR(0.25)+rw,0.5327102803738317,0.5327102803738317
G3-cluster,0.3,32,TCR(0.40)+rw,0.5327102803738317,0.5327102803738317
G1-small20,0.0,33,TCR(0.25)+rw,0.6066666666666667,0.8933333333333333
G1-small20,0.0,33,TCR(0.40)+rw,0.6033333333333334,0.8933333333333333
G1-small20,0.1,33,TCR(0.25)+rw,0.9120879120879121,0.9120879120879121
G1-small20,0.1,33,TCR(0.40)+rw,0.608058608058608,0.9157509157509157
G1-small20,0.2,33,TCR(0.25)+rw,0.923728813559322,0.923728813559322
G1-small20,0.2,33,TCR(0.40)+rw,0.6101694915254238,0.9279661016949152
G1-small20,0.3,33,TCR(0.25)+rw,0.8146341463414634,0.8146341463414634
G1-small20,0.3,33,TCR(0.40)+rw,0.9560975609756097,0.9560975609756097
G2-small15,0.0,33,TCR(0.25)+rw,0.5766666666666667,0.9266666666666666
G2-small15,0.0,33,TCR(0.40)+rw,0.63,0.9266666666666666
G2-small15,0.1,33,TCR(0.25)+rw,0.6125461254612546,0.9114391143911439
G2-small15,0.1,33,TCR(0.40)+rw,0.5571955719557196,0.9114391143911439
G2-small15,0.2,33,TCR(0.25)+rw,0.902542372881356,0.902542372881356
G2-small15,0.2,33,TCR(0.40)+rw,0.902542372881356,0.902542372881356
G2-small15,0.3,33,TCR(0.25)+rw,0.8309178743961353,0.8309178743961353
G2-small15,0.3,33,TCR(0.40)+rw,0.855072463768116,0.855072463768116
G3-cluster,0.0,33,TCR(0.25)+rw,0.9033333333333333,0.9033333333333333
G3-cluster,0.0,33,TCR(0.40)+rw,0.9033333333333333,0.9033333333333333
G3-cluster,0.1,33,TCR(0.25)+rw,0.9018867924528302,0.9018867924528302
G3-cluster,0.1,33,TCR(0.40)+rw,0.9018867924528302,0.9018867924528302
G3-cluster,0.2,33,TCR(0.25)+rw,0.9105691056910569,0.9105691056910569
G3-cluster,0.2,33,TCR(0.40)+rw,0.9105691056910569,0.9105691056910569
G3-cluster,0.3,33,TCR(0.25)+rw,0.587378640776699,0.9223300970873787
G3-cluster,0.3,33,TCR(0.40)+rw,0.5339805825242718,0.5339805825242718
G1-small20,0.0,34,TCR(0.25)+rw,0.6333333333333333,0.9133333333333333
G1-small20,0.0,34,TCR(0.40)+rw,0.5933333333333334,0.9133333333333333
G1-small20,0.1,34,TCR(0.25)+rw,0.9068100358422939,0.9068100358422939
G1-small20,0.1,34,TCR(0.40)+rw,0.5232974910394266,0.9032258064516129
G1-small20,0.2,34,TCR(0.25)+rw,0.9045643153526971,0.9045643153526971
G1-small20,0.2,34,TCR(0.40)+rw,0.6514522821576764,0.9004149377593361
G1-small20,0.3,34,TCR(0.25)+rw,0.9,0.9
G1-small20,0.3,34,TCR(0.40)+rw,0.8818181818181818,0.8818181818181818
G2-small15,0.0,34,TCR(0.25)+rw,0.5366666666666666,0.9133333333333333
G2-small15,0.0,34,TCR(0.40)+rw,0.5133333333333333,0.9133333333333333
G2-small15,0.1,34,TCR(0.25)+rw,0.5971223021582733,0.9100719424460432
G2-small15,0.1,34,TCR(0.40)+rw,0.5215827338129496,0.9100719424460432
G2-small15,0.2,34,TCR(0.25)+rw,0.9116465863453815,0.9116465863453815
G2-small15,0.2,34,TCR(0.40)+rw,0.9116465863453815,0.9116465863453815
G2-small15,0.3,34,TCR(0.25)+rw,0.8888888888888888,0.8888888888888888
G2-small15,0.3,34,TCR(0.40)+rw,0.8686868686868687,0.8686868686868687
G3-cluster,0.0,34,TCR(0.25)+rw,0.93,0.93
G3-cluster,0.0,34,TCR(0.40)+rw,0.9366666666666666,0.9366666666666666
G3-cluster,0.1,34,TCR(0.25)+rw,0.9007352941176471,0.9007352941176471
G3-cluster,0.1,34,TCR(0.40)+rw,0.9007352941176471,0.9007352941176471
G3-cluster,0.2,34,TCR(0.25)+rw,0.9067796610169492,0.9067796610169492
G3-cluster,0.2,34,TCR(0.40)+rw,0.902542372881356,0.902542372881356
G3-cluster,0.3,34,TCR(0.25)+rw,0.6601941747572816,0.6601941747572816
G3-cluster,0.3,34,TCR(0.40)+rw,0.6601941747572816,0.6601941747572816
G1-small20,0.0,35,TCR(0.25)+rw,0.5566666666666666,0.9266666666666666
G1-small20,0.0,35,TCR(0.40)+rw,0.53,0.9266666666666666
G1-small20,0.1,35,TCR(0.25)+rw,0.933579335793358,0.933579335793358
G1-small20,0.1,35,TCR(0.40)+rw,0.5092250922509225,0.940959409594096
G1-small20,0.2,35,TCR(0.25)+rw,0.8373015873015873,0.8373015873015873
G1-small20,0.2,35,TCR(0.40)+rw,0.5119047619047619,0.9246031746031746
G1-small20,0.3,35,TCR(0.25)+rw,0.7611940298507462,0.7611940298507462
G1-small20,0.3,35,TCR(0.40)+rw,0.7661691542288557,0.7661691542288557
G2-small15,0.0,35,TCR(0.25)+rw,0.6966666666666667,0.9
G2-small15,0.0,35,TCR(0.40)+rw,0.6466666666666666,0.91
G2-small15,0.1,35,TCR(0.25)+rw,0.5090252707581228,0.927797833935018
G2-small15,0.1,35,TCR(0.40)+rw,0.5090252707581228,0.927797833935018
G2-small15,0.2,35,TCR(0.25)+rw,0.8888888888888888,0.8888888888888888
G2-small15,0.2,35,TCR(0.40)+rw,0.5720164609053497,0.8888888888888888
G2-small15,0.3,35,TCR(0.25)+rw,0.8872549019607843,0.8872549019607843
G2-small15,0.3,35,TCR(0.40)+rw,0.8872549019607843,0.8872549019607843
G3-cluster,0.0,35,TCR(0.25)+rw,0.9333333333333333,0.9333333333333333
G3-cluster,0.0,35,TCR(0.40)+rw,0.9333333333333333,0.9333333333333333
G3-cluster,0.1,35,TCR(0.25)+rw,0.9213483146067416,0.9213483146067416
G3-cluster,0.1,35,TCR(0.40)+rw,0.9213483146067416,0.9213483146067416
G3-cluster,0.2,35,TCR(0.25)+rw,0.9139344262295082,0.9139344262295082
G3-cluster,0.2,35,TCR(0.40)+rw,0.9221311475409836,0.9221311475409836
G3-cluster,0.3,35,TCR(0.25)+rw,0.5119617224880383,0.5119617224880383
G3-cluster,0.3,35,TCR(0.40)+rw,0.5119617224880383,0.5119617224880383
G1-small20,0.0,36,TCR(0.25)+rw,0.6733333333333333,0.9233333333333333
G1-small20,0.0,36,TCR(0.40)+rw,0.5733333333333334,0.9233333333333333
G1-small20,0.1,36,TCR(0.25)+rw,0.915129151291513,0.915129151291513
G1-small20,0.1,36,TCR(0.40)+rw,0.6236162361623616,0.915129151291513
G1-small20,0.2,36,TCR(0.25)+rw,0.9361702127659575,0.9361702127659575
G1-small20,0.2,36,TCR(0.40)+rw,0.625531914893617,0.9361702127659575
G1-small20,0.3,36,TCR(0.25)+rw,0.7644230769230769,0.7644230769230769
G1-small20,0.3,36,TCR(0.40)+rw,0.8990384615384616,0.8990384615384616
G2-small15,0.0,36,TCR(0.25)+rw,0.5466666666666666,0.9033333333333333
G2-small15,0.0,36,TCR(0.40)+rw,0.53,0.9033333333333333
G2-small15,0.1,36,TCR(0.25)+rw,0.9138576779026217,0.9138576779026217
G2-small15,0.1,36,TCR(0.40)+rw,0.6217228464419475,0.9138576779026217
G2-small15,0.2,36,TCR(0.25)+rw,0.9053497942386831,0.9053497942386831
G2-small15,0.2,36,TCR(0.40)+rw,0.6172839506172839,0.9053497942386831
G2-small15,0.3,36,TCR(0.25)+rw,0.8140703517587939,0.8140703517587939
G2-small15,0.3,36,TCR(0.40)+rw,0.7889447236180904,0.7889447236180904
G3-cluster,0.0,36,TCR(0.25)+rw,0.9066666666666666,0.9066666666666666
G3-cluster,0.0,36,TCR(0.40)+rw,0.91,0.91
G3-cluster,0.1,36,TCR(0.25)+rw,0.8996282527881041,0.8996282527881041
G3-cluster,0.1,36,TCR(0.40)+rw,0.8996282527881041,0.8996282527881041
G3-cluster,0.2,36,TCR(0.25)+rw,0.9148936170212766,0.9148936170212766
G3-cluster,0.2,36,TCR(0.40)+rw,0.9148936170212766,0.9148936170212766
G3-cluster,0.3,36,TCR(0.25)+rw,0.5238095238095238,0.5238095238095238
G3-cluster,0.3,36,TCR(0.40)+rw,0.9,0.9
G1-small20,0.0,37,TCR(0.25)+rw,0.8933333333333333,0.8933333333333333
G1-small20,0.0,37,TCR(0.40)+rw,0.6233333333333333,0.9033333333333333
G1-small20,0.1,37,TCR(0.25)+rw,0.7011070110701108,0.9520295202952029
G1-small20,0.1,37,TCR(0.40)+rw,0.5571955719557196,0.9520295202952029
G1-small20,0.2,37,TCR(0.25)+rw,0.9102564102564102,0.9102564102564102
G1-small20,0.2,37,TCR(0.40)+rw,0.5683760683760684,0.9102564102564102
G1-small20,0.3,37,TCR(0.25)+rw,0.8047619047619048,0.8047619047619048
G1-small20,0.3,37,TCR(0.40)+rw,0.9571428571428572,0.9571428571428572
G2-small15,0.0,37,TCR(0.25)+rw,0.8933333333333333,0.8933333333333333
G2-small15,0.0,37,TCR(0.40)+rw,0.56,0.9066666666666666
G2-small15,0.1,37,TCR(0.25)+rw,0.5767790262172284,0.9288389513108615
G2-small15,0.1,37,TCR(0.40)+rw,0.5056179775280899,0.5056179775280899
G2-small15,0.2,37,TCR(0.25)+rw,0.9057377049180327,0.9057377049180327
G2-small15,0.2,37,TCR(0.40)+rw,0.5614754098360656,0.9057377049180327
G2-small15,0.3,37,TCR(0.25)+rw,0.8341463414634146,0.8341463414634146
G2-small15,0.3,37,TCR(0.40)+rw,0.8975609756097561,0.8975609756097561
G3-cluster,0.0,37,TCR(0.25)+rw,0.92,0.92
G3-cluster,0.0,37,TCR(0.40)+rw,0.92,0.92
G3-cluster,0.1,37,TCR(0.25)+rw,0.9117647058823529,0.9117647058823529
G3-cluster,0.1,37,TCR(0.40)+rw,0.9117647058823529,0.9117647058823529
G3-cluster,0.2,37,TCR(0.25)+rw,0.9162995594713657,0.9162995594713657
G3-cluster,0.2,37,TCR(0.40)+rw,0.9162995594713657,0.9162995594713657
G3-cluster,0.3,37,TCR(0.25)+rw,0.5660377358490566,0.5660377358490566
G3-cluster,0.3,37,TCR(0.40)+rw,0.9150943396226415,0.9150943396226415
G1-small20,0.0,38,TCR(0.25)+rw,0.5866666666666667,0.9266666666666666
G1-small20,0.0,38,TCR(0.40)+rw,0.5433333333333333,0.9266666666666666
G1-small20,0.1,38,TCR(0.25)+rw,0.5940959409594095,0.922509225092251
G1-small20,0.1,38,TCR(0.40)+rw,0.5424354243542435,0.922509225092251
G1-small20,0.2,38,TCR(0.25)+rw,0.9098360655737705,0.9098360655737705
G1-small20,0.2,38,TCR(0.40)+rw,0.6639344262295082,0.9057377049180327
G1-small20,0.3,38,TCR(0.25)+rw,0.7783251231527094,0.7783251231527094
G1-small20,0.3,38,TCR(0.40)+rw,0.9113300492610837,0.9113300492610837
G2-small15,0.0,38,TCR(0.25)+rw,0.6166666666666667,0.9133333333333333
G2-small15,0.0,38,TCR(0.40)+rw,0.5933333333333334,0.92
G2-small15,0.1,38,TCR(0.25)+rw,0.9375,0.9375
G2-small15,0.1,38,TCR(0.40)+rw,0.5882352941176471,0.9375
G2-small15,0.2,38,TCR(0.25)+rw,0.8966942148760331,0.8966942148760331
G2-small15,0.2,38,TCR(0.40)+rw,0.5785123966942148,0.8966942148760331
G2-small15,0.3,38,TCR(0.25)+rw,0.885,0.885
G2-small15,0.3,38,TCR(0.40)+rw,0.885,0.885
G3-cluster,0.0,38,TCR(0.25)+rw,0.9133333333333333,0.9133333333333333
G3-cluster,0.0,38,TCR(0.40)+rw,0.9133333333333333,0.9133333333333333
G3-cluster,0.1,38,TCR(0.25)+rw,0.9077490774907749,0.9077490774907749
G3-cluster,0.1,38,TCR(0.40)+rw,0.9040590405904059,0.9040590405904059
G3-cluster,0.2,38,TCR(0.25)+rw,0.9173913043478261,0.9173913043478261
G3-cluster,0.2,38,TCR(0.40)+rw,0.9173913043478261,0.9173913043478261
G3-cluster,0.3,38,TCR(0.25)+rw,0.6157635467980296,0.6157635467980296
G3-cluster,0.3,38,TCR(0.40)+rw,0.6157635467980296,0.6157635467980296
G1-small20,0.0,39,TCR(0.25)+rw,0.64,0.9166666666666666
G1-small20,0.0,39,TCR(0.40)+rw,0.6166666666666667,0.9166666666666666
G1-small20,0.1,39,TCR(0.25)+rw,0.9227941176470589,0.9227941176470589
G1-small20,0.1,39,TCR(0.40)+rw,0.9154411764705882,0.9154411764705882
G1-small20,0.2,39,TCR(0.25)+rw,0.9029535864978903,0.9029535864978903
G1-small20,0.2,39,TCR(0.40)+rw,0.890295358649789,0.890295358649789
G1-small20,0.3,39,TCR(0.25)+rw,0.867579908675799,0.867579908675799
G1-small20,0.3,39,TCR(0.40)+rw,0.8995433789954338,0.8995433789954338
G2-small15,0.0,39,TCR(0.25)+rw,0.5466666666666666,0.9233333333333333
G2-small15,0.0,39,TCR(0.40)+rw,0.5366666666666666,0.9233333333333333
G2-small15,0.1,39,TCR(0.25)+rw,0.9274809160305344,0.9274809160305344
G2-small15,0.1,39,TCR(0.40)+rw,0.7251908396946565,0.9312977099236641
G2-small15,0.2,39,TCR(0.25)+rw,0.8739495798319328,0.8739495798319328
G2-small15,0.2,39,TCR(0.40)+rw,0.5294117647058824,0.8697478991596639
G2-small15,0.3,39,TCR(0.25)+rw,0.8604651162790697,0.8604651162790697
G2-small15,0.3,39,TCR(0.40)+rw,0.6976744186046512,0.6976744186046512
G3-cluster,0.0,39,TCR(0.25)+rw,0.9133333333333333,0.9133333333333333
G3-cluster,0.0,39,TCR(0.40)+rw,0.9133333333333333,0.9133333333333333
G3-cluster,0.1,39,TCR(0.25)+rw,0.899641577060932,0.899641577060932
G3-cluster,0.1,39,TCR(0.40)+rw,0.9032258064516129,0.9032258064516129
G3-cluster,0.2,39,TCR(0.25)+rw,0.9311740890688259,0.9311740890688259
G3-cluster,0.2,39,TCR(0.40)+rw,0.9311740890688259,0.9311740890688259
G3-cluster,0.3,39,TCR(0.25)+rw,0.5317073170731708,0.5317073170731708
G3-cluster,0.3,39,TCR(0.40)+rw,0.9024390243902439,0.9024390243902439
G1-small20,0.0,40,TCR(0.25)+rw,0.5566666666666666,0.8733333333333333
G1-small20,0.0,40,TCR(0.40)+rw,0.59,0.8666666666666667
G1-small20,0.1,40,TCR(0.25)+rw,0.9227941176470589,0.9227941176470589
G1-small20,0.1,40,TCR(0.40)+rw,0.5073529411764706,0.9227941176470589
G1-small20,0.2,40,TCR(0.25)+rw,0.9362549800796812,0.9362549800796812
G1-small20,0.2,40,TCR(0.40)+rw,0.5657370517928287,0.9362549800796812
G1-small20,0.3,40,TCR(0.25)+rw,0.7560975609756098,0.7560975609756098
G1-small20,0.3,40,TCR(0.40)+rw,0.9024390243902439,0.9024390243902439
G2-small15,0.0,40,TCR(0.25)+rw,0.6266666666666667,0.9133333333333333
G2-small15,0.0,40,TCR(0.40)+rw,0.5933333333333334,0.9166666666666666
G2-small15,0.1,40,TCR(0.25)+rw,0.6133828996282528,0.9033457249070632
G2-small15,0.1,40,TCR(0.40)+rw,0.620817843866171,0.9033457249070632
G2-small15,0.2,40,TCR(0.25)+rw,0.8677685950413223,0.8677685950413223
G2-small15,0.2,40,TCR(0.40)+rw,0.5826446280991735,0.871900826446281
G2-small15,0.3,40,TCR(0.25)+rw,0.8761467889908257,0.8761467889908257
G2-small15,0.3,40,TCR(0.40)+rw,0.8853211009174312,0.8853211009174312
G3-cluster,0.0,40,TCR(0.25)+rw,0.93,0.93
G3-cluster,0.0,40,TCR(0.40)+rw,0.93,0.93
G3-cluster,0.1,40,TCR(0.25)+rw,0.9070631970260223,0.9070631970260223
G3-cluster,0.1,40,TCR(0.40)+rw,0.9070631970260223,0.9070631970260223
G3-cluster,0.2,40,TCR(0.25)+rw,0.8902439024390244,0.8902439024390244
G3-cluster,0.2,40,TCR(0.40)+rw,0.8902439024390244,0.8902439024390244
G3-cluster,0.3,40,TCR(0.25)+rw,0.5074626865671642,0.5074626865671642
G3-cluster,0.3,40,TCR(0.40)+rw,0.5074626865671642,0.5074626865671642
G1-small20,0.0,41,TCR(0.25)+rw,0.5566666666666666,0.9233333333333333
G1-small20,0.0,41,TCR(0.40)+rw,0.5833333333333334,0.9233333333333333
G1-small20,0.1,41,TCR(0.25)+rw,0.9026217228464419,0.9026217228464419
G1-small20,0.1,41,TCR(0.40)+rw,0.5355805243445693,0.898876404494382
G1-small20,0.2,41,TCR(0.25)+rw,0.9149797570850202,0.9149797570850202
G1-small20,0.2,41,TCR(0.40)+rw,0.9149797570850202,0.9149797570850202
G1-small20,0.3,41,TCR(0.25)+rw,0.782608695652174,0.782608695652174
G1-small20,0.3,41,TCR(0.40)+rw,0.8888888888888888,0.8888888888888888
G2-small15,0.0,41,TCR(0.25)+rw,0.62,0.88
G2-small15,0.0,41,TCR(0.40)+rw,0.6,0.8833333333333333
G2-small15,0.1,41,TCR(0.25)+rw,0.9097744360902256,0.9097744360902256
G2-small15,0.1,41,TCR(0.40)+rw,0.5150375939849624,0.9022556390977443
G2-small15,0.2,41,TCR(0.25)+rw,0.9213973799126638,0.9213973799126638
G2-small15,0.2,41,TCR(0.40)+rw,0.519650655021834,0.519650655021834
G2-small15,0.3,41,TCR(0.25)+rw,0.9333333333333333,0.9333333333333333
G2-small15,0.3,41,TCR(0.40)+rw,0.5822222222222222,0.9333333333333333
G3-cluster,0.0,41,TCR(0.25)+rw,0.9166666666666666,0.9166666666666666
G3-cluster,0.0,41,TCR(0.40)+rw,0.9166666666666666,0.9166666666666666
G3-cluster,0.1,41,TCR(0.25)+rw,0.8992537313432836,0.8992537313432836
G3-cluster,0.1,41,TCR(0.40)+rw,0.8992537313432836,0.8992537313432836
G3-cluster,0.2,41,TCR(0.25)+rw,0.8755555555555555,0.8755555555555555
G3-cluster,0.2,41,TCR(0.40)+rw,0.8755555555555555,0.8755555555555555
G3-cluster,0.3,41,TCR(0.25)+rw,0.5422885572139303,0.5422885572139303
G3-cluster,0.3,41,TCR(0.40)+rw,0.9253731343283582,0.9253731343283582
G1-small20,0.0,42,TCR(0.25)+rw,0.5966666666666667,0.8933333333333333
G1-small20,0.0,42,TCR(0.40)+rw,0.5966666666666667,0.8933333333333333
G1-small20,0.1,42,TCR(0.25)+rw,0.8992537313432836,0.8992537313432836
G1-small20,0.1,42,TCR(0.40)+rw,0.503731343283582,0.9029850746268657
G1-small20,0.2,42,TCR(0.25)+rw,0.9041666666666667,0.9041666666666667
G1-small20,0.2,42,TCR(0.40)+rw,0.6666666666666666,0.9
G1-small20,0.3,42,TCR(0.25)+rw,0.8203883495145631,0.8203883495145631
G1-small20,0.3,42,TCR(0.40)+rw,0.8106796116504854,0.8106796116504854
G2-small15,0.0,42,TCR(0.25)+rw,0.57,0.8666666666666667
G2-small15,0.0,42,TCR(0.40)+rw,0.5166666666666667,0.8666666666666667
G2-small15,0.1,42,TCR(0.25)+rw,0.9007633587786259,0.9007633587786259
G2-small15,0.1,42,TCR(0.40)+rw,0.6106870229007634,0.9007633587786259
G2-small15,0.2,42,TCR(0.25)+rw,0.8987854251012146,0.8987854251012146
G2-small15,0.2,42,TCR(0.40)+rw,0.6275303643724697,0.8987854251012146
G2-small15,0.3,42,TCR(0.25)+rw,0.8426395939086294,0.8426395939086294
G2-small15,0.3,42,TCR(0.40)+rw,0.8324873096446701,0.8324873096446701
G3-cluster,0.0,42,TCR(0.25)+rw,0.9266666666666666,0.9266666666666666
G3-cluster,0.0,42,TCR(0.40)+rw,0.9233333333333333,0.9233333333333333
G3-cluster,0.1,42,TCR(0.25)+rw,0.8996282527881041,0.8996282527881041
G3-cluster,0.1,42,TCR(0.40)+rw,0.8996282527881041,0.8996282527881041
G3-cluster,0.2,42,TCR(0.25)+rw,0.9170305676855895,0.9170305676855895
G3-cluster,0.2,42,TCR(0.40)+rw,0.9126637554585153,0.9126637554585153
G3-cluster,0.3,42,TCR(0.25)+rw,0.5571428571428572,0.5571428571428572
G3-cluster,0.3,42,TCR(0.40)+rw,0.5571428571428572,0.8761904761904762
G1-small20,0.0,43,TCR(0.25)+rw,0.5533333333333333,0.93
G1-small20,0.0,43,TCR(0.40)+rw,0.5533333333333333,0.9233333333333333
G1-small20,0.1,43,TCR(0.25)+rw,0.8777777777777778,0.8777777777777778
G1-small20,0.1,43,TCR(0.40)+rw,0.5148148148148148,0.8740740740740741
G1-small20,0.2,43,TCR(0.25)+rw,0.9356223175965666,0.9356223175965666
G1-small20,0.2,43,TCR(0.40)+rw,0.9313304721030042,0.9313304721030042
G1-small20,0.3,43,TCR(0.25)+rw,0.8486238532110092,0.8486238532110092
G1-small20,0.3,43,TCR(0.40)+rw,0.9174311926605505,0.9174311926605505
G2-small15,0.0,43,TCR(0.25)+rw,0.56,0.8866666666666667
G2-small15,0.0,43,TCR(0.40)+rw,0.5366666666666666,0.8866666666666667
G2-small15,0.1,43,TCR(0.25)+rw,0.9040590405904059,0.9040590405904059
G2-small15,0.1,43,TCR(0.40)+rw,0.5387453874538746,0.9077490774907749
G2-small15,0.2,43,TCR(0.25)+rw,0.927710843373494,0.927710843373494
G2-small15,0.2,43,TCR(0.40)+rw,0.6144578313253012,0.927710843373494
G2-small15,0.3,43,TCR(0.25)+rw,0.9009009009009009,0.9009009009009009
G2-small15,0.3,43,TCR(0.40)+rw,0.6576576576576577,0.6576576576576577
G3-cluster,0.0,43,TCR(0.25)+rw,0.9133333333333333,0.9133333333333333
G3-cluster,0.0,43,TCR(0.40)+rw,0.9133333333333333,0.9133333333333333
G3-cluster,0.1,43,TCR(0.25)+rw,0.9026217228464419,0.9026217228464419
G3-cluster,0.1,43,TCR(0.40)+rw,0.9026217228464419,0.9026217228464419
G3-cluster,0.2,43,TCR(0.25)+rw,0.9135802469135802,0.9135802469135802
G3-cluster,0.2,43,TCR(0.40)+rw,0.9135802469135802,0.9135802469135802
G3-cluster,0.3,43,TCR(0.25)+rw,0.5024154589371981,0.5024154589371981
G3-cluster,0.3,43,TCR(0.40)+rw,0.5024154589371981,0.5024154589371981
G1-small20,0.0,44,TCR(0.25)+rw,0.5433333333333333,0.8933333333333333
G1-small20,0.0,44,TCR(0.40)+rw,0.5333333333333333,0.8933333333333333
G1-small20,0.1,44,TCR(0.25)+rw,0.9087591240875912,0.9087591240875912
G1-small20,0.1,44,TCR(0.40)+rw,0.5328467153284672,0.9014598540145985
G1-small20,0.2,44,TCR(0.25)+rw,0.9240506329113924,0.9240506329113924
G1-small20,0.2,44,TCR(0.40)+rw,0.5864978902953587,0.9240506329113924
G1-small20,0.3,44,TCR(0.25)+rw,0.7874396135265701,0.7874396135265701
G1-small20,0.3,44,TCR(0.40)+rw,0.9227053140096618,0.9227053140096618
G2-small15,0.0,44,TCR(0.25)+rw,0.61,0.9266666666666666
G2-small15,0.0,44,TCR(0.40)+rw,0.5033333333333333,0.9366666666666666
G2-small15,0.1,44,TCR(0.25)+rw,0.9163636363636364,0.9163636363636364
G2-small15,0.1,44,TCR(0.40)+rw,0.5963636363636363,0.9163636363636364
G2-small15,0.2,44,TCR(0.25)+rw,0.92578125,0.92578125
G2-small15,0.2,44,TCR(0.40)+rw,0.6171875,0.93359375
G2-small15,0.3,44,TCR(0.25)+rw,0.821917808219178,0.821917808219178
G2-small15,0.3,44,TCR(0.40)+rw,0.8401826484018264,0.8401826484018264
G3-cluster,0.0,44,TCR(0.25)+rw,0.91,0.91
G3-cluster,0.0,44,TCR(0.40)+rw,0.9066666666666666,0.9066666666666666
G3-cluster,0.1,44,TCR(0.25)+rw,0.9330855018587361,0.9330855018587361
G3-cluster,0.1,44,TCR(0.40)+rw,0.9330855018587361,0.9330855018587361
G3-cluster,0.2,44,TCR(0.25)+rw,0.5288888888888889,0.5288888888888889
G3-cluster,0.2,44,TCR(0.40)+rw,0.8977777777777778,0.8977777777777778
G3-cluster,0.3,44,TCR(0.25)+rw,0.5377358490566038,0.5377358490566038
G3-cluster,0.3,44,TCR(0.40)+rw,0.5377358490566038,0.5377358490566038
G1-small20,0.0,45,TCR(0.25)+rw,0.5566666666666666,0.8966666666666666
G1-small20,0.0,45,TCR(0.40)+rw,0.51,0.89
G1-small20,0.1,45,TCR(0.25)+rw,0.908745247148289,0.908745247148289
G1-small20,0.1,45,TCR(0.40)+rw,0.5285171102661597,0.9049429657794676
G1-small20,0.2,45,TCR(0.25)+rw,0.9156118143459916,0.9156118143459916
G1-small20,0.2,45,TCR(0.40)+rw,0.7130801687763713,0.7130801687763713
G1-small20,0.3,45,TCR(0.25)+rw,0.8277511961722488,0.8277511961722488
G1-small20,0.3,45,TCR(0.40)+rw,0.8277511961722488,0.8277511961722488
G2-small15,0.0,45,TCR(0.25)+rw,0.5433333333333333,0.9
G2-small15,0.0,45,TCR(0.40)+rw,0.5433333333333333,0.9
G2-small15,0.1,45,TCR(0.25)+rw,0.5854545454545454,0.8909090909090909
G2-small15,0.1,45,TCR(0.40)+rw,0.5018181818181818,0.8909090909090909
G2-small15,0.2,45,TCR(0.25)+rw,0.9063829787234042,0.9063829787234042
G2-small15,0.2,45,TCR(0.40)+rw,0.6468085106382979,0.9063829787234042
G2-small15,0.3,45,TCR(0.25)+rw,0.8341232227488151,0.8341232227488151
G2-small15,0.3,45,TCR(0.40)+rw,0.6018957345971564,0.6018957345971564
G3-cluster,0.0,45,TCR(0.25)+rw,0.92,0.92
G3-cluster,0.0,45,TCR(0.40)+rw,0.9266666666666666,0.9266666666666666
G3-cluster,0.1,45,TCR(0.25)+rw,0.8984962406015038,0.8984962406015038
G3-cluster,0.1,45,TCR(0.40)+rw,0.8984962406015038,0.8984962406015038
G3-cluster,0.2,45,TCR(0.25)+rw,0.9173913043478261,0.9173913043478261
G3-cluster,0.2,45,TCR(0.40)+rw,0.9173913043478261,0.9173913043478261
G3-cluster,0.3,45,TCR(0.25)+rw,0.8982300884955752,0.8982300884955752
G3-cluster,0.3,45,TCR(0.40)+rw,0.8982300884955752,0.8982300884955752
G1-small20,0.0,46,TCR(0.25)+rw,0.5533333333333333,0.8833333333333333
G1-small20,0.0,46,TCR(0.40)+rw,0.5566666666666666,0.8833333333333333
G1-small20,0.1,46,TCR(0.25)+rw,0.9077490774907749,0.9077490774907749
G1-small20,0.1,46,TCR(0.40)+rw,0.5793357933579336,0.9077490774907749
G1-small20,0.2,46,TCR(0.25)+rw,0.9076305220883534,0.9076305220883534
G1-small20,0.2,46,TCR(0.40)+rw,0.6104417670682731,0.9076305220883534
G1-small20,0.3,46,TCR(0.25)+rw,0.8316831683168316,0.8316831683168316
G1-small20,0.3,46,TCR(0.40)+rw,0.8465346534653465,0.8465346534653465
G2-small15,0.0,46,TCR(0.25)+rw,0.5733333333333334,0.92
G2-small15,0.0,46,TCR(0.40)+rw,0.5366666666666666,0.9133333333333333
G2-small15,0.1,46,TCR(0.25)+rw,0.6227758007117438,0.9181494661921709
G2-small15,0.1,46,TCR(0.40)+rw,0.5622775800711743,0.9181494661921709
G2-small15,0.2,46,TCR(0.25)+rw,0.8906882591093117,0.8906882591093117
G2-small15,0.2,46,TCR(0.40)+rw,0.8866396761133604,0.8866396761133604
G2-small15,0.3,46,TCR(0.25)+rw,0.8651162790697674,0.8651162790697674
G2-small15,0.3,46,TCR(0.40)+rw,0.9023255813953488,0.9023255813953488
G3-cluster,0.0,46,TCR(0.25)+rw,0.9233333333333333,0.9233333333333333
G3-cluster,0.0,46,TCR(0.40)+rw,0.9266666666666666,0.9266666666666666
G3-cluster,0.1,46,TCR(0.25)+rw,0.8823529411764706,0.8823529411764706
G3-cluster,0.1,46,TCR(0.40)+rw,0.8860294117647058,0.8860294117647058
G3-cluster,0.2,46,TCR(0.25)+rw,0.8821138211382114,0.8821138211382114
G3-cluster,0.2,46,TCR(0.40)+rw,0.8821138211382114,0.8821138211382114
G3-cluster,0.3,46,TCR(0.25)+rw,0.5458937198067633,0.5458937198067633
G3-cluster,0.3,46,TCR(0.40)+rw,0.5458937198067633,0.5458937198067633
G1-small20,0.0,47,TCR(0.25)+rw,0.64,0.9533333333333334
G1-small20,0.0,47,TCR(0.40)+rw,0.5033333333333333,0.9533333333333334
G1-small20,0.1,47,TCR(0.25)+rw,0.9101123595505618,0.9101123595505618
G1-small20,0.1,47,TCR(0.40)+rw,0.5805243445692884,0.9138576779026217
G1-small20,0.2,47,TCR(0.25)+rw,0.9183673469387755,0.9183673469387755
G1-small20,0.2,47,TCR(0.40)+rw,0.6285714285714286,0.9142857142857143
G1-small20,0.3,47,TCR(0.25)+rw,0.8151658767772512,0.8151658767772512
G1-small20,0.3,47,TCR(0.40)+rw,0.919431279620853,0.919431279620853
G2-small15,0.0,47,TCR(0.25)+rw,0.54,0.93
G2-small15,0.0,47,TCR(0.40)+rw,0.54,0.9266666666666666
G2-small15,0.1,47,TCR(0.25)+rw,0.926923076923077,0.926923076923077
G2-small15,0.1,47,TCR(0.40)+rw,0.5846153846153846,0.9384615384615385
G2-small15,0.2,47,TCR(0.25)+rw,0.9180327868852459,0.9180327868852459
G2-small15,0.2,47,TCR(0.40)+rw,0.6926229508196722,0.9262295081967213
G2-small15,0.3,47,TCR(0.25)+rw,0.8125,0.8125
G2-small15,0.3,47,TCR(0.40)+rw,0.8846153846153846,0.8846153846153846
G3-cluster,0.0,47,TCR(0.25)+rw,0.8766666666666667,0.8766666666666667
G3-cluster,0.0,47,TCR(0.40)+rw,0.8766666666666667,0.8766666666666667
G3-cluster,0.1,47,TCR(0.25)+rw,0.9307692307692308,0.9307692307692308
G3-cluster,0.1,47,TCR(0.40)+rw,0.926923076923077,0.926923076923077
G3-cluster,0.2,47,TCR(0.25)+rw,0.9055793991416309,0.9055793991416309
G3-cluster,0.2,47,TCR(0.40)+rw,0.9098712446351931,0.9098712446351931
G3-cluster,0.3,47,TCR(0.25)+rw,0.5288461538461539,0.5288461538461539
G3-cluster,0.3,47,TCR(0.40)+rw,0.5288461538461539,0.5288461538461539
G1-small20,0.0,48,TCR(0.25)+rw,0.93,0.93
G1-small20,0.0,48,TCR(0.40)+rw,0.5433333333333333,0.93
G1-small20,0.1,48,TCR(0.25)+rw,0.9148936170212766,0.9148936170212766
G1-small20,0.1,48,TCR(0.40)+rw,0.524822695035461,0.9042553191489362
G1-small20,0.2,48,TCR(0.25)+rw,0.8982300884955752,0.8982300884955752
G1-small20,0.2,48,TCR(0.40)+rw,0.8982300884955752,0.8982300884955752
G1-small20,0.3,48,TCR(0.25)+rw,0.8365384615384616,0.8365384615384616
G1-small20,0.3,48,TCR(0.40)+rw,0.8365384615384616,0.8365384615384616
G2-small15,0.0,48,TCR(0.25)+rw,0.5866666666666667,0.8933333333333333
G2-small15,0.0,48,TCR(0.40)+rw,0.5033333333333333,0.8933333333333333
G2-small15,0.1,48,TCR(0.25)+rw,0.9063670411985019,0.9063670411985019
G2-small15,0.1,48,TCR(0.40)+rw,0.5955056179775281,0.9063670411985019
G2-small15,0.2,48,TCR(0.25)+rw,0.9083665338645418,0.9083665338645418
G2-small15,0.2,48,TCR(0.40)+rw,0.5657370517928287,0.9083665338645418
G2-small15,0.3,48,TCR(0.25)+rw,0.848780487804878,0.848780487804878
G2-small15,0.3,48,TCR(0.40)+rw,0.8390243902439024,0.8390243902439024
G3-cluster,0.0,48,TCR(0.25)+rw,0.9033333333333333,0.9033333333333333
G3-cluster,0.0,48,TCR(0.40)+rw,0.9,0.9
G3-cluster,0.1,48,TCR(0.25)+rw,0.9074074074074074,0.9074074074074074
G3-cluster,0.1,48,TCR(0.40)+rw,0.9074074074074074,0.9074074074074074
G3-cluster,0.2,48,TCR(0.25)+rw,0.9336099585062241,0.9336099585062241
G3-cluster,0.2,48,TCR(0.40)+rw,0.9336099585062241,0.9336099585062241
G3-cluster,0.3,48,TCR(0.25)+rw,0.5634517766497462,0.5634517766497462
G3-cluster,0.3,48,TCR(0.40)+rw,0.5634517766497462,0.5634517766497462
G1-small20,0.0,49,TCR(0.25)+rw,0.9066666666666666,0.9066666666666666
G1-small20,0.0,49,TCR(0.40)+rw,0.59,0.9066666666666666
G1-small20,0.1,49,TCR(0.25)+rw,0.9111111111111111,0.9111111111111111
G1-small20,0.1,49,TCR(0.40)+rw,0.6,0.9111111111111111
G1-small20,0.2,49,TCR(0.25)+rw,0.91701244813278,0.91701244813278
G1-small20,0.2,49,TCR(0.40)+rw,0.6141078838174274,0.91701244813278
G1-small20,0.3,49,TCR(0.25)+rw,0.7605633802816901,0.7605633802816901
G1-small20,0.3,49,TCR(0.40)+rw,0.92018779342723,0.92018779342723
G2-small15,0.0,49,TCR(0.25)+rw,0.6433333333333333,0.9033333333333333
G2-small15,0.0,49,TCR(0.40)+rw,0.62,0.9033333333333333
G2-small15,0.1,49,TCR(0.25)+rw,0.6865671641791045,0.8955223880597015
G2-small15,0.1,49,TCR(0.40)+rw,0.5373134328358209,0.8917910447761194
G2-small15,0.2,49,TCR(0.25)+rw,0.9004329004329005,0.9004329004329005
G2-small15,0.2,49,TCR(0.40)+rw,0.6017316017316018,0.8961038961038961
G2-small15,0.3,49,TCR(0.25)+rw,0.8403755868544601,0.8403755868544601
G2-small15,0.3,49,TCR(0.40)+rw,0.8262910798122066,0.8262910798122066
G3-cluster,0.0,49,TCR(0.25)+rw,0.9266666666666666,0.9266666666666666
G3-cluster,0.0,49,TCR(0.40)+rw,0.9266666666666666,0.9266666666666666
G3-cluster,0.1,49,TCR(0.25)+rw,0.917910447761194,0.917910447761194
G3-cluster,0.1,49,TCR(0.40)+rw,0.917910447761194,0.917910447761194
G3-cluster,0.2,49,TCR(0.25)+rw,0.9364406779661016,0.9364406779661016
G3-cluster,0.2,49,TCR(0.40)+rw,0.940677966101695,0.940677966101695
G3-cluster,0.3,49,TCR(0.25)+rw,0.5380710659898477,0.5380710659898477
G3-cluster,0.3,49,TCR(0.40)+rw,0.5380710659898477,0.5380710659898477
