design,eps,rep,unit,method,acc,perr,fail,ahat,time
S1-skew,0.0,0,S1-skew_e00_r000,CNmix,0.8833333333333333,0.3143491132255387,False,0.16666666666666666,0.15029302800030564
S1-skew,0.1,0,S1-skew_e10_r000,CNmix,0.9172932330827067,0.24344663615237377,False,0.16,0.14044667999769445
S1-skew,0.2,0,S1-skew_e20_r000,CNmix,0.9041095890410958,0.3811841673643836,False,0.3233333333333333,0.15517994499896304
S2-p3-unequal,0.0,0,S2-p3-unequal_e00_r000,CNmix,0.91,0.2269296351067095,False,0.0033333333333333335,0.1504833930011955
S2-p3-unequal,0.1,0,S2-p3-unequal_e10_r000,CNmix,0.8854961832061069,0.08933688385431071,False,0.13666666666666666,0.22016659899963997
S2-p3-unequal,0.2,0,S2-p3-unequal_e20_r000,CNmix,0.8686440677966102,0.2113369910875531,False,0.22333333333333333,0.14841188499849522
S3-xhet,0.0,0,S3-xhet_e00_r000,CNmix,0.9066666666666666,0.20277755707497708,False,0.16666666666666666,0.15796463200240396
S3-xhet,0.1,0,S3-xhet_e10_r000,CNmix,0.9333333333333333,0.30400649073145,False,0.10666666666666667,0.15511319000142976
S3-xhet,0.2,0,S3-xhet_e20_r000,CNmix,0.9196787148594378,0.23317839323880607,False,0.18666666666666668,0.19047239500287105
S1-skew,0.0,1,S1-skew_e00_r001,CNmix,0.94,0.3162376379404741,False,0.08666666666666667,0.1280320079968078
S1-skew,0.1,1,S1-skew_e10_r001,CNmix,0.9194139194139194,0.15957868819359267,False,0.1,0.17437813200012897
S1-skew,0.2,1,S1-skew_e20_r001,CNmix,0.934156378600823,0.23613794164670676,False,0.23333333333333334,0.21212431000094512
S2-p3-unequal,0.0,1,S2-p3-unequal_e00_r001,CNmix,0.8966666666666666,0.1097002635496882,False,0.023333333333333334,0.3108014639983594
S2-p3-unequal,0.1,1,S2-p3-unequal_e10_r001,CNmix,0.9191176470588235,0.0974863995728329,False,0.09666666666666666,0.12992084299912676
S2-p3-unequal,0.2,1,S2-p3-unequal_e20_r001,CNmix,0.9043478260869565,0.11287359786724038,False,0.23666666666666666,0.12975039899902185
S3-xhet,0.0,1,S3-xhet_e00_r001,CNmix,0.91,0.08608241088513013,False,0.36666666666666664,0.14268556500246632
S3-xhet,0.1,1,S3-xhet_e10_r001,CNmix,0.9120879120879121,0.2244939530974529,False,0.10666666666666667,0.1620936140025151
S3-xhet,0.2,1,S3-xhet_e20_r001,CNmix,0.889763779527559,0.096425421807634,False,0.18,0.2156412439981068
S1-skew,0.0,2,S1-skew_e00_r002,CNmix,0.9,0.41618367687799374,False,0.04666666666666667,0.12228745399988838
S1-skew,0.1,2,S1-skew_e10_r002,CNmix,0.922509225092251,0.23953120441304657,False,0.11666666666666667,0.19001538100201287
S1-skew,0.2,2,S1-skew_e20_r002,CNmix,0.9109311740890689,0.3414933649135835,False,0.21333333333333335,0.2716847070005315
S2-p3-unequal,0.0,2,S2-p3-unequal_e00_r002,CNmix,0.8933333333333333,0.11251761039172381,False,0.07,0.14990407500226866
S2-p3-unequal,0.1,2,S2-p3-unequal_e10_r002,CNmix,0.8838951310861424,0.09904534995700894,False,0.11,0.1713358300003165
S2-p3-unequal,0.2,2,S2-p3-unequal_e20_r002,CNmix,0.9221311475409836,0.10668654291812524,False,0.19333333333333333,0.14602095800000825
S3-xhet,0.0,2,S3-xhet_e00_r002,CNmix,0.9066666666666666,0.27645345179505887,False,0.0,0.12082688399823382
S3-xhet,0.1,2,S3-xhet_e10_r002,CNmix,0.9532374100719424,0.14972567503254058,False,0.08666666666666667,0.1370043210008589
S3-xhet,0.2,2,S3-xhet_e20_r002,CNmix,0.9344262295081968,0.10116904263175422,False,0.20333333333333334,0.20826518800095073
S1-skew,0.0,3,S1-skew_e00_r003,CNmix,0.93,0.4007190077105728,False,0.17,0.14521329499984859
S1-skew,0.1,3,S1-skew_e10_r003,CNmix,0.8853046594982079,0.37755865706028596,False,0.14,0.13334860499890056
S1-skew,0.2,3,S1-skew_e20_r003,CNmix,0.9071729957805907,0.3353728379996509,False,0.24666666666666667,0.17977360700024292
S2-p3-unequal,0.0,3,S2-p3-unequal_e00_r003,CNmix,0.91,0.08154361313513772,False,0.08,0.31444493000162765
S2-p3-unequal,0.1,3,S2-p3-unequal_e10_r003,CNmix,0.9026217228464419,0.09449194403952399,False,0.12,0.16208501800065278
S2-p3-unequal,0.2,3,S2-p3-unequal_e20_r003,CNmix,0.921161825726141,0.08421149015302909,False,0.22,0.3109180319988809
S3-xhet,0.0,3,S3-xhet_e00_r003,CNmix,0.91,0.12746963148252233,False,0.15333333333333332,0.17846169799668132
S3-xhet,0.1,3,S3-xhet_e10_r003,CNmix,0.9363295880149812,0.20935286961508512,False,0.13666666666666666,0.15563459800250712
S3-xhet,0.2,3,S3-xhet_e20_r003,CNmix,0.9176954732510288,0.2541200514319678,False,0.20333333333333334,0.15117132000159472
S1-skew,0.0,4,S1-skew_e00_r004,CNmix,0.9266666666666666,0.2791278678325046,False,0.08666666666666667,0.14449349400092615
S1-skew,0.1,4,S1-skew_e10_r004,CNmix,0.9138576779026217,0.3027405507221193,False,0.13666666666666666,0.17478491900328663
S1-skew,0.2,4,S1-skew_e20_r004,CNmix,0.9437751004016064,0.28289979447543784,False,0.22,0.17194644600022002
S2-p3-unequal,0.0,4,S2-p3-unequal_e00_r004,CNmix,0.9066666666666666,0.08739376312327907,False,0.0,0.1285865379977622
S2-p3-unequal,0.1,4,S2-p3-unequal_e10_r004,CNmix,0.9166666666666666,0.18338460229235287,False,0.12666666666666668,0.20375193300060346
S2-p3-unequal,0.2,4,S2-p3-unequal_e20_r004,CNmix,0.9017094017094017,0.1218532106830017,False,0.23,0.161936656000762
S3-xhet,0.0,4,S3-xhet_e00_r004,CNmix,0.8966666666666666,0.1427799382761572,False,0.0,0.31046059700020123
S3-xhet,0.1,4,S3-xhet_e10_r004,CNmix,0.9239543726235742,0.12425049222345108,False,0.13333333333333333,0.15012267799829715
S3-xhet,0.2,4,S3-xhet_e20_r004,CNmix,0.9135802469135802,0.28047811466836636,False,0.21,0.20568955699854996
S1-skew,0.0,5,S1-skew_e00_r005,CNmix,0.9366666666666666,0.26922165104754725,False,0.05333333333333334,0.12816185699921334
S1-skew,0.1,5,S1-skew_e10_r005,CNmix,0.9340659340659341,0.40376160034333913,False,0.14,0.3272935079985473
S1-skew,0.2,5,S1-skew_e20_r005,CNmix,0.9259259259259259,0.3106380762344365,False,0.22333333333333333,0.13321547500163433
S2-p3-unequal,0.0,5,S2-p3-unequal_e00_r005,CNmix,0.89,0.15466683176685647,False,0.0,0.14184143400052562
S2-p3-unequal,0.1,5,S2-p3-unequal_e10_r005,CNmix,0.8805970149253731,0.08591745118572702,False,0.11,0.19700523400024395
S2-p3-unequal,0.2,5,S2-p3-unequal_e20_r005,CNmix,0.9486166007905138,0.0771600354620483,False,0.17,0.14856465900084004
S3-xhet,0.0,5,S3-xhet_e00_r005,CNmix,0.9066666666666666,0.19789938555264436,False,0.0,0.13896381000085967
S3-xhet,0.1,5,S3-xhet_e10_r005,CNmix,0.8840579710144928,0.2812518819080672,False,0.08666666666666667,0.30175162199884653
S3-xhet,0.2,5,S3-xhet_e20_r005,CNmix,0.9319148936170213,0.2918201427855951,False,0.24333333333333335,0.3144652949995361
S1-skew,0.0,6,S1-skew_e00_r006,CNmix,0.9433333333333334,0.1450593100578021,False,0.02666666666666667,0.15677447599955485
S1-skew,0.1,6,S1-skew_e10_r006,CNmix,0.9047619047619048,0.20160486562664037,False,0.11666666666666667,0.18457145700085675
S1-skew,0.2,6,S1-skew_e20_r006,CNmix,0.9317269076305221,0.2595050197595463,False,0.18666666666666668,0.17285403700225288
S2-p3-unequal,0.0,6,S2-p3-unequal_e00_r006,CNmix,0.9266666666666666,0.05385120835815143,False,0.0,0.13145191900184727
S2-p3-unequal,0.1,6,S2-p3-unequal_e10_r006,CNmix,0.9267399267399268,0.29867527579514974,False,0.10333333333333333,0.21670443499897374
S2-p3-unequal,0.2,6,S2-p3-unequal_e20_r006,CNmix,0.9145299145299145,0.1632446022714828,False,0.23666666666666666,0.20089803700102493
S3-xhet,0.0,6,S3-xhet_e00_r006,CNmix,0.91,0.13762716557552768,False,0.11666666666666667,0.14447156400274253
S3-xhet,0.1,6,S3-xhet_e10_r006,CNmix,0.937037037037037,0.09943848892785345,False,0.12333333333333334,0.17016895999768167
S3-xhet,0.2,6,S3-xhet_e20_r006,CNmix,0.8987854251012146,0.40897304091636677,False,0.19333333333333333,0.1589901990009821
S1-skew,0.0,7,S1-skew_e00_r007,CNmix,0.93,0.5663111686526787,False,0.18333333333333332,0.13804077399981907
S1-skew,0.1,7,S1-skew_e10_r007,CNmix,0.945054945054945,0.2707103632918748,False,0.13333333333333333,0.1990193370002089
S1-skew,0.2,7,S1-skew_e20_r007,CNmix,0.9068825910931174,0.2435124701469608,False,0.22,0.14021628600312397
S2-p3-unequal,0.0,7,S2-p3-unequal_e00_r007,CNmix,0.8933333333333333,0.11433398841156683,False,0.0,0.10113510500013945
S2-p3-unequal,0.1,7,S2-p3-unequal_e10_r007,CNmix,0.9230769230769231,0.12263605862697169,False,0.09,0.23513913300121203
S2-p3-unequal,0.2,7,S2-p3-unequal_e20_r007,CNmix,0.8983050847457628,0.10253745969727245,False,0.22,0.14179018600043491
S3-xhet,0.0,7,S3-xhet_e00_r007,CNmix,0.9066666666666666,0.1750248749603066,False,0.36,0.14600324500133866
S3-xhet,0.1,7,S3-xhet_e10_r007,CNmix,0.9207547169811321,0.20363785124021058,False,0.14,0.16078881199791795
S3-xhet,0.2,7,S3-xhet_e20_r007,CNmix,0.9388646288209607,0.26288627959414745,False,0.2733333333333333,0.19462358899909304
S1-skew,0.0,8,S1-skew_e00_r008,CNmix,0.9266666666666666,0.33487363411286636,False,0.10333333333333333,0.11179947799973888
S1-skew,0.1,8,S1-skew_e10_r008,CNmix,0.9117647058823529,0.3497323477540168,False,0.14666666666666667,0.14828772200053209
S1-skew,0.2,8,S1-skew_e20_r008,CNmix,0.8947368421052632,0.08012432209754428,False,0.20666666666666667,0.14145816900054342
S2-p3-unequal,0.0,8,S2-p3-unequal_e00_r008,CNmix,0.8933333333333333,0.1170412499885829,False,0.0033333333333333335,0.12531974299781723
S2-p3-unequal,0.1,8,S2-p3-unequal_e10_r008,CNmix,0.9051094890510949,0.17768621958776443,False,0.08666666666666667,0.19921191000321414
S2-p3-unequal,0.2,8,S2-p3-unequal_e20_r008,CNmix,0.9221311475409836,0.18692355735766722,False,0.20666666666666667,0.13454786500005866
S3-xhet,0.0,8,S3-xhet_e00_r008,CNmix,0.8933333333333333,0.3044251452308417,False,0.14666666666666667,0.11945960900266073
S3-xhet,0.1,8,S3-xhet_e10_r008,CNmix,0.9325842696629213,0.16281097276963918,False,0.12666666666666668,0.11399017299845582
S3-xhet,0.2,8,S3-xhet_e20_r008,CNmix,0.9176954732510288,0.11188377863808996,False,0.20333333333333334,0.1317757149990939
S1-skew,0.0,9,S1-skew_e00_r009,CNmix,0.9466666666666667,0.21378329645511088,False,0.08,0.12870952299999772
S1-skew,0.1,9,S1-skew_e10_r009,CNmix,0.9222222222222223,0.2715700659399636,False,0.13,0.12980389000222203
S1-skew,0.2,9,S1-skew_e20_r009,CNmix,0.9180327868852459,0.28195183657803075,False,0.21666666666666667,0.17870676499660476
S2-p3-unequal,0.0,9,S2-p3-unequal_e00_r009,CNmix,0.8833333333333333,0.08061568717056625,False,0.0,0.1042709819994343
S2-p3-unequal,0.1,9,S2-p3-unequal_e10_r009,CNmix,0.9188191881918819,0.14998776679065928,False,0.1,0.13085635999959777
S2-p3-unequal,0.2,9,S2-p3-unequal_e20_r009,CNmix,0.9186991869918699,0.23722360287377228,False,0.19333333333333333,0.20755853499940713
S3-xhet,0.0,9,S3-xhet_e00_r009,CNmix,0.93,0.10584158784377089,False,0.02,0.11301113900117343
S3-xhet,0.1,9,S3-xhet_e10_r009,CNmix,0.8853046594982079,0.19624798536138643,False,0.07666666666666666,0.14907758499975898
S3-xhet,0.2,9,S3-xhet_e20_r009,CNmix,0.9105058365758755,0.11372698031968191,False,0.17333333333333334,0.22105087200179696
S1-skew,0.0,10,S1-skew_e00_r010,CNmix,0.9266666666666666,0.25834479401721144,False,0.06666666666666667,0.1206519629995455
S1-skew,0.1,10,S1-skew_e10_r010,CNmix,0.8992537313432836,0.11194288869658878,False,0.13333333333333333,0.2624637939989043
S1-skew,0.2,10,S1-skew_e20_r010,CNmix,0.9146341463414634,0.18885846711060586,False,0.20666666666666667,0.10772769300092477
S2-p3-unequal,0.0,10,S2-p3-unequal_e00_r010,CNmix,0.9166666666666666,0.16786409088858845,False,0.0,0.1045747219977784
S2-p3-unequal,0.1,10,S2-p3-unequal_e10_r010,CNmix,0.9285714285714286,0.07674185774088005,False,0.11666666666666667,0.16287594100140268
S2-p3-unequal,0.2,10,S2-p3-unequal_e20_r010,CNmix,0.902127659574468,0.05446967626661592,False,0.22,0.20642735300134518
S3-xhet,0.0,10,S3-xhet_e00_r010,CNmix,0.9066666666666666,0.18571512923704644,False,0.05333333333333334,0.15933630900326534
S3-xhet,0.1,10,S3-xhet_e10_r010,CNmix,0.9084249084249084,0.22445321910109706,False,0.1,0.2748416169997654
S3-xhet,0.2,10,S3-xhet_e20_r010,CNmix,0.9043478260869565,0.17817064208114552,False,0.26,0.12829804699867964
S1-skew,0.0,11,S1-skew_e00_r011,CNmix,0.9,0.5471442185371748,False,0.11,0.10580921699875034
S1-skew,0.1,11,S1-skew_e10_r011,CNmix,0.9040590405904059,0.23103883874397305,False,0.14,0.1505699210028979
S1-skew,0.2,11,S1-skew_e20_r011,CNmix,0.9020408163265307,0.2518871590396862,False,0.21666666666666667,0.25219753599958494
S2-p3-unequal,0.0,11,S2-p3-unequal_e00_r011,CNmix,0.91,0.18237509335797827,False,0.0,0.10671427000124822
S2-p3-unequal,0.1,11,S2-p3-unequal_e10_r011,CNmix,0.8945454545454545,0.1318430024851469,False,0.09333333333333334,0.11591446099919267
S2-p3-unequal,0.2,11,S2-p3-unequal_e20_r011,CNmix,0.9033613445378151,0.15029494445517697,False,0.22,0.13458791599987308
S3-xhet,0.0,11,S3-xhet_e00_r011,CNmix,0.92,0.07387399359634221,False,0.34,0.22763824900175678
S3-xhet,0.1,11,S3-xhet_e10_r011,CNmix,0.916058394160584,0.14869618170221252,False,0.10333333333333333,0.13683782900261576
S3-xhet,0.2,11,S3-xhet_e20_r011,CNmix,0.8888888888888888,0.07320359478254024,False,0.2,0.2934804440010339
S1-skew,0.0,12,S1-skew_e00_r012,CNmix,0.9233333333333333,0.31714091800963007,False,0.10333333333333333,0.1152507090009749
S1-skew,0.1,12,S1-skew_e10_r012,CNmix,0.895910780669145,0.248047548843756,False,0.14,0.14502739399904385
S1-skew,0.2,12,S1-skew_e20_r012,CNmix,0.9203187250996016,0.2809782853228123,False,0.18666666666666668,0.11192322300121305
S2-p3-unequal,0.0,12,S2-p3-unequal_e00_r012,CNmix,0.9266666666666666,0.1891285423858019,False,0.0033333333333333335,0.17787840699747903
S2-p3-unequal,0.1,12,S2-p3-unequal_e10_r012,CNmix,0.9051094890510949,0.18820178230757623,False,0.15333333333333332,0.16206997400149703
S2-p3-unequal,0.2,12,S2-p3-unequal_e20_r012,CNmix,0.9102564102564102,0.0978599070642423,False,0.23,0.22261930300010135
S3-xhet,0.0,12,S3-xhet_e00_r012,CNmix,0.8766666666666667,0.2705289443175531,False,0.22,0.15807513800245943
S3-xhet,0.1,12,S3-xhet_e10_r012,CNmix,0.9120879120879121,0.1750863639108715,False,0.09333333333333334,0.23555671099893516
S3-xhet,0.2,12,S3-xhet_e20_r012,CNmix,0.9210526315789473,0.17819814678694207,False,0.26666666666666666,0.1293592419970082
S1-skew,0.0,13,S1-skew_e00_r013,CNmix,0.9133333333333333,0.3485822011244969,False,0.09666666666666666,0.13012001699826214
S1-skew,0.1,13,S1-skew_e10_r013,CNmix,0.9320754716981132,0.25666651105506794,False,0.15333333333333332,0.26590352700077347
S1-skew,0.2,13,S1-skew_e20_r013,CNmix,0.9301310043668122,0.23892358639431716,False,0.2833333333333333,0.14525256900014938
S2-p3-unequal,0.0,13,S2-p3-unequal_e00_r013,CNmix,0.9433333333333334,0.05606328109320313,False,0.016666666666666666,0.1589827770003467
S2-p3-unequal,0.1,13,S2-p3-unequal_e10_r013,CNmix,0.9148148148148149,0.15504515290877285,False,0.10333333333333333,0.12303921499915305
S2-p3-unequal,0.2,13,S2-p3-unequal_e20_r013,CNmix,0.9156118143459916,0.22457185579715,False,0.22,0.285579802999564
S3-xhet,0.0,13,S3-xhet_e00_r013,CNmix,0.89,0.21637475897794745,False,0.37333333333333335,0.18375469099919428
S3-xhet,0.1,13,S3-xhet_e10_r013,CNmix,0.9114391143911439,0.11799045704443145,False,0.10333333333333333,0.176185219999752
S3-xhet,0.2,13,S3-xhet_e20_r013,CNmix,0.9288702928870293,0.10253123457830227,False,0.23333333333333334,0.1521588530013105
S1-skew,0.0,14,S1-skew_e00_r014,CNmix,0.91,0.4189228548020926,False,0.12,0.11591239499830408
S1-skew,0.1,14,S1-skew_e10_r014,CNmix,0.8969465648854962,0.12614425843511337,False,0.15333333333333332,0.1474462729966035
S1-skew,0.2,14,S1-skew_e20_r014,CNmix,0.9126637554585153,0.374629606115587,False,0.27666666666666667,0.15507213700038847
S2-p3-unequal,0.0,14,S2-p3-unequal_e00_r014,CNmix,0.9133333333333333,0.0992256799328204,False,0.0033333333333333335,0.14242923100027838
S2-p3-unequal,0.1,14,S2-p3-unequal_e10_r014,CNmix,0.9084249084249084,0.1741372653448429,False,0.09,0.18171319300017785
S2-p3-unequal,0.2,14,S2-p3-unequal_e20_r014,CNmix,0.9045643153526971,0.09304348213082836,False,0.2,0.257407327000692
S3-xhet,0.0,14,S3-xhet_e00_r014,CNmix,0.92,0.15192199784602445,False,0.25,0.14586093199977768
S3-xhet,0.1,14,S3-xhet_e10_r014,CNmix,0.9328358208955224,0.09544917835010434,False,0.12666666666666668,0.2703735510003753
S3-xhet,0.2,14,S3-xhet_e20_r014,CNmix,0.9,0.23644819079602453,False,0.24,0.17951012499906938
S1-skew,0.0,15,S1-skew_e00_r015,CNmix,0.8966666666666666,0.14305421169113175,False,0.02666666666666667,0.12931405699782772
S1-skew,0.1,15,S1-skew_e10_r015,CNmix,0.9301470588235294,0.27644277847355175,False,0.14666666666666667,0.11603676700178767
S1-skew,0.2,15,S1-skew_e20_r015,CNmix,0.9049586776859504,0.24949654180125985,False,0.21,0.2643118180021702
S2-p3-unequal,0.0,15,S2-p3-unequal_e00_r015,CNmix,0.9,0.21502536122935617,False,0.08666666666666667,0.13722997800141457
S2-p3-unequal,0.1,15,S2-p3-unequal_e10_r015,CNmix,0.9090909090909091,0.16950225011899472,False,0.12333333333333334,0.13873616499768104
S2-p3-unequal,0.2,15,S2-p3-unequal_e20_r015,CNmix,0.8851063829787233,0.3745727648492915,False,0.21666666666666667,0.14697196899942355
S3-xhet,0.0,15,S3-xhet_e00_r015,CNmix,0.91,0.12160450356735861,False,0.17333333333333334,0.14570114500020281
S3-xhet,0.1,15,S3-xhet_e10_r015,CNmix,0.9315589353612167,0.18214684109051937,False,0.14,0.13077117600187194
S3-xhet,0.2,15,S3-xhet_e20_r015,CNmix,0.9137931034482759,0.12724843419706663,False,0.24666666666666667,0.1986212310002884
S1-skew,0.0,16,S1-skew_e00_r016,CNmix,0.92,0.3505123366111675,False,0.09666666666666666,0.1348817180005426
S1-skew,0.1,16,S1-skew_e10_r016,CNmix,0.9400749063670412,0.23128616368395988,False,0.17333333333333334,0.15670331100045587
S1-skew,0.2,16,S1-skew_e20_r016,CNmix,0.944,0.24812430040052708,False,0.21,0.15847295099956682
S2-p3-unequal,0.0,16,S2-p3-unequal_e00_r016,CNmix,0.9166666666666666,0.15504872213888615,False,0.33666666666666667,0.1522484169981908
S2-p3-unequal,0.1,16,S2-p3-unequal_e10_r016,CNmix,0.9198473282442748,0.09842143186664876,False,0.13333333333333333,0.12348478900094051
S2-p3-unequal,0.2,16,S2-p3-unequal_e20_r016,CNmix,0.9208333333333333,0.2456923990416159,False,0.20666666666666667,0.21951120300218463
S3-xhet,0.0,16,S3-xhet_e00_r016,CNmix,0.93,0.12413477560149477,False,0.14333333333333334,0.13674284399894532
S3-xhet,0.1,16,S3-xhet_e10_r016,CNmix,0.9157088122605364,0.12111651086920748,False,0.14666666666666667,0.29729528799725813
S3-xhet,0.2,16,S3-xhet_e20_r016,CNmix,0.9102564102564102,0.18913414404398501,False,0.25,0.1847156250005355
S1-skew,0.0,17,S1-skew_e00_r017,CNmix,0.9066666666666666,0.19336562308524075,False,0.09,0.1084327150019817
S1-skew,0.1,17,S1-skew_e10_r017,CNmix,0.9120879120879121,0.1138179929372968,False,0.11333333333333333,0.16904503399928217
S1-skew,0.2,17,S1-skew_e20_r017,CNmix,0.9273504273504274,0.34411708342433217,False,0.2733333333333333,0.1276361510026618
S2-p3-unequal,0.0,17,S2-p3-unequal_e00_r017,CNmix,0.9233333333333333,0.06425026025989,False,0.11,0.26520908100064844
S2-p3-unequal,0.1,17,S2-p3-unequal_e10_r017,CNmix,0.8671586715867159,0.07490769913942374,False,0.10333333333333333,0.2625079380013631
S2-p3-unequal,0.2,17,S2-p3-unequal_e20_r017,CNmix,0.9139344262295082,0.10454530448663779,False,0.19333333333333333,0.31266265099839075
S3-xhet,0.0,17,S3-xhet_e00_r017,CNmix,0.9133333333333333,0.08740441301062563,False,0.11666666666666667,0.11977644099897589
S3-xhet,0.1,17,S3-xhet_e10_r017,CNmix,0.8996138996138996,0.21733538839237465,False,0.15,0.1435249649985053
S3-xhet,0.2,17,S3-xhet_e20_r017,CNmix,0.9170305676855895,0.12912704505707184,False,0.2866666666666667,0.1306671610000194
S1-skew,0.0,18,S1-skew_e00_r018,CNmix,0.9266666666666666,0.358948201362085,False,0.13,0.11156816800212255
S1-skew,0.1,18,S1-skew_e10_r018,CNmix,0.9217081850533808,0.43909130386254114,False,0.18666666666666668,0.11137697699814453
S1-skew,0.2,18,S1-skew_e20_r018,CNmix,0.9063829787234042,0.13516832286286742,False,0.23,0.1236116399995808
S2-p3-unequal,0.0,18,S2-p3-unequal_e00_r018,CNmix,0.9066666666666666,0.07432490553184357,False,0.17,0.2709221519980929
S2-p3-unequal,0.1,18,S2-p3-unequal_e10_r018,CNmix,0.9047619047619048,0.15884925425375493,False,0.09666666666666666,0.19745487999898614
S2-p3-unequal,0.2,18,S2-p3-unequal_e20_r018,CNmix,0.8940677966101694,0.10337890058534038,False,0.21666666666666667,0.14493502299956162
S3-xhet,0.0,18,S3-xhet_e00_r018,CNmix,0.9166666666666666,0.24473957141148592,False,0.3433333333333333,0.15781908099961584
S3-xhet,0.1,18,S3-xhet_e10_r018,CNmix,0.9070631970260223,0.29871209065163457,False,0.10666666666666667,0.2888340999998036
S3-xhet,0.2,18,S3-xhet_e20_r018,CNmix,0.9166666666666666,0.22905390588722718,False,0.29,0.14953665799839655
S1-skew,0.0,19,S1-skew_e00_r019,CNmix,0.9133333333333333,0.2965669647984905,False,0.07666666666666666,0.11616973600030178
S1-skew,0.1,19,S1-skew_e10_r019,CNmix,0.9239543726235742,0.20396437602447715,False,0.15666666666666668,0.13972425400061184
S1-skew,0.2,19,S1-skew_e20_r019,CNmix,0.9043824701195219,0.29171077122780037,False,0.20666666666666667,0.26972078399921884
S2-p3-unequal,0.0,19,S2-p3-unequal_e00_r019,CNmix,0.9266666666666666,0.12133695600220724,False,0.0,0.11635112099975231
S2-p3-unequal,0.1,19,S2-p3-unequal_e10_r019,CNmix,0.9224806201550387,0.1979773846647932,False,0.14333333333333334,0.21779168600187404
S2-p3-unequal,0.2,19,S2-p3-unequal_e20_r019,CNmix,0.9105691056910569,0.053028107299019966,False,0.18,0.2679134089994477
S3-xhet,0.0,19,S3-xhet_e00_r019,CNmix,0.9333333333333333,0.15687982769224174,False,0.08,0.193730441002117
S3-xhet,0.1,19,S3-xhet_e10_r019,CNmix,0.8953068592057761,0.24780530366992304,False,0.08,0.17113950900238706
S3-xhet,0.2,19,S3-xhet_e20_r019,CNmix,0.9051724137931034,0.14910142175959273,False,0.24,0.2548562470001343
S1-skew,0.0,20,S1-skew_e00_r020,CNmix,0.9433333333333334,0.4007386590803645,False,0.10666666666666667,0.22662751100142486
S1-skew,0.1,20,S1-skew_e10_r020,CNmix,0.9022556390977443,0.2149147933890133,False,0.13666666666666666,0.1791322079989186
S1-skew,0.2,20,S1-skew_e20_r020,CNmix,0.9193548387096774,0.32228771565450387,False,0.21,0.1559776879985293
S2-p3-unequal,0.0,20,S2-p3-unequal_e00_r020,CNmix,0.8933333333333333,0.11902445056719846,False,0.08666666666666667,0.1356197350032744
S2-p3-unequal,0.1,20,S2-p3-unequal_e10_r020,CNmix,0.9061371841155235,0.08388280959612082,False,0.07666666666666666,0.2991767300009087
S2-p3-unequal,0.2,20,S2-p3-unequal_e20_r020,CNmix,0.8823529411764706,0.1870333929546425,False,0.22,0.24785435699959635
S3-xhet,0.0,20,S3-xhet_e00_r020,CNmix,0.8866666666666667,0.2550524116986233,False,0.15,0.12996058499993524
S3-xhet,0.1,20,S3-xhet_e10_r020,CNmix,0.8951310861423221,0.14200235481633092,False,0.11,0.21202486400216003
S3-xhet,0.2,20,S3-xhet_e20_r020,CNmix,0.8739837398373984,0.1952333707548344,False,0.2,0.1396769460006908
S1-skew,0.0,21,S1-skew_e00_r021,CNmix,0.92,0.3428886857616751,False,0.14666666666666667,0.17258140099875163
S1-skew,0.1,21,S1-skew_e10_r021,CNmix,0.9393939393939394,0.25529691192838144,False,0.13666666666666666,0.290950367001642
S1-skew,0.2,21,S1-skew_e20_r021,CNmix,0.9621848739495799,0.224583094195622,False,0.24,0.23771336599747883
S2-p3-unequal,0.0,21,S2-p3-unequal_e00_r021,CNmix,0.9233333333333333,0.19682846981798086,False,0.09666666666666666,0.1626120919972891
S2-p3-unequal,0.1,21,S2-p3-unequal_e10_r021,CNmix,0.92,0.1648785621684247,False,0.09,0.13534663999962504
S2-p3-unequal,0.2,21,S2-p3-unequal_e20_r021,CNmix,0.9184549356223176,0.10268706062099965,False,0.24,0.11789839500124799
S3-xhet,0.0,21,S3-xhet_e00_r021,CNmix,0.9166666666666666,0.14977350861732397,False,0.34,0.18159283199929632
S3-xhet,0.1,21,S3-xhet_e10_r021,CNmix,0.8843283582089553,0.07354980094339614,False,0.11666666666666667,0.15110719200310996
S3-xhet,0.2,21,S3-xhet_e20_r021,CNmix,0.9176954732510288,0.1372694362980871,False,0.2,0.24286134499925538
S1-skew,0.0,22,S1-skew_e00_r022,CNmix,0.9433333333333334,0.15327152959744017,False,0.03,0.12705063900284586
S1-skew,0.1,22,S1-skew_e10_r022,CNmix,0.9117647058823529,0.2016420468402461,False,0.12,0.19718924000335392
S1-skew,0.2,22,S1-skew_e20_r022,CNmix,0.9465020576131687,0.1836893622775718,False,0.22333333333333333,0.15986853499998688
S2-p3-unequal,0.0,22,S2-p3-unequal_e00_r022,CNmix,0.8933333333333333,0.14468947994237102,False,0.056666666666666664,0.23594477599908714
S2-p3-unequal,0.1,22,S2-p3-unequal_e10_r022,CNmix,0.9343065693430657,0.13887252083980656,False,0.09,0.1385544110016781
S2-p3-unequal,0.2,22,S2-p3-unequal_e20_r022,CNmix,0.9013452914798207,0.2587037905688848,False,0.2633333333333333,0.1356540140004654
S3-xhet,0.0,22,S3-xhet_e00_r022,CNmix,0.89,0.2243000594668045,False,0.36333333333333334,0.12853107699993416
S3-xhet,0.1,22,S3-xhet_e10_r022,CNmix,0.9080882352941176,0.09839181163349031,False,0.09666666666666666,0.2532794209982967
S3-xhet,0.2,22,S3-xhet_e20_r022,CNmix,0.9411764705882353,0.21035129008909798,False,0.23,0.16421940199870733
S1-skew,0.0,23,S1-skew_e00_r023,CNmix,0.93,0.18919719347798789,False,0.03,0.12088023500109557
S1-skew,0.1,23,S1-skew_e10_r023,CNmix,0.9044117647058824,0.18279162467380541,False,0.11666666666666667,0.11476982000021962
S1-skew,0.2,23,S1-skew_e20_r023,CNmix,0.8934426229508197,0.2729105054598816,False,0.22333333333333333,0.1362588100018911
S2-p3-unequal,0.0,23,S2-p3-unequal_e00_r023,CNmix,0.9133333333333333,0.08653311778181494,False,0.0,0.10492805099784164
S2-p3-unequal,0.1,23,S2-p3-unequal_e10_r023,CNmix,0.9236641221374046,0.15542232991078309,False,0.13333333333333333,0.2041545230022166
S2-p3-unequal,0.2,23,S2-p3-unequal_e20_r023,CNmix,0.9083333333333333,0.11075653488331558,False,0.2,0.13374947500051348
S3-xhet,0.0,23,S3-xhet_e00_r023,CNmix,0.8933333333333333,0.27526177780097355,False,0.10666666666666667,0.14130922500044107
S3-xhet,0.1,23,S3-xhet_e10_r023,CNmix,0.927536231884058,0.16619320621586034,False,0.1,0.2434840229980182
S3-xhet,0.2,23,S3-xhet_e20_r023,CNmix,0.9240506329113924,0.07921453211832774,False,0.22666666666666666,0.13401935900037643
S1-skew,0.0,24,S1-skew_e00_r024,CNmix,0.9266666666666666,0.25091622982707773,False,0.08333333333333333,0.10368605899930117
S1-skew,0.1,24,S1-skew_e10_r024,CNmix,0.9044117647058824,0.1594702957889077,False,0.11333333333333333,0.12430818099892349
S1-skew,0.2,24,S1-skew_e20_r024,CNmix,0.9176954732510288,0.23275459698959777,False,0.2633333333333333,0.2835269650022383
S2-p3-unequal,0.0,24,S2-p3-unequal_e00_r024,CNmix,0.9,0.05623758864002726,False,0.19666666666666666,0.2283709719995386
S2-p3-unequal,0.1,24,S2-p3-unequal_e10_r024,CNmix,0.9047619047619048,0.16303943550912747,False,0.09333333333333334,0.16808034399946337
S2-p3-unequal,0.2,24,S2-p3-unequal_e20_r024,CNmix,0.9176954732510288,0.19152515911967105,False,0.2,0.1448226610009442
S3-xhet,0.0,24,S3-xhet_e00_r024,CNmix,0.8866666666666667,0.21638713534660106,False,0.10666666666666667,0.15165311000237125
S3-xhet,0.1,24,S3-xhet_e10_r024,CNmix,0.9340659340659341,0.05257026809733163,False,0.09,0.1607407509982295
S3-xhet,0.2,24,S3-xhet_e20_r024,CNmix,0.8706896551724138,0.2285983197341197,False,0.24,0.15578031200129772
S1-skew,0.0,25,S1-skew_e00_r025,CNmix,0.9333333333333333,0.2758401395205604,False,0.043333333333333335,0.10442487800173694
S1-skew,0.1,25,S1-skew_e10_r025,CNmix,0.9400749063670412,0.21757429969501255,False,0.15333333333333332,0.2536054980009794
S1-skew,0.2,25,S1-skew_e20_r025,CNmix,0.9407114624505929,0.1900338586539849,False,0.20666666666666667,0.16935430699959397
S2-p3-unequal,0.0,25,S2-p3-unequal_e00_r025,CNmix,0.8966666666666666,0.0539043990262997,False,0.013333333333333334,0.11472838600093382
S2-p3-unequal,0.1,25,S2-p3-unequal_e10_r025,CNmix,0.8656716417910447,0.11691119013376294,False,0.11333333333333333,0.15662974099905114
S2-p3-unequal,0.2,25,S2-p3-unequal_e20_r025,CNmix,0.8983050847457628,0.21849047372495883,False,0.21666666666666667,0.1386448269986431
S3-xhet,0.0,25,S3-xhet_e00_r025,CNmix,0.9266666666666666,0.08915919024063605,False,0.15333333333333332,0.12516338099885616
S3-xhet,0.1,25,S3-xhet_e10_r025,CNmix,0.9442379182156134,0.10980190825195629,False,0.11666666666666667,0.1619715669985453
S3-xhet,0.2,25,S3-xhet_e20_r025,CNmix,0.9294605809128631,0.17004966325159548,False,0.22333333333333333,0.153936758000782
S1-skew,0.0,26,S1-skew_e00_r026,CNmix,0.92,0.297267090128035,False,0.15,0.12733423600002425
S1-skew,0.1,26,S1-skew_e10_r026,CNmix,0.8978102189781022,0.28274473608250733,False,0.12,0.12535022299925913
S1-skew,0.2,26,S1-skew_e20_r026,CNmix,0.9583333333333334,0.3654471850894966,False,0.25666666666666665,0.16525851899859845
S2-p3-unequal,0.0,26,S2-p3-unequal_e00_r026,CNmix,0.93,0.2637848314674637,False,0.0,0.13599639200037927
S2-p3-unequal,0.1,26,S2-p3-unequal_e10_r026,CNmix,0.9007352941176471,0.15323276578090797,False,0.09333333333333334,0.11807015200247406
S2-p3-unequal,0.2,26,S2-p3-unequal_e20_r026,CNmix,0.9214876033057852,0.24862700551464806,False,0.19666666666666666,0.1827615930014872
S3-xhet,0.0,26,S3-xhet_e00_r026,CNmix,0.93,0.1827086481122224,False,0.0033333333333333335,0.1335735550019308
S3-xhet,0.1,26,S3-xhet_e10_r026,CNmix,0.924812030075188,0.06987179679882205,False,0.13,0.1342651939994539
S3-xhet,0.2,26,S3-xhet_e20_r026,CNmix,0.9234042553191489,0.20557812681326548,False,0.24,0.18973806999929366
S1-skew,0.0,27,S1-skew_e00_r027,CNmix,0.9333333333333333,0.30311582592024394,False,0.12333333333333334,0.12164164599744254
S1-skew,0.1,27,S1-skew_e10_r027,CNmix,0.9003831417624522,0.340287671490127,False,0.16,0.15714041499813902
S1-skew,0.2,27,S1-skew_e20_r027,CNmix,0.9358974358974359,0.2922293652332025,False,0.28,0.2659314339980483
S2-p3-unequal,0.0,27,S2-p3-unequal_e00_r027,CNmix,0.9233333333333333,0.11829290643593571,False,0.0,0.1292011849982373
S2-p3-unequal,0.1,27,S2-p3-unequal_e10_r027,CNmix,0.9176029962546817,0.05461626083990462,False,0.11,0.1802353659986693
S2-p3-unequal,0.2,27,S2-p3-unequal_e20_r027,CNmix,0.9317269076305221,0.16259881447401536,False,0.17666666666666667,0.18788435399983427
S3-xhet,0.0,27,S3-xhet_e00_r027,CNmix,0.89,0.12925087573631566,False,0.13666666666666666,0.14565832899825182
S3-xhet,0.1,27,S3-xhet_e10_r027,CNmix,0.9029850746268657,0.2520570026379297,False,0.11666666666666667,0.1672604580016923
S3-xhet,0.2,27,S3-xhet_e20_r027,CNmix,0.9125,0.17065543495770963,False,0.22,0.28836465700078406
S1-skew,0.0,28,S1-skew_e00_r028,CNmix,0.9066666666666666,0.27427622440859006,False,0.08666666666666667,0.10992292999799247
S1-skew,0.1,28,S1-skew_e10_r028,CNmix,0.9064748201438849,0.13419801618788915,False,0.07666666666666666,0.11815358500098228
S1-skew,0.2,28,S1-skew_e20_r028,CNmix,0.8938775510204081,0.15410284968024696,False,0.20666666666666667,0.21422199600056047
S2-p3-unequal,0.0,28,S2-p3-unequal_e00_r028,CNmix,0.87,0.2888143546748829,False,0.09333333333333334,0.2903633540008741
S2-p3-unequal,0.1,28,S2-p3-unequal_e10_r028,CNmix,0.9117647058823529,0.1302270165268853,False,0.09333333333333334,0.1411877340033243
S2-p3-unequal,0.2,28,S2-p3-unequal_e20_r028,CNmix,0.9094827586206896,0.1334211218562514,False,0.24,0.29000317900135997
S3-xhet,0.0,28,S3-xhet_e00_r028,CNmix,0.8966666666666666,0.2019834314095848,False,0.23666666666666666,0.14618057199913892
S3-xhet,0.1,28,S3-xhet_e10_r028,CNmix,0.9402985074626866,0.25962126017577863,False,0.11666666666666667,0.21473692700237734
S3-xhet,0.2,28,S3-xhet_e20_r028,CNmix,0.9110169491525424,0.17108373353586967,False,0.24666666666666667,0.16764066599716898
S1-skew,0.0,29,S1-skew_e00_r029,CNmix,0.9,0.18685857218088084,False,0.08666666666666667,0.11807847400268656
S1-skew,0.1,29,S1-skew_e10_r029,CNmix,0.8947368421052632,0.2649907826419484,False,0.15666666666666668,0.1383396620003623
S1-skew,0.2,29,S1-skew_e20_r029,CNmix,0.937007874015748,0.2520102140088659,False,0.18333333333333332,0.168687735000276
S2-p3-unequal,0.0,29,S2-p3-unequal_e00_r029,CNmix,0.9,0.13287586382549424,False,0.0,0.11277395999786677
S2-p3-unequal,0.1,29,S2-p3-unequal_e10_r029,CNmix,0.9117647058823529,0.10511297288817556,False,0.09333333333333334,0.15981322399966302
S2-p3-unequal,0.2,29,S2-p3-unequal_e20_r029,CNmix,0.9224137931034483,0.08974618658630806,False,0.23,0.24876035600027535
S3-xhet,0.0,29,S3-xhet_e00_r029,CNmix,0.8966666666666666,0.13015648080712428,False,0.36333333333333334,0.19825205400047707
S3-xhet,0.1,29,S3-xhet_e10_r029,CNmix,0.9148148148148149,0.07842375486195552,False,0.1,0.16889409099894692
S3-xhet,0.2,29,S3-xhet_e20_r029,CNmix,0.8706896551724138,0.09956916695990942,False,0.23666666666666666,0.14193537300161552
S1-skew,0.0,30,S1-skew_e00_r030,CNmix,0.9233333333333333,0.33499214538928357,False,0.05,0.12999261100048898
S1-skew,0.1,30,S1-skew_e10_r030,CNmix,0.875,0.243453140386808,False,0.12666666666666668,0.1429800100013381
S1-skew,0.2,30,S1-skew_e20_r030,CNmix,0.9294605809128631,0.2904709420988089,False,0.21,0.12028615099916351
S2-p3-unequal,0.0,30,S2-p3-unequal_e00_r030,CNmix,0.8966666666666666,0.16650887358000183,False,0.0,0.14314607000051183
S2-p3-unequal,0.1,30,S2-p3-unequal_e10_r030,CNmix,0.9274809160305344,0.13475945853055699,False,0.13333333333333333,0.25137256900052307
S2-p3-unequal,0.2,30,S2-p3-unequal_e20_r030,CNmix,0.9094650205761317,0.09394300413739565,False,0.19333333333333333,0.1619759929999418
S3-xhet,0.0,30,S3-xhet_e00_r030,CNmix,0.9266666666666666,0.1857843088819042,False,0.33,0.1537699380023696
S3-xhet,0.1,30,S3-xhet_e10_r030,CNmix,0.9107806691449815,0.2507548494525724,False,0.11333333333333333,0.1741879559995141
S3-xhet,0.2,30,S3-xhet_e20_r030,CNmix,0.9188034188034188,0.16185007178348187,False,0.25666666666666665,0.15204245000131777
S1-skew,0.0,31,S1-skew_e00_r031,CNmix,0.9166666666666666,0.256433308061377,False,0.06,0.11474590799844009
S1-skew,0.1,31,S1-skew_e10_r031,CNmix,0.9194139194139194,0.3595701942841156,False,0.13333333333333333,0.17373599300117348
S1-skew,0.2,31,S1-skew_e20_r031,CNmix,0.9330543933054394,0.32422196648441515,False,0.24666666666666667,0.13572189799742773
S2-p3-unequal,0.0,31,S2-p3-unequal_e00_r031,CNmix,0.9333333333333333,0.06641352538014189,False,0.0,0.1104252839977562
S2-p3-unequal,0.1,31,S2-p3-unequal_e10_r031,CNmix,0.9051094890510949,0.2166724808681687,False,0.09,0.1328173779984354
S2-p3-unequal,0.2,31,S2-p3-unequal_e20_r031,CNmix,0.9076305220883534,0.15850975662744088,False,0.18666666666666668,0.16682049599694437
S3-xhet,0.0,31,S3-xhet_e00_r031,CNmix,0.9233333333333333,0.18187098194630713,False,0.11666666666666667,0.12124396700164652
S3-xhet,0.1,31,S3-xhet_e10_r031,CNmix,0.8603773584905661,0.20082265246982234,False,0.12333333333333334,0.1376279819996853
S3-xhet,0.2,31,S3-xhet_e20_r031,CNmix,0.9224489795918367,0.1411212032807736,False,0.2,0.1589579280007456
S1-skew,0.0,32,S1-skew_e00_r032,CNmix,0.94,0.29753612692324455,False,0.02666666666666667,0.12241802200151142
S1-skew,0.1,32,S1-skew_e10_r032,CNmix,0.9166666666666666,0.3700721075636796,False,0.13666666666666666,0.16098250200229813
S1-skew,0.2,32,S1-skew_e20_r032,CNmix,0.950207468879668,0.28287884626664744,False,0.21666666666666667,0.14587273600045592
S2-p3-unequal,0.0,32,S2-p3-unequal_e00_r032,CNmix,0.9,0.14450654057476303,False,0.02,0.12428596999961883
S2-p3-unequal,0.1,32,S2-p3-unequal_e10_r032,CNmix,0.9187279151943463,0.117626084192199,False,0.06333333333333334,0.18581523900138563
S2-p3-unequal,0.2,32,S2-p3-unequal_e20_r032,CNmix,0.9033613445378151,0.11980332777687486,False,0.21666666666666667,0.16575724599897512
S3-xhet,0.0,32,S3-xhet_e00_r032,CNmix,0.93,0.10591400991586664,False,0.29,0.29132412200124236
S3-xhet,0.1,32,S3-xhet_e10_r032,CNmix,0.9026217228464419,0.09388540309165827,False,0.13666666666666666,0.1533731039999111
S3-xhet,0.2,32,S3-xhet_e20_r032,CNmix,0.8744769874476988,0.13607984086053682,False,0.23666666666666666,0.18571027199868695
S1-skew,0.0,33,S1-skew_e00_r033,CNmix,0.8933333333333333,0.216994644185661,False,0.12,0.19592963499962934
S1-skew,0.1,33,S1-skew_e10_r033,CNmix,0.927007299270073,0.1725430589989301,False,0.1,0.1911906329987687
S1-skew,0.2,33,S1-skew_e20_r033,CNmix,0.881578947368421,0.3371048628149444,False,0.27,0.27712272700227913
S2-p3-unequal,0.0,33,S2-p3-unequal_e00_r033,CNmix,0.9066666666666666,0.07604046905060469,False,0.07333333333333333,0.1802092760008236
S2-p3-unequal,0.1,33,S2-p3-unequal_e10_r033,CNmix,0.9124087591240876,0.12177332158760168,False,0.09,0.2374218529985228
S2-p3-unequal,0.2,33,S2-p3-unequal_e20_r033,CNmix,0.9426229508196722,0.2556015370128861,False,0.18666666666666668,0.17333223500099848
S3-xhet,0.0,33,S3-xhet_e00_r033,CNmix,0.9133333333333333,0.360117394144653,False,0.32,0.18765080999946804
S3-xhet,0.1,33,S3-xhet_e10_r033,CNmix,0.9219330855018587,0.1628602337434872,False,0.13666666666666666,0.15019703999860212
S3-xhet,0.2,33,S3-xhet_e20_r033,CNmix,0.9173913043478261,0.31626919739408493,False,0.25333333333333335,0.15097607799907564
S1-skew,0.0,34,S1-skew_e00_r034,CNmix,0.92,0.22114197014206172,False,0.06333333333333334,0.1604163569973025
S1-skew,0.1,34,S1-skew_e10_r034,CNmix,0.9219330855018587,0.18358239769136434,False,0.13,0.2778051899986167
S1-skew,0.2,34,S1-skew_e20_r034,CNmix,0.9456066945606695,0.38950314748258014,False,0.24666666666666667,0.21729440399940358
S2-p3-unequal,0.0,34,S2-p3-unequal_e00_r034,CNmix,0.91,0.10287512625654502,False,0.0,0.15887628299969947
S2-p3-unequal,0.1,34,S2-p3-unequal_e10_r034,CNmix,0.9011406844106464,0.10242263833424103,False,0.12666666666666668,0.21486285100036184
S2-p3-unequal,0.2,34,S2-p3-unequal_e20_r034,CNmix,0.9029535864978903,0.32898647341754267,False,0.22666666666666666,0.3444677750012488
S3-xhet,0.0,34,S3-xhet_e00_r034,CNmix,0.94,0.2517202236007119,False,0.27666666666666667,0.26815136499863
S3-xhet,0.1,34,S3-xhet_e10_r034,CNmix,0.9320754716981132,0.08607505442154263,False,0.13333333333333333,0.23780027200336917
S3-xhet,0.2,34,S3-xhet_e20_r034,CNmix,0.9094650205761317,0.16455891666222144,False,0.20666666666666667,0.1926005780005653
S1-skew,0.0,35,S1-skew_e00_r035,CNmix,0.9333333333333333,0.2081998213136093,False,0.05333333333333334,0.1278739970002789
S1-skew,0.1,35,S1-skew_e10_r035,CNmix,0.9227941176470589,0.23419344976473863,False,0.12333333333333334,0.14437260600243462
S1-skew,0.2,35,S1-skew_e20_r035,CNmix,0.919831223628692,0.3498671447647803,False,0.24,0.13383259699912742
S2-p3-unequal,0.0,35,S2-p3-unequal_e00_r035,CNmix,0.93,0.13039616834510026,False,0.08,0.28373724999983096
S2-p3-unequal,0.1,35,S2-p3-unequal_e10_r035,CNmix,0.9122137404580153,0.07195396265499987,False,0.13,0.2223559509984625
S2-p3-unequal,0.2,35,S2-p3-unequal_e20_r035,CNmix,0.8945147679324894,0.0764024492608335,False,0.21,0.19140504700044403
S3-xhet,0.0,35,S3-xhet_e00_r035,CNmix,0.9233333333333333,0.06636465578697259,False,0.12,0.22941466599877458
S3-xhet,0.1,35,S3-xhet_e10_r035,CNmix,0.9111111111111111,0.26874024618193915,False,0.12,0.2335110470012296
S3-xhet,0.2,35,S3-xhet_e20_r035,CNmix,0.9304347826086956,0.23552454677685505,False,0.24,0.16270399700078997
S1-skew,0.0,36,S1-skew_e00_r036,CNmix,0.9166666666666666,0.37148115421553285,False,0.09666666666666666,0.18611779999991995
S1-skew,0.1,36,S1-skew_e10_r036,CNmix,0.9301470588235294,0.2622814168280978,False,0.1,0.12313098100275965
S1-skew,0.2,36,S1-skew_e20_r036,CNmix,0.9243697478991597,0.2758423300080105,False,0.25333333333333335,0.1446310089995677
S2-p3-unequal,0.0,36,S2-p3-unequal_e00_r036,CNmix,0.8966666666666666,0.10360724853978065,False,0.22,0.24517242000001715
S2-p3-unequal,0.1,36,S2-p3-unequal_e10_r036,CNmix,0.9003690036900369,0.12333738722858899,False,0.09666666666666666,0.2534006669993687
S2-p3-unequal,0.2,36,S2-p3-unequal_e20_r036,CNmix,0.9166666666666666,0.40261209388751057,False,0.2,0.21617128100115224
S3-xhet,0.0,36,S3-xhet_e00_r036,CNmix,0.9133333333333333,0.09213943093029052,False,0.14666666666666667,0.12534930800029542
S3-xhet,0.1,36,S3-xhet_e10_r036,CNmix,0.9070631970260223,0.08045023262034046,False,0.11,0.17377776200009976
S3-xhet,0.2,36,S3-xhet_e20_r036,CNmix,0.8724279835390947,0.39123277127145695,False,0.21333333333333335,0.1749394280013803
S1-skew,0.0,37,S1-skew_e00_r037,CNmix,0.93,0.34891428980922384,False,0.13,0.11400799900002312
S1-skew,0.1,37,S1-skew_e10_r037,CNmix,0.9172932330827067,0.0893564014141781,False,0.15666666666666668,0.2375867560003826
S1-skew,0.2,37,S1-skew_e20_r037,CNmix,0.9598393574297188,0.27665812375838816,False,0.2,0.15046182199876057
S2-p3-unequal,0.0,37,S2-p3-unequal_e00_r037,CNmix,0.9066666666666666,0.0818880629977603,False,0.0,0.10846407000281033
S2-p3-unequal,0.1,37,S2-p3-unequal_e10_r037,CNmix,0.9007352941176471,0.31351253377705096,False,0.09666666666666666,0.13154223399760667
S2-p3-unequal,0.2,37,S2-p3-unequal_e20_r037,CNmix,0.9243697478991597,0.08209941909062793,False,0.21333333333333335,0.13361035200068727
S3-xhet,0.0,37,S3-xhet_e00_r037,CNmix,0.9166666666666666,0.20204466763568196,False,0.12666666666666668,0.13836665700000594
S3-xhet,0.1,37,S3-xhet_e10_r037,CNmix,0.9216417910447762,0.20087983989462085,False,0.13,0.1219605269980093
S3-xhet,0.2,37,S3-xhet_e20_r037,CNmix,0.8821138211382114,0.343352090949986,False,0.19666666666666666,0.2750327149988152
S1-skew,0.0,38,S1-skew_e00_r038,CNmix,0.9466666666666667,0.2830741512097437,False,0.09666666666666666,0.10751295100271818
S1-skew,0.1,38,S1-skew_e10_r038,CNmix,0.9481481481481482,0.1632995456908454,False,0.11,0.12269782800285611
S1-skew,0.2,38,S1-skew_e20_r038,CNmix,0.9125,0.43872166865944046,False,0.2633333333333333,0.14744025799882365
S2-p3-unequal,0.0,38,S2-p3-unequal_e00_r038,CNmix,0.93,0.06784128256992161,False,0.19,0.1747528229971067
S2-p3-unequal,0.1,38,S2-p3-unequal_e10_r038,CNmix,0.9384057971014492,0.1316407509973989,False,0.09,0.1474692430019786
S2-p3-unequal,0.2,38,S2-p3-unequal_e20_r038,CNmix,0.889763779527559,0.11257801322957206,False,0.15333333333333332,0.1740035020011419
S3-xhet,0.0,38,S3-xhet_e00_r038,CNmix,0.9266666666666666,0.11443947689747946,False,0.016666666666666666,0.12048273799882736
S3-xhet,0.1,38,S3-xhet_e10_r038,CNmix,0.9548872180451128,0.11291990676538037,False,0.11666666666666667,0.13781689399911556
S3-xhet,0.2,38,S3-xhet_e20_r038,CNmix,0.9087136929460581,0.20325637031463814,False,0.21333333333333335,0.15060055799767724
S1-skew,0.0,39,S1-skew_e00_r039,CNmix,0.9366666666666666,0.37607289645616065,False,0.11,0.13027097300073365
S1-skew,0.1,39,S1-skew_e10_r039,CNmix,0.9492753623188406,0.26606671905681994,False,0.11,0.19423417000143672
S1-skew,0.2,39,S1-skew_e20_r039,CNmix,0.9385245901639344,0.2631970628163244,False,0.25666666666666665,0.18848431300284574
S2-p3-unequal,0.0,39,S2-p3-unequal_e00_r039,CNmix,0.93,0.1347882447249077,False,0.016666666666666666,0.2278603029990336
S2-p3-unequal,0.1,39,S2-p3-unequal_e10_r039,CNmix,0.8937728937728938,0.08168172041639299,False,0.09333333333333334,0.12954970800274168
S2-p3-unequal,0.2,39,S2-p3-unequal_e20_r039,CNmix,0.9098360655737705,0.11404065003341678,False,0.19,0.18247731500014197
S3-xhet,0.0,39,S3-xhet_e00_r039,CNmix,0.8966666666666666,0.12147178940242256,False,0.16333333333333333,0.17185174699989147
S3-xhet,0.1,39,S3-xhet_e10_r039,CNmix,0.9022556390977443,0.15518187509685522,False,0.13666666666666666,0.27353522200064617
S3-xhet,0.2,39,S3-xhet_e20_r039,CNmix,0.922077922077922,0.1628171155003204,False,0.26,0.21137798799827578
S1-skew,0.0,40,S1-skew_e00_r040,CNmix,0.9366666666666666,0.28053795475125104,False,0.08333333333333333,0.274018578002142
S1-skew,0.1,40,S1-skew_e10_r040,CNmix,0.9267399267399268,0.22560747844742596,False,0.13,0.1726093379984377
S1-skew,0.2,40,S1-skew_e20_r040,CNmix,0.9083333333333333,0.15295025580864233,False,0.21666666666666667,0.14836069900047733
S2-p3-unequal,0.0,40,S2-p3-unequal_e00_r040,CNmix,0.9133333333333333,0.07760309825851597,False,0.0,0.1136867360000906
S2-p3-unequal,0.1,40,S2-p3-unequal_e10_r040,CNmix,0.8929889298892989,0.3713038369402968,False,0.1,0.12595714700000826
S2-p3-unequal,0.2,40,S2-p3-unequal_e20_r040,CNmix,0.8907563025210085,0.18674799857344243,False,0.21,0.1433011350018205
S3-xhet,0.0,40,S3-xhet_e00_r040,CNmix,0.9066666666666666,0.15793657674902994,False,0.17333333333333334,0.12063979400045355
S3-xhet,0.1,40,S3-xhet_e10_r040,CNmix,0.8821292775665399,0.23759470630929927,False,0.13,0.2660858239978552
S3-xhet,0.2,40,S3-xhet_e20_r040,CNmix,0.9414225941422594,0.1319571799960675,False,0.22666666666666666,0.17846377800015034
S1-skew,0.0,41,S1-skew_e00_r041,CNmix,0.8966666666666666,0.4412195464439615,False,0.12333333333333334,0.10858849099895451
S1-skew,0.1,41,S1-skew_e10_r041,CNmix,0.9333333333333333,0.20576928924782917,False,0.12333333333333334,0.129415961997438
S1-skew,0.2,41,S1-skew_e20_r041,CNmix,0.927710843373494,0.19360711908407063,False,0.2,0.14408977399943979
S2-p3-unequal,0.0,41,S2-p3-unequal_e00_r041,CNmix,0.9133333333333333,0.20087253792056417,False,0.18,0.27090971100187744
S2-p3-unequal,0.1,41,S2-p3-unequal_e10_r041,CNmix,0.8892988929889298,0.10893291345091227,False,0.1,0.13974899499953608
S2-p3-unequal,0.2,41,S2-p3-unequal_e20_r041,CNmix,0.9426229508196722,0.14324729319353294,False,0.19333333333333333,0.18843579399981536
S3-xhet,0.0,41,S3-xhet_e00_r041,CNmix,0.91,0.16439772283638576,False,0.19666666666666666,0.11282620900237816
S3-xhet,0.1,41,S3-xhet_e10_r041,CNmix,0.8939393939393939,0.08025548896378176,False,0.12666666666666668,0.18505348899998353
S3-xhet,0.2,41,S3-xhet_e20_r041,CNmix,0.91701244813278,0.09000472168341522,False,0.22,0.14106240600085584
S1-skew,0.0,42,S1-skew_e00_r042,CNmix,0.92,0.26813470069059797,False,0.08333333333333333,0.12227999999959138
S1-skew,0.1,42,S1-skew_e10_r042,CNmix,0.9431818181818182,0.22950314785157414,False,0.15333333333333332,0.11652222200063989
S1-skew,0.2,42,S1-skew_e20_r042,CNmix,0.9262295081967213,0.13177711738408476,False,0.21666666666666667,0.1343455599999288
S2-p3-unequal,0.0,42,S2-p3-unequal_e00_r042,CNmix,0.9033333333333333,0.13669044886289117,False,0.0,0.10706826200112118
S2-p3-unequal,0.1,42,S2-p3-unequal_e10_r042,CNmix,0.925,0.07889461921928527,False,0.07,0.13672115100052906
S2-p3-unequal,0.2,42,S2-p3-unequal_e20_r042,CNmix,0.8821138211382114,0.19708653746662874,False,0.18666666666666668,0.13431687800039072
S3-xhet,0.0,42,S3-xhet_e00_r042,CNmix,0.93,0.08673686404978675,False,0.3566666666666667,0.134812353997404
S3-xhet,0.1,42,S3-xhet_e10_r042,CNmix,0.8860294117647058,0.1597803138549745,False,0.09333333333333334,0.1916219309969165
S3-xhet,0.2,42,S3-xhet_e20_r042,CNmix,0.9030837004405287,0.23233597073545753,False,0.29,0.14743315499799792
S1-skew,0.0,43,S1-skew_e00_r043,CNmix,0.9333333333333333,0.25262843247320016,False,0.056666666666666664,0.14119585899970843
S1-skew,0.1,43,S1-skew_e10_r043,CNmix,0.9145907473309609,0.2913573719834107,False,0.09333333333333334,0.1702573239999765
S1-skew,0.2,43,S1-skew_e20_r043,CNmix,0.9221311475409836,0.33744396054700526,False,0.24666666666666667,0.10970443600308499
S2-p3-unequal,0.0,43,S2-p3-unequal_e00_r043,CNmix,0.9266666666666666,0.11015161110638627,False,0.0,0.10095011899829842
S2-p3-unequal,0.1,43,S2-p3-unequal_e10_r043,CNmix,0.898876404494382,0.17469289202083363,False,0.11666666666666667,0.2920797170008882
S2-p3-unequal,0.2,43,S2-p3-unequal_e20_r043,CNmix,0.9190283400809717,0.14162986668534772,False,0.17666666666666667,0.17316249900250114
S3-xhet,0.0,43,S3-xhet_e00_r043,CNmix,0.93,0.040743605661802886,False,0.13666666666666666,0.28863820400147233
S3-xhet,0.1,43,S3-xhet_e10_r043,CNmix,0.9347826086956522,0.20218528189703755,False,0.08666666666666667,0.10594911299995147
S3-xhet,0.2,43,S3-xhet_e20_r043,CNmix,0.8816326530612245,0.1238635611756105,False,0.19666666666666666,0.16667504100041697
S1-skew,0.0,44,S1-skew_e00_r044,CNmix,0.92,0.15209512858544608,False,0.12,0.13693240900101955
S1-skew,0.1,44,S1-skew_e10_r044,CNmix,0.929368029739777,0.12168593603914098,False,0.11666666666666667,0.12890258499828633
S1-skew,0.2,44,S1-skew_e20_r044,CNmix,0.9320754716981132,0.228053189735398,False,0.14,0.2314506349976
S2-p3-unequal,0.0,44,S2-p3-unequal_e00_r044,CNmix,0.8866666666666667,0.18491403781252835,False,0.0,0.12383643700013636
S2-p3-unequal,0.1,44,S2-p3-unequal_e10_r044,CNmix,0.8917910447761194,0.08468442946479238,False,0.11,0.12639121200118097
S2-p3-unequal,0.2,44,S2-p3-unequal_e20_r044,CNmix,0.8600823045267489,0.14693153122336122,False,0.21333333333333335,0.19163628599926597
S3-xhet,0.0,44,S3-xhet_e00_r044,CNmix,0.88,0.23011281652382354,False,0.3466666666666667,0.14476161999846227
S3-xhet,0.1,44,S3-xhet_e10_r044,CNmix,0.9135338345864662,0.09086575414839282,False,0.12333333333333334,0.17573827899832395
S3-xhet,0.2,44,S3-xhet_e20_r044,CNmix,0.9041666666666667,0.10410941621880426,False,0.22,0.18741796000176691
S1-skew,0.0,45,S1-skew_e00_r045,CNmix,0.9233333333333333,0.2679021014528996,False,0.07,0.1300235650014656
S1-skew,0.1,45,S1-skew_e10_r045,CNmix,0.9117647058823529,0.22147859670569198,False,0.12,0.1424715040011506
S1-skew,0.2,45,S1-skew_e20_r045,CNmix,0.9220183486238532,0.26272580007073904,False,0.2966666666666667,0.2043611549997877
S2-p3-unequal,0.0,45,S2-p3-unequal_e00_r045,CNmix,0.93,0.18272259589309048,False,0.016666666666666666,0.16525046300012036
S2-p3-unequal,0.1,45,S2-p3-unequal_e10_r045,CNmix,0.933579335793358,0.07886968960662677,False,0.09666666666666666,0.3175609599966265
S2-p3-unequal,0.2,45,S2-p3-unequal_e20_r045,CNmix,0.9083333333333333,0.13099521439288983,False,0.20333333333333334,0.15043766999951913
S3-xhet,0.0,45,S3-xhet_e00_r045,CNmix,0.93,0.11279817923703761,False,0.12,0.3125971369991021
S3-xhet,0.1,45,S3-xhet_e10_r045,CNmix,0.8973384030418251,0.1966816023473953,False,0.13666666666666666,0.15670804099863744
S3-xhet,0.2,45,S3-xhet_e20_r045,CNmix,0.8616600790513834,0.26794480258313325,False,0.19,0.16606710999985808
S1-skew,0.0,46,S1-skew_e00_r046,CNmix,0.8966666666666666,0.1940229683281336,False,0.043333333333333335,0.12548664600035409
S1-skew,0.1,46,S1-skew_e10_r046,CNmix,0.8992805755395683,0.24189037782339692,False,0.15,0.11510739799996372
S1-skew,0.2,46,S1-skew_e20_r046,CNmix,0.9105691056910569,0.15709629816134402,False,0.20666666666666667,0.13901324399921577
S2-p3-unequal,0.0,46,S2-p3-unequal_e00_r046,CNmix,0.89,0.11003924641113008,False,0.0,0.116466079998645
S2-p3-unequal,0.1,46,S2-p3-unequal_e10_r046,CNmix,0.9007633587786259,0.11062625014604999,False,0.13,0.17460229900098057
S2-p3-unequal,0.2,46,S2-p3-unequal_e20_r046,CNmix,0.9049586776859504,0.14420972659265635,False,0.19666666666666666,0.16109566099839867
S3-xhet,0.0,46,S3-xhet_e00_r046,CNmix,0.93,0.11899960149595379,False,0.14666666666666667,0.14162591100102873
S3-xhet,0.1,46,S3-xhet_e10_r046,CNmix,0.9014598540145985,0.11732621428536652,False,0.1,0.15340359899710165
S3-xhet,0.2,46,S3-xhet_e20_r046,CNmix,0.9201680672268907,0.24862691590471772,False,0.22666666666666666,0.22228856999936397
S1-skew,0.0,47,S1-skew_e00_r047,CNmix,0.9366666666666666,0.270169177764364,False,0.10333333333333333,0.13065949299925705
S1-skew,0.1,47,S1-skew_e10_r047,CNmix,0.9471698113207547,0.21416312830951983,False,0.15333333333333332,0.1599908249991131
S1-skew,0.2,47,S1-skew_e20_r047,CNmix,0.9193548387096774,0.3307521304168414,False,0.21,0.15999435699995956
S2-p3-unequal,0.0,47,S2-p3-unequal_e00_r047,CNmix,0.92,0.09371701527527002,False,0.0,0.11420888599968748
S2-p3-unequal,0.1,47,S2-p3-unequal_e10_r047,CNmix,0.8969465648854962,0.08698007206518099,False,0.13333333333333333,0.15799022699866327
S2-p3-unequal,0.2,47,S2-p3-unequal_e20_r047,CNmix,0.8983739837398373,0.09149510241284038,False,0.19333333333333333,0.12939082699813298
S3-xhet,0.0,47,S3-xhet_e00_r047,CNmix,0.9066666666666666,0.1475268656276569,False,0.08,0.17647161100103403
S3-xhet,0.1,47,S3-xhet_e10_r047,CNmix,0.9288256227758007,0.14553895844087517,False,0.08,0.12357379099921673
S3-xhet,0.2,47,S3-xhet_e20_r047,CNmix,0.8961038961038961,0.17016724362100402,False,0.24666666666666667,0.18471423499795492
S1-skew,0.0,48,S1-skew_e00_r048,CNmix,0.9,0.21858605355966781,False,0.09333333333333334,0.11351129000104265
S1-skew,0.1,48,S1-skew_e10_r048,CNmix,0.9194139194139194,0.18503674392860595,False,0.11666666666666667,0.13070709299790906
S1-skew,0.2,48,S1-skew_e20_r048,CNmix,0.9274193548387096,0.24089339963212103,False,0.19666666666666666,0.16430125999977463
S2-p3-unequal,0.0,48,S2-p3-unequal_e00_r048,CNmix,0.91,0.1854072123263479,False,0.0,0.1050462819985114
S2-p3-unequal,0.1,48,S2-p3-unequal_e10_r048,CNmix,0.8888888888888888,0.12125427806992972,False,0.10333333333333333,0.15769462100070086
S2-p3-unequal,0.2,48,S2-p3-unequal_e20_r048,CNmix,0.8902439024390244,0.09122301851450881,False,0.18666666666666668,0.20417048600211274
S3-xhet,0.0,48,S3-xhet_e00_r048,CNmix,0.9466666666666667,0.1725551783175312,False,0.09333333333333334,0.15077467400260502
S3-xhet,0.1,48,S3-xhet_e10_r048,CNmix,0.9188191881918819,0.14761678020901928,False,0.11666666666666667,0.21611666100216098
S3-xhet,0.2,48,S3-xhet_e20_r048,CNmix,0.912,0.4322542393362049,False,0.18666666666666668,0.19075072900159284
S1-skew,0.0,49,S1-skew_e00_r049,CNmix,0.9433333333333334,0.21555262179304974,False,0.09333333333333334,0.1302103169982729
S1-skew,0.1,49,S1-skew_e10_r049,CNmix,0.8888888888888888,0.2062477844248964,False,0.14,0.20956776200182503
S1-skew,0.2,49,S1-skew_e20_r049,CNmix,0.9188034188034188,0.19741408019881385,False,0.24333333333333335,0.1622990950017993
S2-p3-unequal,0.0,49,S2-p3-unequal_e00_r049,CNmix,0.93,0.2833716473269721,False,0.0,0.12735186999998405
S2-p3-unequal,0.1,49,S2-p3-unequal_e10_r049,CNmix,0.9029850746268657,0.11433036812831257,False,0.10666666666666667,0.29942822299926775
S2-p3-unequal,0.2,49,S2-p3-unequal_e20_r049,CNmix,0.9004149377593361,0.08384462062722187,False,0.21666666666666667,0.18511275900164037
S3-xhet,0.0,49,S3-xhet_e00_r049,CNmix,0.9166666666666666,0.18092444119839768,False,0.14,0.13671680499828653
S3-xhet,0.1,49,S3-xhet_e10_r049,CNmix,0.942652329749104,0.20371408754555023,False,0.08666666666666667,0.20913572100107558
S3-xhet,0.2,49,S3-xhet_e20_r049,CNmix,0.9156626506024096,0.060338518482192585,False,0.19,0.19934304100024747
