design,eps,alg1,proc,best,bestacc,diff,se,resid,cov,c
S1-skew,0.0,0.9226666666666666,0.9226666666666666,TCR(0.15),0.9232,-0.0005333333333333634,0.0012896236860808212,0.051866666666666665,0.0,True
S1-skew,0.1,0.9174966495137181,0.9174966495137181,NoiseMix,0.9181606509326629,-0.0006640014189445842,0.0006185022294700711,0.13140000000000002,0.0,True
S1-skew,0.2,0.922892323048467,0.922892323048467,TLE(0.25),0.924315666474802,-0.001423343426334931,0.0009297124460945907,0.21113333333333334,0.0,True
S2-p3-unequal,0.0,0.9079333333333333,0.9079333333333333,bisq,0.9106666666666666,-0.002733333333333341,0.0005999999999999985,0.020466666666666668,0.006533333333333333,True
S2-p3-unequal,0.1,0.8844674138607632,0.906384505285154,TCR(0.15),0.9100484491161697,-0.0036639438310155548,0.0014889390694924531,0.10913333333333335,0.005266666666666667,True
S2-p3-unequal,0.2,0.8834479183941607,0.9033674099195843,TCR(0.25),0.9089775538925419,-0.005610143972957517,0.004679474752597243,0.20393333333333336,0.0052,True
S3-xhet,0.0,0.9131999999999999,0.9134666666666666,TCR(0.05),0.9140666666666667,-0.0006000000000000205,0.0006978424800656163,0.058600000000000006,0.0,True
S3-xhet,0.1,0.9134543254526521,0.9134543254526521,CNmix,0.9149866900575262,-0.0015323646048741569,0.0008993508206120627,0.12986666666666666,0.0,True
S3-xhet,0.2,0.9091956454701046,0.9091956454701046,TLE(0.25),0.9099044063202741,-0.0007087608501695386,0.0011236800940245763,0.21273333333333333,0.0,True
