design,eps,rep,unit,method,acc,perr,ahat
S1-skew,0.0,0,S1-skew_e00_r000,SeqRANSAC,0.9,0.09704483560969068,0.023333333333333334
S1-skew,0.1,0,S1-skew_e10_r000,SeqRANSAC,0.9135338345864662,0.1366692841049833,0.13666666666666666
S1-skew,0.2,0,S1-skew_e20_r000,SeqRANSAC,0.908675799086758,0.22667850397819708,0.29
S2-p3-unequal,0.0,0,S2-p3-unequal_e00_r000,SeqRANSAC,0.9133333333333333,0.20401657536907947,0.013333333333333334
S2-p3-unequal,0.1,0,S2-p3-unequal_e10_r000,SeqRANSAC,0.8702290076335878,0.13659176367480153,0.13666666666666666
S2-p3-unequal,0.2,0,S2-p3-unequal_e20_r000,SeqRANSAC,0.8559322033898306,0.20306721891324506,0.22
S3-xhet,0.0,0,S3-xhet_e00_r000,SeqRANSAC,0.91,0.39132633688120005,0.06333333333333334
S3-xhet,0.1,0,S3-xhet_e10_r000,SeqRANSAC,0.9222222222222223,0.3217476998258113,0.14666666666666667
S3-xhet,0.2,0,S3-xhet_e20_r000,SeqRANSAC,0.9196787148594378,0.19085280667918125,0.22
S1-skew,0.0,1,S1-skew_e00_r001,SeqRANSAC,0.94,0.21285394334564106,0.02
S1-skew,0.1,1,S1-skew_e10_r001,SeqRANSAC,0.9157509157509157,0.37347911261530653,0.10666666666666667
S1-skew,0.2,1,S1-skew_e20_r001,SeqRANSAC,0.934156378600823,0.1878180481014958,0.21666666666666667
S2-p3-unequal,0.0,1,S2-p3-unequal_e00_r001,SeqRANSAC,0.8966666666666666,0.17825003656247773,0.01
S2-p3-unequal,0.1,1,S2-p3-unequal_e10_r001,SeqRANSAC,0.9227941176470589,0.12600760375347697,0.1
S2-p3-unequal,0.2,1,S2-p3-unequal_e20_r001,SeqRANSAC,0.9130434782608695,0.09400350942805047,0.23666666666666666
S3-xhet,0.0,1,S3-xhet_e00_r001,SeqRANSAC,0.9233333333333333,0.18785088219095147,0.05333333333333334
S3-xhet,0.1,1,S3-xhet_e10_r001,SeqRANSAC,0.9084249084249084,0.37900903240867206,0.16
S3-xhet,0.2,1,S3-xhet_e20_r001,SeqRANSAC,0.905511811023622,0.10428661517332394,0.19
S1-skew,0.0,2,S1-skew_e00_r002,SeqRANSAC,0.9033333333333333,0.29992185228817697,0.016666666666666666
S1-skew,0.1,2,S1-skew_e10_r002,SeqRANSAC,0.9261992619926199,0.08199941353119823,0.11333333333333333
S1-skew,0.2,2,S1-skew_e20_r002,SeqRANSAC,0.8866396761133604,0.1120812134530935,0.18666666666666668
S2-p3-unequal,0.0,2,S2-p3-unequal_e00_r002,SeqRANSAC,0.8966666666666666,0.1841834304467907,0.013333333333333334
S2-p3-unequal,0.1,2,S2-p3-unequal_e10_r002,SeqRANSAC,0.8951310861423221,0.09306156066868798,0.11333333333333333
S2-p3-unequal,0.2,2,S2-p3-unequal_e20_r002,SeqRANSAC,0.9139344262295082,0.11904231625290058,0.19333333333333333
S3-xhet,0.0,2,S3-xhet_e00_r002,SeqRANSAC,0.92,0.321599745851738,0.07
S3-xhet,0.1,2,S3-xhet_e10_r002,SeqRANSAC,0.935251798561151,0.34764589702866,0.12333333333333334
S3-xhet,0.2,2,S3-xhet_e20_r002,SeqRANSAC,0.9262295081967213,0.11498514384595301,0.21666666666666667
S1-skew,0.0,3,S1-skew_e00_r003,SeqRANSAC,0.93,0.18037817692780475,0.03
S1-skew,0.1,3,S1-skew_e10_r003,SeqRANSAC,0.8817204301075269,0.2487675520952016,0.09333333333333334
S1-skew,0.2,3,S1-skew_e20_r003,SeqRANSAC,0.9029535864978903,0.1819190270264219,0.22
S2-p3-unequal,0.0,3,S2-p3-unequal_e00_r003,SeqRANSAC,0.9066666666666666,0.12134775790631777,0.006666666666666667
S2-p3-unequal,0.1,3,S2-p3-unequal_e10_r003,SeqRANSAC,0.898876404494382,0.14516191600734016,0.12666666666666668
S2-p3-unequal,0.2,3,S2-p3-unequal_e20_r003,SeqRANSAC,0.921161825726141,0.12289807709604593,0.2
S3-xhet,0.0,3,S3-xhet_e00_r003,SeqRANSAC,0.9066666666666666,0.3324250433685636,0.05333333333333334
S3-xhet,0.1,3,S3-xhet_e10_r003,SeqRANSAC,0.9400749063670412,0.2158734927507595,0.16
S3-xhet,0.2,3,S3-xhet_e20_r003,SeqRANSAC,0.9176954732510288,0.15267657133920132,0.23
S1-skew,0.0,4,S1-skew_e00_r004,SeqRANSAC,0.9266666666666666,0.07999062996517092,0.02
S1-skew,0.1,4,S1-skew_e10_r004,SeqRANSAC,0.9026217228464419,0.31688336286847824,0.12333333333333334
S1-skew,0.2,4,S1-skew_e20_r004,SeqRANSAC,0.9518072289156626,0.20698724674544597,0.19666666666666666
S2-p3-unequal,0.0,4,S2-p3-unequal_e00_r004,SeqRANSAC,0.8966666666666666,0.15198281250049078,0.016666666666666666
S2-p3-unequal,0.1,4,S2-p3-unequal_e10_r004,SeqRANSAC,0.9204545454545454,0.20396637265761963,0.13666666666666666
S2-p3-unequal,0.2,4,S2-p3-unequal_e20_r004,SeqRANSAC,0.905982905982906,0.11580219798940114,0.22
S3-xhet,0.0,4,S3-xhet_e00_r004,SeqRANSAC,0.8933333333333333,0.4501754045143347,0.10333333333333333
S3-xhet,0.1,4,S3-xhet_e10_r004,SeqRANSAC,0.9315589353612167,0.4388310041728183,0.16666666666666666
S3-xhet,0.2,4,S3-xhet_e20_r004,SeqRANSAC,0.9094650205761317,0.5309141926944861,0.24333333333333335
S1-skew,0.0,5,S1-skew_e00_r005,SeqRANSAC,0.94,0.20679290638728567,0.02
S1-skew,0.1,5,S1-skew_e10_r005,SeqRANSAC,0.9377289377289377,0.1955241337603364,0.10333333333333333
S1-skew,0.2,5,S1-skew_e20_r005,SeqRANSAC,0.9300411522633745,0.186528779031545,0.20666666666666667
S2-p3-unequal,0.0,5,S2-p3-unequal_e00_r005,SeqRANSAC,0.9033333333333333,0.11643752494381743,0.0033333333333333335
S2-p3-unequal,0.1,5,S2-p3-unequal_e10_r005,SeqRANSAC,0.8880597014925373,0.08179756347555012,0.11
S2-p3-unequal,0.2,5,S2-p3-unequal_e20_r005,SeqRANSAC,0.9525691699604744,0.10936172985707326,0.17
S3-xhet,0.0,5,S3-xhet_e00_r005,SeqRANSAC,0.9066666666666666,0.34468846857102325,0.06
S3-xhet,0.1,5,S3-xhet_e10_r005,SeqRANSAC,0.8768115942028986,0.3556024094732018,0.12
S3-xhet,0.2,5,S3-xhet_e20_r005,SeqRANSAC,0.9361702127659575,0.06700493320728462,0.2633333333333333
S1-skew,0.0,6,S1-skew_e00_r006,SeqRANSAC,0.9433333333333334,0.08702929641074553,0.023333333333333334
S1-skew,0.1,6,S1-skew_e10_r006,SeqRANSAC,0.9084249084249084,0.14895674155849742,0.10666666666666667
S1-skew,0.2,6,S1-skew_e20_r006,SeqRANSAC,0.9317269076305221,0.20782398717023035,0.18
S2-p3-unequal,0.0,6,S2-p3-unequal_e00_r006,SeqRANSAC,0.9233333333333333,0.046462469680766505,0.0
S2-p3-unequal,0.1,6,S2-p3-unequal_e10_r006,SeqRANSAC,0.9267399267399268,0.34962025434063504,0.1
S2-p3-unequal,0.2,6,S2-p3-unequal_e20_r006,SeqRANSAC,0.9230769230769231,0.17944600748149134,0.23
S3-xhet,0.0,6,S3-xhet_e00_r006,SeqRANSAC,0.9133333333333333,0.30754721727181433,0.07666666666666666
S3-xhet,0.1,6,S3-xhet_e10_r006,SeqRANSAC,0.9259259259259259,0.15733079129710026,0.15666666666666668
S3-xhet,0.2,6,S3-xhet_e20_r006,SeqRANSAC,0.8987854251012146,0.567036377647019,0.24
S1-skew,0.0,7,S1-skew_e00_r007,SeqRANSAC,0.92,0.12765697900658696,0.01
S1-skew,0.1,7,S1-skew_e10_r007,SeqRANSAC,0.9413919413919414,0.3349060982419095,0.12333333333333334
S1-skew,0.2,7,S1-skew_e20_r007,SeqRANSAC,0.9149797570850202,0.20243221286214585,0.20666666666666667
S2-p3-unequal,0.0,7,S2-p3-unequal_e00_r007,SeqRANSAC,0.8933333333333333,0.12390455892769105,0.0
S2-p3-unequal,0.1,7,S2-p3-unequal_e10_r007,SeqRANSAC,0.9194139194139194,0.10363851987991435,0.09
S2-p3-unequal,0.2,7,S2-p3-unequal_e20_r007,SeqRANSAC,0.8898305084745762,0.12785286072229102,0.22
S3-xhet,0.0,7,S3-xhet_e00_r007,SeqRANSAC,0.9166666666666666,0.3830249606209415,0.056666666666666664
S3-xhet,0.1,7,S3-xhet_e10_r007,SeqRANSAC,0.9132075471698113,0.26032735896976783,0.17666666666666667
S3-xhet,0.2,7,S3-xhet_e20_r007,SeqRANSAC,0.9344978165938864,0.3121096157713785,0.29
S1-skew,0.0,8,S1-skew_e00_r008,SeqRANSAC,0.9266666666666666,0.0931518176797479,0.02666666666666667
S1-skew,0.1,8,S1-skew_e10_r008,SeqRANSAC,0.9191176470588235,0.26558413602070435,0.11666666666666667
S1-skew,0.2,8,S1-skew_e20_r008,SeqRANSAC,0.8906882591093117,0.12958921753923258,0.18666666666666668
S2-p3-unequal,0.0,8,S2-p3-unequal_e00_r008,SeqRANSAC,0.89,0.10104414637673831,0.0033333333333333335
S2-p3-unequal,0.1,8,S2-p3-unequal_e10_r008,SeqRANSAC,0.9124087591240876,0.1908211678239524,0.09333333333333334
S2-p3-unequal,0.2,8,S2-p3-unequal_e20_r008,SeqRANSAC,0.930327868852459,0.18148161514812727,0.19
S3-xhet,0.0,8,S3-xhet_e00_r008,SeqRANSAC,0.8966666666666666,0.35850181954761007,0.07
S3-xhet,0.1,8,S3-xhet_e10_r008,SeqRANSAC,0.9101123595505618,0.33574130160156135,0.18333333333333332
S3-xhet,0.2,8,S3-xhet_e20_r008,SeqRANSAC,0.9094650205761317,0.39249880410688287,0.25
S1-skew,0.0,9,S1-skew_e00_r009,SeqRANSAC,0.9466666666666667,0.10691667740077884,0.023333333333333334
S1-skew,0.1,9,S1-skew_e10_r009,SeqRANSAC,0.9296296296296296,0.13046731289346092,0.12666666666666668
S1-skew,0.2,9,S1-skew_e20_r009,SeqRANSAC,0.9221311475409836,0.21788363260045415,0.21
S2-p3-unequal,0.0,9,S2-p3-unequal_e00_r009,SeqRANSAC,0.88,0.06465894884633538,0.0
S2-p3-unequal,0.1,9,S2-p3-unequal_e10_r009,SeqRANSAC,0.922509225092251,0.12307800646008626,0.10666666666666667
S2-p3-unequal,0.2,9,S2-p3-unequal_e20_r009,SeqRANSAC,0.9227642276422764,0.13874693076578204,0.18666666666666668
S3-xhet,0.0,9,S3-xhet_e00_r009,SeqRANSAC,0.9266666666666666,0.2187337248130795,0.06666666666666667
S3-xhet,0.1,9,S3-xhet_e10_r009,SeqRANSAC,0.8888888888888888,0.36859950340091885,0.12666666666666668
S3-xhet,0.2,9,S3-xhet_e20_r009,SeqRANSAC,0.9066147859922179,0.10989252437978703,0.2
S1-skew,0.0,10,S1-skew_e00_r010,SeqRANSAC,0.9233333333333333,0.196126763012967,0.02
S1-skew,0.1,10,S1-skew_e10_r010,SeqRANSAC,0.8843283582089553,0.11840763935400951,0.12666666666666668
S1-skew,0.2,10,S1-skew_e20_r010,SeqRANSAC,0.9105691056910569,0.11668813124593222,0.2
S2-p3-unequal,0.0,10,S2-p3-unequal_e00_r010,SeqRANSAC,0.92,0.18814769048220126,0.0033333333333333335
S2-p3-unequal,0.1,10,S2-p3-unequal_e10_r010,SeqRANSAC,0.9323308270676691,0.10778286955993605,0.12
S2-p3-unequal,0.2,10,S2-p3-unequal_e20_r010,SeqRANSAC,0.902127659574468,0.0783819637918004,0.22333333333333333
S3-xhet,0.0,10,S3-xhet_e00_r010,SeqRANSAC,0.9033333333333333,0.21815431881634464,0.04
S3-xhet,0.1,10,S3-xhet_e10_r010,SeqRANSAC,0.9047619047619048,0.17158310627822226,0.11666666666666667
S3-xhet,0.2,10,S3-xhet_e20_r010,SeqRANSAC,0.9043478260869565,0.20641458522421702,0.29333333333333333
S1-skew,0.0,11,S1-skew_e00_r011,SeqRANSAC,0.9066666666666666,0.13723715116590218,0.02
S1-skew,0.1,11,S1-skew_e10_r011,SeqRANSAC,0.9077490774907749,0.17958784924861554,0.11666666666666667
S1-skew,0.2,11,S1-skew_e20_r011,SeqRANSAC,0.9020408163265307,0.19218531905388608,0.19333333333333333
S2-p3-unequal,0.0,11,S2-p3-unequal_e00_r011,SeqRANSAC,0.9066666666666666,0.22142650728031033,0.0033333333333333335
S2-p3-unequal,0.1,11,S2-p3-unequal_e10_r011,SeqRANSAC,0.8909090909090909,0.13431021470164906,0.09333333333333334
S2-p3-unequal,0.2,11,S2-p3-unequal_e20_r011,SeqRANSAC,0.9117647058823529,0.10528318793380609,0.21333333333333335
S3-xhet,0.0,11,S3-xhet_e00_r011,SeqRANSAC,0.9233333333333333,0.2312955983480085,0.08333333333333333
S3-xhet,0.1,11,S3-xhet_e10_r011,SeqRANSAC,0.8978102189781022,0.21618220866984203,0.15666666666666668
S3-xhet,0.2,11,S3-xhet_e20_r011,SeqRANSAC,0.8806584362139918,0.22837673253288404,0.24666666666666667
S1-skew,0.0,12,S1-skew_e00_r012,SeqRANSAC,0.9266666666666666,0.15929625739142145,0.03666666666666667
S1-skew,0.1,12,S1-skew_e10_r012,SeqRANSAC,0.8921933085501859,0.2408551635813766,0.13
S1-skew,0.2,12,S1-skew_e20_r012,SeqRANSAC,0.9243027888446215,0.24815753218687522,0.18333333333333332
S2-p3-unequal,0.0,12,S2-p3-unequal_e00_r012,SeqRANSAC,0.9233333333333333,0.2042642170769806,0.006666666666666667
S2-p3-unequal,0.1,12,S2-p3-unequal_e10_r012,SeqRANSAC,0.9051094890510949,0.10503248810408983,0.09333333333333334
S2-p3-unequal,0.2,12,S2-p3-unequal_e20_r012,SeqRANSAC,0.9102564102564102,0.12524544389159165,0.22666666666666666
S3-xhet,0.0,12,S3-xhet_e00_r012,SeqRANSAC,0.87,0.31217690627215755,0.07333333333333333
S3-xhet,0.1,12,S3-xhet_e10_r012,SeqRANSAC,0.8901098901098901,0.2905649363054217,0.14666666666666667
S3-xhet,0.2,12,S3-xhet_e20_r012,SeqRANSAC,0.9298245614035088,0.1795960406805461,0.2833333333333333
S1-skew,0.0,13,S1-skew_e00_r013,SeqRANSAC,0.9166666666666666,0.18745025769601814,0.02
S1-skew,0.1,13,S1-skew_e10_r013,SeqRANSAC,0.9283018867924528,0.22768307085328707,0.13333333333333333
S1-skew,0.2,13,S1-skew_e20_r013,SeqRANSAC,0.9344978165938864,0.12120361350851239,0.25333333333333335
S2-p3-unequal,0.0,13,S2-p3-unequal_e00_r013,SeqRANSAC,0.9466666666666667,0.10906034448875612,0.01
S2-p3-unequal,0.1,13,S2-p3-unequal_e10_r013,SeqRANSAC,0.9111111111111111,0.10502170038439487,0.11
S2-p3-unequal,0.2,13,S2-p3-unequal_e20_r013,SeqRANSAC,0.9071729957805907,0.23752339003973888,0.21666666666666667
S3-xhet,0.0,13,S3-xhet_e00_r013,SeqRANSAC,0.91,0.07280943085002445,0.08666666666666667
S3-xhet,0.1,13,S3-xhet_e10_r013,SeqRANSAC,0.8819188191881919,0.9166540100510877,0.20666666666666667
S3-xhet,0.2,13,S3-xhet_e20_r013,SeqRANSAC,0.9414225941422594,0.24106001612909012,0.24666666666666667
S1-skew,0.0,14,S1-skew_e00_r014,SeqRANSAC,0.91,0.19730969275480625,0.023333333333333334
S1-skew,0.1,14,S1-skew_e10_r014,SeqRANSAC,0.9007633587786259,0.055028801222513746,0.14333333333333334
S1-skew,0.2,14,S1-skew_e20_r014,SeqRANSAC,0.9213973799126638,0.22186416017170446,0.2633333333333333
S2-p3-unequal,0.0,14,S2-p3-unequal_e00_r014,SeqRANSAC,0.91,0.1248697488648228,0.013333333333333334
S2-p3-unequal,0.1,14,S2-p3-unequal_e10_r014,SeqRANSAC,0.9047619047619048,0.18237111893562316,0.09666666666666666
S2-p3-unequal,0.2,14,S2-p3-unequal_e20_r014,SeqRANSAC,0.91701244813278,0.07826687575552826,0.2
S3-xhet,0.0,14,S3-xhet_e00_r014,SeqRANSAC,0.9166666666666666,0.40268461507831765,0.07333333333333333
S3-xhet,0.1,14,S3-xhet_e10_r014,SeqRANSAC,0.9067164179104478,0.5267690302514366,0.16666666666666666
S3-xhet,0.2,14,S3-xhet_e20_r014,SeqRANSAC,0.8391304347826087,1.0281415887590115,0.3333333333333333
S1-skew,0.0,15,S1-skew_e00_r015,SeqRANSAC,0.9,0.14607231851672942,0.016666666666666666
S1-skew,0.1,15,S1-skew_e10_r015,SeqRANSAC,0.9117647058823529,0.2139590850185652,0.11
S1-skew,0.2,15,S1-skew_e20_r015,SeqRANSAC,0.9049586776859504,0.1963382953166116,0.21
S2-p3-unequal,0.0,15,S2-p3-unequal_e00_r015,SeqRANSAC,0.9,0.36024579417549996,0.0033333333333333335
S2-p3-unequal,0.1,15,S2-p3-unequal_e10_r015,SeqRANSAC,0.9128787878787878,0.16463032468140615,0.12333333333333334
S2-p3-unequal,0.2,15,S2-p3-unequal_e20_r015,SeqRANSAC,0.8851063829787233,0.3188985374038746,0.21666666666666667
S3-xhet,0.0,15,S3-xhet_e00_r015,SeqRANSAC,0.9,0.22356148563930023,0.056666666666666664
S3-xhet,0.1,15,S3-xhet_e10_r015,SeqRANSAC,0.9125475285171103,0.6740995142565525,0.20666666666666667
S3-xhet,0.2,15,S3-xhet_e20_r015,SeqRANSAC,0.9181034482758621,0.19739213412518927,0.2733333333333333
S1-skew,0.0,16,S1-skew_e00_r016,SeqRANSAC,0.9166666666666666,0.15514174505261175,0.023333333333333334
S1-skew,0.1,16,S1-skew_e10_r016,SeqRANSAC,0.9400749063670412,0.14737088413882116,0.15666666666666668
S1-skew,0.2,16,S1-skew_e20_r016,SeqRANSAC,0.952,0.2667813489549078,0.18666666666666668
S2-p3-unequal,0.0,16,S2-p3-unequal_e00_r016,SeqRANSAC,0.9233333333333333,0.11220118234416433,0.01
S2-p3-unequal,0.1,16,S2-p3-unequal_e10_r016,SeqRANSAC,0.9198473282442748,0.1572668970026663,0.14
S2-p3-unequal,0.2,16,S2-p3-unequal_e20_r016,SeqRANSAC,0.9375,0.2119194454828031,0.20666666666666667
S3-xhet,0.0,16,S3-xhet_e00_r016,SeqRANSAC,0.9133333333333333,0.42486503449014745,0.07333333333333333
S3-xhet,0.1,16,S3-xhet_e10_r016,SeqRANSAC,0.9233716475095786,0.28818378853000537,0.19666666666666666
S3-xhet,0.2,16,S3-xhet_e20_r016,SeqRANSAC,0.9017094017094017,0.2646612353653943,0.2633333333333333
S1-skew,0.0,17,S1-skew_e00_r017,SeqRANSAC,0.9066666666666666,0.08591180781332475,0.04
S1-skew,0.1,17,S1-skew_e10_r017,SeqRANSAC,0.9084249084249084,0.11068337971198017,0.11
S1-skew,0.2,17,S1-skew_e20_r017,SeqRANSAC,0.9230769230769231,0.13382247178727213,0.24666666666666667
S2-p3-unequal,0.0,17,S2-p3-unequal_e00_r017,SeqRANSAC,0.9233333333333333,0.0852592374884444,0.013333333333333334
S2-p3-unequal,0.1,17,S2-p3-unequal_e10_r017,SeqRANSAC,0.8671586715867159,0.08448187588370448,0.10333333333333333
S2-p3-unequal,0.2,17,S2-p3-unequal_e20_r017,SeqRANSAC,0.9139344262295082,0.1302793022676132,0.19333333333333333
S3-xhet,0.0,17,S3-xhet_e00_r017,SeqRANSAC,0.9133333333333333,0.26184933521664755,0.07666666666666666
S3-xhet,0.1,17,S3-xhet_e10_r017,SeqRANSAC,0.8996138996138996,0.20120188795372312,0.17
S3-xhet,0.2,17,S3-xhet_e20_r017,SeqRANSAC,0.9126637554585153,0.18391677654686678,0.29
S1-skew,0.0,18,S1-skew_e00_r018,SeqRANSAC,0.93,0.10115608720275439,0.03666666666666667
S1-skew,0.1,18,S1-skew_e10_r018,SeqRANSAC,0.9288256227758007,0.11346346245881445,0.08333333333333333
S1-skew,0.2,18,S1-skew_e20_r018,SeqRANSAC,0.9063829787234042,0.10291378151447585,0.22666666666666666
S2-p3-unequal,0.0,18,S2-p3-unequal_e00_r018,SeqRANSAC,0.9033333333333333,0.11162674199405109,0.013333333333333334
S2-p3-unequal,0.1,18,S2-p3-unequal_e10_r018,SeqRANSAC,0.9047619047619048,0.14574662175914896,0.10333333333333333
S2-p3-unequal,0.2,18,S2-p3-unequal_e20_r018,SeqRANSAC,0.8898305084745762,0.12303912263107597,0.21333333333333335
S3-xhet,0.0,18,S3-xhet_e00_r018,SeqRANSAC,0.9166666666666666,0.1484781024563672,0.056666666666666664
S3-xhet,0.1,18,S3-xhet_e10_r018,SeqRANSAC,0.9070631970260223,0.3542905982875106,0.17666666666666667
S3-xhet,0.2,18,S3-xhet_e20_r018,SeqRANSAC,0.9078947368421053,0.2585334605525256,0.29333333333333333
S1-skew,0.0,19,S1-skew_e00_r019,SeqRANSAC,0.9066666666666666,0.10230648857666781,0.02
S1-skew,0.1,19,S1-skew_e10_r019,SeqRANSAC,0.9239543726235742,0.17180854003740678,0.14333333333333334
S1-skew,0.2,19,S1-skew_e20_r019,SeqRANSAC,0.9083665338645418,0.09144577514060684,0.18333333333333332
S2-p3-unequal,0.0,19,S2-p3-unequal_e00_r019,SeqRANSAC,0.92,0.12482339344428661,0.0
S2-p3-unequal,0.1,19,S2-p3-unequal_e10_r019,SeqRANSAC,0.9341085271317829,0.2386275822433115,0.14666666666666667
S2-p3-unequal,0.2,19,S2-p3-unequal_e20_r019,SeqRANSAC,0.9146341463414634,0.06608681916698478,0.19
S3-xhet,0.0,19,S3-xhet_e00_r019,SeqRANSAC,0.9233333333333333,0.24963793374607568,0.06333333333333334
S3-xhet,0.1,19,S3-xhet_e10_r019,SeqRANSAC,0.8844765342960289,0.4268043450596868,0.15
S3-xhet,0.2,19,S3-xhet_e20_r019,SeqRANSAC,0.896551724137931,0.2976498940894534,0.27
S1-skew,0.0,20,S1-skew_e00_r020,SeqRANSAC,0.9433333333333334,0.10736368093670896,0.013333333333333334
S1-skew,0.1,20,S1-skew_e10_r020,SeqRANSAC,0.9022556390977443,0.09946570825353082,0.12666666666666668
S1-skew,0.2,20,S1-skew_e20_r020,SeqRANSAC,0.9274193548387096,0.29406388642990006,0.19333333333333333
S2-p3-unequal,0.0,20,S2-p3-unequal_e00_r020,SeqRANSAC,0.9166666666666666,0.09431637305068008,0.0033333333333333335
S2-p3-unequal,0.1,20,S2-p3-unequal_e10_r020,SeqRANSAC,0.9169675090252708,0.08926366513611184,0.08
S2-p3-unequal,0.2,20,S2-p3-unequal_e20_r020,SeqRANSAC,0.8865546218487395,0.24462087576841196,0.21666666666666667
S3-xhet,0.0,20,S3-xhet_e00_r020,SeqRANSAC,0.89,0.28366133037274555,0.07333333333333333
S3-xhet,0.1,20,S3-xhet_e10_r020,SeqRANSAC,0.8801498127340824,0.2788110875244556,0.17666666666666667
S3-xhet,0.2,20,S3-xhet_e20_r020,SeqRANSAC,0.8780487804878049,0.2946082315759565,0.22666666666666666
S1-skew,0.0,21,S1-skew_e00_r021,SeqRANSAC,0.93,0.261681642442669,0.02
S1-skew,0.1,21,S1-skew_e10_r021,SeqRANSAC,0.9431818181818182,0.19979239679434876,0.13333333333333333
S1-skew,0.2,21,S1-skew_e20_r021,SeqRANSAC,0.9453781512605042,0.3708920909582813,0.22333333333333333
S2-p3-unequal,0.0,21,S2-p3-unequal_e00_r021,SeqRANSAC,0.9333333333333333,0.10990143015160037,0.01
S2-p3-unequal,0.1,21,S2-p3-unequal_e10_r021,SeqRANSAC,0.9163636363636364,0.1934709123382172,0.09
S2-p3-unequal,0.2,21,S2-p3-unequal_e20_r021,SeqRANSAC,0.9141630901287554,0.14343227992202542,0.24
S3-xhet,0.0,21,S3-xhet_e00_r021,SeqRANSAC,0.9166666666666666,0.1325835759420937,0.06666666666666667
S3-xhet,0.1,21,S3-xhet_e10_r021,SeqRANSAC,0.8843283582089553,0.25881512346657615,0.16
S3-xhet,0.2,21,S3-xhet_e20_r021,SeqRANSAC,0.9094650205761317,0.21036509141573057,0.22666666666666666
S1-skew,0.0,22,S1-skew_e00_r022,SeqRANSAC,0.9366666666666666,0.1056372012575355,0.01
S1-skew,0.1,22,S1-skew_e10_r022,SeqRANSAC,0.9154411764705882,0.11063146683553729,0.11666666666666667
S1-skew,0.2,22,S1-skew_e20_r022,SeqRANSAC,0.9423868312757202,0.1501430813045306,0.20333333333333334
S2-p3-unequal,0.0,22,S2-p3-unequal_e00_r022,SeqRANSAC,0.9,0.14156426644431042,0.016666666666666666
S2-p3-unequal,0.1,22,S2-p3-unequal_e10_r022,SeqRANSAC,0.9343065693430657,0.22149627178911416,0.09666666666666666
S2-p3-unequal,0.2,22,S2-p3-unequal_e20_r022,SeqRANSAC,0.8923766816143498,0.27215149712516773,0.25666666666666665
S3-xhet,0.0,22,S3-xhet_e00_r022,SeqRANSAC,0.9033333333333333,0.25951197848592233,0.043333333333333335
S3-xhet,0.1,22,S3-xhet_e10_r022,SeqRANSAC,0.9080882352941176,0.1109751631104805,0.12666666666666668
S3-xhet,0.2,22,S3-xhet_e20_r022,SeqRANSAC,0.9327731092436975,0.2694048889239801,0.24333333333333335
S1-skew,0.0,23,S1-skew_e00_r023,SeqRANSAC,0.9266666666666666,0.11471001440133925,0.01
S1-skew,0.1,23,S1-skew_e10_r023,SeqRANSAC,0.9044117647058824,0.09503908337589816,0.11666666666666667
S1-skew,0.2,23,S1-skew_e20_r023,SeqRANSAC,0.8934426229508197,0.13249302082183434,0.19
S2-p3-unequal,0.0,23,S2-p3-unequal_e00_r023,SeqRANSAC,0.9166666666666666,0.0840630567711345,0.0033333333333333335
S2-p3-unequal,0.1,23,S2-p3-unequal_e10_r023,SeqRANSAC,0.9236641221374046,0.19066193150144561,0.13666666666666666
S2-p3-unequal,0.2,23,S2-p3-unequal_e20_r023,SeqRANSAC,0.9125,0.12975862535475846,0.20666666666666667
S3-xhet,0.0,23,S3-xhet_e00_r023,SeqRANSAC,0.8733333333333333,0.47560302698653345,0.08
S3-xhet,0.1,23,S3-xhet_e10_r023,SeqRANSAC,0.927536231884058,0.13855254823207044,0.14666666666666667
S3-xhet,0.2,23,S3-xhet_e20_r023,SeqRANSAC,0.919831223628692,0.14735242509104607,0.24
S1-skew,0.0,24,S1-skew_e00_r024,SeqRANSAC,0.92,0.1653141046653503,0.023333333333333334
S1-skew,0.1,24,S1-skew_e10_r024,SeqRANSAC,0.9007352941176471,0.21584964007971108,0.11333333333333333
S1-skew,0.2,24,S1-skew_e20_r024,SeqRANSAC,0.9053497942386831,0.22101691188407666,0.21333333333333335
S2-p3-unequal,0.0,24,S2-p3-unequal_e00_r024,SeqRANSAC,0.9033333333333333,0.06395814810619593,0.013333333333333334
S2-p3-unequal,0.1,24,S2-p3-unequal_e10_r024,SeqRANSAC,0.9047619047619048,0.20427144717551837,0.10666666666666667
S2-p3-unequal,0.2,24,S2-p3-unequal_e20_r024,SeqRANSAC,0.9053497942386831,0.32975105210484956,0.2
S3-xhet,0.0,24,S3-xhet_e00_r024,SeqRANSAC,0.8533333333333334,0.7046877747057442,0.07666666666666666
S3-xhet,0.1,24,S3-xhet_e10_r024,SeqRANSAC,0.9304029304029304,0.1768108003765636,0.13666666666666666
S3-xhet,0.2,24,S3-xhet_e20_r024,SeqRANSAC,0.8706896551724138,0.40831419578892536,0.27
S1-skew,0.0,25,S1-skew_e00_r025,SeqRANSAC,0.9266666666666666,0.21049943524849848,0.023333333333333334
S1-skew,0.1,25,S1-skew_e10_r025,SeqRANSAC,0.9400749063670412,0.2108241706665628,0.14333333333333334
S1-skew,0.2,25,S1-skew_e20_r025,SeqRANSAC,0.9288537549407114,0.10966369412921506,0.18
S2-p3-unequal,0.0,25,S2-p3-unequal_e00_r025,SeqRANSAC,0.9,0.1095124298493313,0.006666666666666667
S2-p3-unequal,0.1,25,S2-p3-unequal_e10_r025,SeqRANSAC,0.8805970149253731,0.4125513121646306,0.12333333333333334
S2-p3-unequal,0.2,25,S2-p3-unequal_e20_r025,SeqRANSAC,0.8898305084745762,0.3036968076196574,0.21666666666666667
S3-xhet,0.0,25,S3-xhet_e00_r025,SeqRANSAC,0.9166666666666666,0.13194774022210648,0.043333333333333335
S3-xhet,0.1,25,S3-xhet_e10_r025,SeqRANSAC,0.9442379182156134,0.180275563446828,0.14333333333333334
S3-xhet,0.2,25,S3-xhet_e20_r025,SeqRANSAC,0.9253112033195021,0.3047554300722853,0.23333333333333334
S1-skew,0.0,26,S1-skew_e00_r026,SeqRANSAC,0.9066666666666666,0.15347351130212633,0.03333333333333333
S1-skew,0.1,26,S1-skew_e10_r026,SeqRANSAC,0.9014598540145985,0.312295310318253,0.10333333333333333
S1-skew,0.2,26,S1-skew_e20_r026,SeqRANSAC,0.95,0.17315155895076154,0.22
S2-p3-unequal,0.0,26,S2-p3-unequal_e00_r026,SeqRANSAC,0.9366666666666666,0.2592255901527174,0.013333333333333334
S2-p3-unequal,0.1,26,S2-p3-unequal_e10_r026,SeqRANSAC,0.9080882352941176,0.13784015474072814,0.10666666666666667
S2-p3-unequal,0.2,26,S2-p3-unequal_e20_r026,SeqRANSAC,0.9132231404958677,0.2653898610579337,0.19666666666666666
S3-xhet,0.0,26,S3-xhet_e00_r026,SeqRANSAC,0.9266666666666666,0.31427561808388105,0.06
S3-xhet,0.1,26,S3-xhet_e10_r026,SeqRANSAC,0.924812030075188,0.23257059609756503,0.16
S3-xhet,0.2,26,S3-xhet_e20_r026,SeqRANSAC,0.9191489361702128,0.3108739633959161,0.25333333333333335
S1-skew,0.0,27,S1-skew_e00_r027,SeqRANSAC,0.9333333333333333,0.15751879203692856,0.03666666666666667
S1-skew,0.1,27,S1-skew_e10_r027,SeqRANSAC,0.896551724137931,0.2519769627364216,0.14666666666666667
S1-skew,0.2,27,S1-skew_e20_r027,SeqRANSAC,0.9230769230769231,0.10815786919056736,0.24333333333333335
S2-p3-unequal,0.0,27,S2-p3-unequal_e00_r027,SeqRANSAC,0.9233333333333333,0.1590119824765561,0.013333333333333334
S2-p3-unequal,0.1,27,S2-p3-unequal_e10_r027,SeqRANSAC,0.9101123595505618,0.06663989706826068,0.11666666666666667
S2-p3-unequal,0.2,27,S2-p3-unequal_e20_r027,SeqRANSAC,0.9357429718875502,0.13031253637864373,0.17666666666666667
S3-xhet,0.0,27,S3-xhet_e00_r027,SeqRANSAC,0.8833333333333333,0.29408555675656867,0.05333333333333334
S3-xhet,0.1,27,S3-xhet_e10_r027,SeqRANSAC,0.9104477611940298,0.2549817058088979,0.17666666666666667
S3-xhet,0.2,27,S3-xhet_e20_r027,SeqRANSAC,0.9166666666666666,0.21502925127950634,0.2633333333333333
S1-skew,0.0,28,S1-skew_e00_r028,SeqRANSAC,0.9133333333333333,0.2029044954048714,0.03333333333333333
S1-skew,0.1,28,S1-skew_e10_r028,SeqRANSAC,0.9064748201438849,0.12785822462851043,0.08
S1-skew,0.2,28,S1-skew_e20_r028,SeqRANSAC,0.8857142857142857,0.14379771399405006,0.20666666666666667
S2-p3-unequal,0.0,28,S2-p3-unequal_e00_r028,SeqRANSAC,0.8866666666666667,0.30464844676893277,0.0033333333333333335
S2-p3-unequal,0.1,28,S2-p3-unequal_e10_r028,SeqRANSAC,0.9080882352941176,0.15338584489294882,0.1
S2-p3-unequal,0.2,28,S2-p3-unequal_e20_r028,SeqRANSAC,0.9224137931034483,0.20777463415965616,0.23
S3-xhet,0.0,28,S3-xhet_e00_r028,SeqRANSAC,0.91,0.4054818648730021,0.06666666666666667
S3-xhet,0.1,28,S3-xhet_e10_r028,SeqRANSAC,0.9402985074626866,0.3815963605258901,0.16333333333333333
S3-xhet,0.2,28,S3-xhet_e20_r028,SeqRANSAC,0.9067796610169492,0.2616097774459804,0.25
S1-skew,0.0,29,S1-skew_e00_r029,SeqRANSAC,0.8933333333333333,0.14732388786188277,0.02
S1-skew,0.1,29,S1-skew_e10_r029,SeqRANSAC,0.9022556390977443,0.14375952592265395,0.14
S1-skew,0.2,29,S1-skew_e20_r029,SeqRANSAC,0.937007874015748,0.21371824554476365,0.17333333333333334
S2-p3-unequal,0.0,29,S2-p3-unequal_e00_r029,SeqRANSAC,0.8966666666666666,0.07133902672163162,0.01
S2-p3-unequal,0.1,29,S2-p3-unequal_e10_r029,SeqRANSAC,0.9227941176470589,0.09373233439588202,0.09666666666666666
S2-p3-unequal,0.2,29,S2-p3-unequal_e20_r029,SeqRANSAC,0.9353448275862069,0.08739699600239899,0.23666666666666666
S3-xhet,0.0,29,S3-xhet_e00_r029,SeqRANSAC,0.8966666666666666,0.3242159545660037,0.08333333333333333
S3-xhet,0.1,29,S3-xhet_e10_r029,SeqRANSAC,0.9185185185185185,0.16006218687008528,0.16333333333333333
S3-xhet,0.2,29,S3-xhet_e20_r029,SeqRANSAC,0.853448275862069,0.16684500097794852,0.2633333333333333
S1-skew,0.0,30,S1-skew_e00_r030,SeqRANSAC,0.92,0.1740923797241025,0.01
S1-skew,0.1,30,S1-skew_e10_r030,SeqRANSAC,0.8676470588235294,0.18307272934385313,0.11
S1-skew,0.2,30,S1-skew_e20_r030,SeqRANSAC,0.921161825726141,0.205361852820846,0.20333333333333334
S2-p3-unequal,0.0,30,S2-p3-unequal_e00_r030,SeqRANSAC,0.8966666666666666,0.12398512436446843,0.006666666666666667
S2-p3-unequal,0.1,30,S2-p3-unequal_e10_r030,SeqRANSAC,0.9312977099236641,0.16701472927301483,0.13333333333333333
S2-p3-unequal,0.2,30,S2-p3-unequal_e20_r030,SeqRANSAC,0.9094650205761317,0.09858400333564443,0.19
S3-xhet,0.0,30,S3-xhet_e00_r030,SeqRANSAC,0.9133333333333333,0.35306807209618996,0.05
S3-xhet,0.1,30,S3-xhet_e10_r030,SeqRANSAC,0.8475836431226765,1.2494450718638974,0.24666666666666667
S3-xhet,0.2,30,S3-xhet_e20_r030,SeqRANSAC,0.9102564102564102,0.36510014056200246,0.27666666666666667
S1-skew,0.0,31,S1-skew_e00_r031,SeqRANSAC,0.9166666666666666,0.17834321260287744,0.03
S1-skew,0.1,31,S1-skew_e10_r031,SeqRANSAC,0.9194139194139194,0.25599943820866483,0.12
S1-skew,0.2,31,S1-skew_e20_r031,SeqRANSAC,0.9330543933054394,0.16539453159689368,0.22333333333333333
S2-p3-unequal,0.0,31,S2-p3-unequal_e00_r031,SeqRANSAC,0.9366666666666666,0.08259593871374649,0.0
S2-p3-unequal,0.1,31,S2-p3-unequal_e10_r031,SeqRANSAC,0.9087591240875912,0.30734866827089624,0.08666666666666667
S2-p3-unequal,0.2,31,S2-p3-unequal_e20_r031,SeqRANSAC,0.9036144578313253,0.22015010005802726,0.18333333333333332
S3-xhet,0.0,31,S3-xhet_e00_r031,SeqRANSAC,0.93,0.09862250539527304,0.08
S3-xhet,0.1,31,S3-xhet_e10_r031,SeqRANSAC,0.8754716981132076,0.5332262888343043,0.18666666666666668
S3-xhet,0.2,31,S3-xhet_e20_r031,SeqRANSAC,0.9102040816326531,0.234523923371879,0.20666666666666667
S1-skew,0.0,32,S1-skew_e00_r032,SeqRANSAC,0.94,0.26330343248751426,0.01
S1-skew,0.1,32,S1-skew_e10_r032,SeqRANSAC,0.927536231884058,0.20802678814274633,0.12333333333333334
S1-skew,0.2,32,S1-skew_e20_r032,SeqRANSAC,0.9336099585062241,0.26676895582156196,0.20666666666666667
S2-p3-unequal,0.0,32,S2-p3-unequal_e00_r032,SeqRANSAC,0.9,0.20026845769120405,0.01
S2-p3-unequal,0.1,32,S2-p3-unequal_e10_r032,SeqRANSAC,0.9257950530035336,0.16658280704003361,0.07
S2-p3-unequal,0.2,32,S2-p3-unequal_e20_r032,SeqRANSAC,0.9033613445378151,0.10806516022881807,0.21666666666666667
S3-xhet,0.0,32,S3-xhet_e00_r032,SeqRANSAC,0.93,0.23129241572625842,0.05
S3-xhet,0.1,32,S3-xhet_e10_r032,SeqRANSAC,0.9176029962546817,0.1300644915016004,0.15666666666666668
S3-xhet,0.2,32,S3-xhet_e20_r032,SeqRANSAC,0.8828451882845189,0.3528668068114098,0.24
S1-skew,0.0,33,S1-skew_e00_r033,SeqRANSAC,0.8933333333333333,0.10556587550280054,0.02666666666666667
S1-skew,0.1,33,S1-skew_e10_r033,SeqRANSAC,0.927007299270073,0.16445868204837044,0.1
S1-skew,0.2,33,S1-skew_e20_r033,SeqRANSAC,0.8771929824561403,0.17544561625803023,0.25
S2-p3-unequal,0.0,33,S2-p3-unequal_e00_r033,SeqRANSAC,0.9,0.0777947359506781,0.02
S2-p3-unequal,0.1,33,S2-p3-unequal_e10_r033,SeqRANSAC,0.9124087591240876,0.10762138532632115,0.09333333333333334
S2-p3-unequal,0.2,33,S2-p3-unequal_e20_r033,SeqRANSAC,0.9426229508196722,0.2483904581712648,0.18666666666666668
S3-xhet,0.0,33,S3-xhet_e00_r033,SeqRANSAC,0.9033333333333333,0.41496599184203253,0.07333333333333333
S3-xhet,0.1,33,S3-xhet_e10_r033,SeqRANSAC,0.9219330855018587,0.2128100375274216,0.16
S3-xhet,0.2,33,S3-xhet_e20_r033,SeqRANSAC,0.9173913043478261,0.27655312849844726,0.27666666666666667
S1-skew,0.0,34,S1-skew_e00_r034,SeqRANSAC,0.91,0.1692967743603659,0.03
S1-skew,0.1,34,S1-skew_e10_r034,SeqRANSAC,0.8884758364312267,0.1026805914134654,0.12
S1-skew,0.2,34,S1-skew_e20_r034,SeqRANSAC,0.9330543933054394,0.20075425815477058,0.22
S2-p3-unequal,0.0,34,S2-p3-unequal_e00_r034,SeqRANSAC,0.9133333333333333,0.0920265663301702,0.01
S2-p3-unequal,0.1,34,S2-p3-unequal_e10_r034,SeqRANSAC,0.908745247148289,0.09383768323532382,0.12333333333333334
S2-p3-unequal,0.2,34,S2-p3-unequal_e20_r034,SeqRANSAC,0.9071729957805907,0.36529459684625337,0.22666666666666666
S3-xhet,0.0,34,S3-xhet_e00_r034,SeqRANSAC,0.9266666666666666,0.48101047185996304,0.08
S3-xhet,0.1,34,S3-xhet_e10_r034,SeqRANSAC,0.9207547169811321,0.2676271492688465,0.16
S3-xhet,0.2,34,S3-xhet_e20_r034,SeqRANSAC,0.9053497942386831,0.4184858295008762,0.24666666666666667
S1-skew,0.0,35,S1-skew_e00_r035,SeqRANSAC,0.9333333333333333,0.1675576901677918,0.023333333333333334
S1-skew,0.1,35,S1-skew_e10_r035,SeqRANSAC,0.9227941176470589,0.1459307697280693,0.12
S1-skew,0.2,35,S1-skew_e20_r035,SeqRANSAC,0.9113924050632911,0.2811544255855486,0.22333333333333333
S2-p3-unequal,0.0,35,S2-p3-unequal_e00_r035,SeqRANSAC,0.9333333333333333,0.0903851458585947,0.02
S2-p3-unequal,0.1,35,S2-p3-unequal_e10_r035,SeqRANSAC,0.916030534351145,0.07231647213397974,0.13333333333333333
S2-p3-unequal,0.2,35,S2-p3-unequal_e20_r035,SeqRANSAC,0.890295358649789,0.08946291681326068,0.21666666666666667
S3-xhet,0.0,35,S3-xhet_e00_r035,SeqRANSAC,0.92,0.179114359810695,0.04
S3-xhet,0.1,35,S3-xhet_e10_r035,SeqRANSAC,0.9185185185185185,0.24670144986203055,0.14333333333333334
S3-xhet,0.2,35,S3-xhet_e20_r035,SeqRANSAC,0.9173913043478261,0.36319015250338327,0.2633333333333333
S1-skew,0.0,36,S1-skew_e00_r036,SeqRANSAC,0.9133333333333333,0.3058079509495718,0.03
S1-skew,0.1,36,S1-skew_e10_r036,SeqRANSAC,0.9338235294117647,0.259852500513126,0.1
S1-skew,0.2,36,S1-skew_e20_r036,SeqRANSAC,0.9285714285714286,0.09116910418152809,0.22
S2-p3-unequal,0.0,36,S2-p3-unequal_e00_r036,SeqRANSAC,0.8966666666666666,0.16877553405168474,0.016666666666666666
S2-p3-unequal,0.1,36,S2-p3-unequal_e10_r036,SeqRANSAC,0.9077490774907749,0.13352012052289866,0.1
S2-p3-unequal,0.2,36,S2-p3-unequal_e20_r036,SeqRANSAC,0.9,0.1757052620108675,0.20333333333333334
S3-xhet,0.0,36,S3-xhet_e00_r036,SeqRANSAC,0.9066666666666666,0.13245314237397018,0.05
S3-xhet,0.1,36,S3-xhet_e10_r036,SeqRANSAC,0.9033457249070632,0.20833686254503103,0.15333333333333332
S3-xhet,0.2,36,S3-xhet_e20_r036,SeqRANSAC,0.8806584362139918,0.37548498806737973,0.25
S1-skew,0.0,37,S1-skew_e00_r037,SeqRANSAC,0.9266666666666666,0.18752903135785004,0.02
S1-skew,0.1,37,S1-skew_e10_r037,SeqRANSAC,0.9135338345864662,0.08003472967787206,0.14
S1-skew,0.2,37,S1-skew_e20_r037,SeqRANSAC,0.9518072289156626,0.16085712960744133,0.18
S2-p3-unequal,0.0,37,S2-p3-unequal_e00_r037,SeqRANSAC,0.91,0.08659039152928072,0.0
S2-p3-unequal,0.1,37,S2-p3-unequal_e10_r037,SeqRANSAC,0.8970588235294118,0.35652763098989715,0.10333333333333333
S2-p3-unequal,0.2,37,S2-p3-unequal_e20_r037,SeqRANSAC,0.9117647058823529,0.1186270122947699,0.21666666666666667
S3-xhet,0.0,37,S3-xhet_e00_r037,SeqRANSAC,0.89,0.4551051327990172,0.10333333333333333
S3-xhet,0.1,37,S3-xhet_e10_r037,SeqRANSAC,0.9216417910447762,0.8532287873327393,0.19666666666666666
S3-xhet,0.2,37,S3-xhet_e20_r037,SeqRANSAC,0.9065040650406504,0.469811909321237,0.23666666666666666
S1-skew,0.0,38,S1-skew_e00_r038,SeqRANSAC,0.9433333333333334,0.16810243625726914,0.02666666666666667
S1-skew,0.1,38,S1-skew_e10_r038,SeqRANSAC,0.9444444444444444,0.10344544328494219,0.1
S1-skew,0.2,38,S1-skew_e20_r038,SeqRANSAC,0.9333333333333333,0.15848495645569116,0.21666666666666667
S2-p3-unequal,0.0,38,S2-p3-unequal_e00_r038,SeqRANSAC,0.92,0.08508650893753757,0.016666666666666666
S2-p3-unequal,0.1,38,S2-p3-unequal_e10_r038,SeqRANSAC,0.9420289855072463,0.14763697944895296,0.09
S2-p3-unequal,0.2,38,S2-p3-unequal_e20_r038,SeqRANSAC,0.8976377952755905,0.1448694556645056,0.15333333333333332
S3-xhet,0.0,38,S3-xhet_e00_r038,SeqRANSAC,0.9266666666666666,0.21826219283849624,0.05333333333333334
S3-xhet,0.1,38,S3-xhet_e10_r038,SeqRANSAC,0.9548872180451128,0.14140282732368062,0.15666666666666668
S3-xhet,0.2,38,S3-xhet_e20_r038,SeqRANSAC,0.9004149377593361,0.26383307368963405,0.24666666666666667
S1-skew,0.0,39,S1-skew_e00_r039,SeqRANSAC,0.9366666666666666,0.16475185387219168,0.013333333333333334
S1-skew,0.1,39,S1-skew_e10_r039,SeqRANSAC,0.9456521739130435,0.15850941326057608,0.10333333333333333
S1-skew,0.2,39,S1-skew_e20_r039,SeqRANSAC,0.9344262295081968,0.23724474443787058,0.20666666666666667
S2-p3-unequal,0.0,39,S2-p3-unequal_e00_r039,SeqRANSAC,0.93,0.10185895850034052,0.006666666666666667
S2-p3-unequal,0.1,39,S2-p3-unequal_e10_r039,SeqRANSAC,0.8974358974358975,0.06714229856606213,0.09333333333333334
S2-p3-unequal,0.2,39,S2-p3-unequal_e20_r039,SeqRANSAC,0.9262295081967213,0.1631658766339768,0.19
S3-xhet,0.0,39,S3-xhet_e00_r039,SeqRANSAC,0.9066666666666666,0.28141096198519455,0.05333333333333334
S3-xhet,0.1,39,S3-xhet_e10_r039,SeqRANSAC,0.9172932330827067,0.24855871878150237,0.14666666666666667
S3-xhet,0.2,39,S3-xhet_e20_r039,SeqRANSAC,0.9177489177489178,0.26394214469580213,0.3
S1-skew,0.0,40,S1-skew_e00_r040,SeqRANSAC,0.9233333333333333,0.16570451534149125,0.016666666666666666
S1-skew,0.1,40,S1-skew_e10_r040,SeqRANSAC,0.9267399267399268,0.13052147649567714,0.11333333333333333
S1-skew,0.2,40,S1-skew_e20_r040,SeqRANSAC,0.9083333333333333,0.09323243066293573,0.20666666666666667
S2-p3-unequal,0.0,40,S2-p3-unequal_e00_r040,SeqRANSAC,0.9166666666666666,0.10257535491455805,0.0033333333333333335
S2-p3-unequal,0.1,40,S2-p3-unequal_e10_r040,SeqRANSAC,0.8856088560885609,0.49994736897709474,0.10666666666666667
S2-p3-unequal,0.2,40,S2-p3-unequal_e20_r040,SeqRANSAC,0.9033613445378151,0.1445087219435799,0.21666666666666667
S3-xhet,0.0,40,S3-xhet_e00_r040,SeqRANSAC,0.9066666666666666,0.22036529225557344,0.043333333333333335
S3-xhet,0.1,40,S3-xhet_e10_r040,SeqRANSAC,0.9011406844106464,0.5653162702997483,0.19333333333333333
S3-xhet,0.2,40,S3-xhet_e20_r040,SeqRANSAC,0.8744769874476988,1.0503990152872253,0.30666666666666664
S1-skew,0.0,41,S1-skew_e00_r041,SeqRANSAC,0.89,0.3237000285220388,0.03
S1-skew,0.1,41,S1-skew_e10_r041,SeqRANSAC,0.9296296296296296,0.09988585756729955,0.12
S1-skew,0.2,41,S1-skew_e20_r041,SeqRANSAC,0.927710843373494,0.10332215885211343,0.19333333333333333
S2-p3-unequal,0.0,41,S2-p3-unequal_e00_r041,SeqRANSAC,0.9166666666666666,0.1854637582511598,0.02
S2-p3-unequal,0.1,41,S2-p3-unequal_e10_r041,SeqRANSAC,0.8966789667896679,0.09566272852063484,0.10666666666666667
S2-p3-unequal,0.2,41,S2-p3-unequal_e20_r041,SeqRANSAC,0.9385245901639344,0.10849079443969152,0.19
S3-xhet,0.0,41,S3-xhet_e00_r041,SeqRANSAC,0.91,0.04999222459150302,0.08
S3-xhet,0.1,41,S3-xhet_e10_r041,SeqRANSAC,0.8825757575757576,0.12942889122561985,0.17666666666666667
S3-xhet,0.2,41,S3-xhet_e20_r041,SeqRANSAC,0.9128630705394191,0.5523425570077809,0.26
S1-skew,0.0,42,S1-skew_e00_r042,SeqRANSAC,0.91,0.08758507611687115,0.02
S1-skew,0.1,42,S1-skew_e10_r042,SeqRANSAC,0.9356060606060606,0.14158963284531093,0.14
S1-skew,0.2,42,S1-skew_e20_r042,SeqRANSAC,0.9180327868852459,0.12789351788346134,0.20333333333333334
S2-p3-unequal,0.0,42,S2-p3-unequal_e00_r042,SeqRANSAC,0.91,0.1386126656845751,0.01
S2-p3-unequal,0.1,42,S2-p3-unequal_e10_r042,SeqRANSAC,0.925,0.07445911787671422,0.08
S2-p3-unequal,0.2,42,S2-p3-unequal_e20_r042,SeqRANSAC,0.8821138211382114,0.21786972509934527,0.18333333333333332
S3-xhet,0.0,42,S3-xhet_e00_r042,SeqRANSAC,0.9266666666666666,0.1362507883238624,0.04666666666666667
S3-xhet,0.1,42,S3-xhet_e10_r042,SeqRANSAC,0.8823529411764706,0.326181033417583,0.14
S3-xhet,0.2,42,S3-xhet_e20_r042,SeqRANSAC,0.8810572687224669,0.8613898515010529,0.31
S1-skew,0.0,43,S1-skew_e00_r043,SeqRANSAC,0.92,0.13138197553509803,0.013333333333333334
S1-skew,0.1,43,S1-skew_e10_r043,SeqRANSAC,0.9110320284697508,0.2560124945767217,0.08
S1-skew,0.2,43,S1-skew_e20_r043,SeqRANSAC,0.9262295081967213,0.08807796251224638,0.19666666666666666
S2-p3-unequal,0.0,43,S2-p3-unequal_e00_r043,SeqRANSAC,0.9266666666666666,0.1333017376949126,0.0
S2-p3-unequal,0.1,43,S2-p3-unequal_e10_r043,SeqRANSAC,0.9101123595505618,0.10465121099176802,0.11666666666666667
S2-p3-unequal,0.2,43,S2-p3-unequal_e20_r043,SeqRANSAC,0.9190283400809717,0.13992178565745628,0.18333333333333332
S3-xhet,0.0,43,S3-xhet_e00_r043,SeqRANSAC,0.9366666666666666,0.14774523144499074,0.056666666666666664
S3-xhet,0.1,43,S3-xhet_e10_r043,SeqRANSAC,0.9239130434782609,0.12271075613377103,0.11333333333333333
S3-xhet,0.2,43,S3-xhet_e20_r043,SeqRANSAC,0.8653061224489796,0.3176742560806991,0.23333333333333334
S1-skew,0.0,44,S1-skew_e00_r044,SeqRANSAC,0.9233333333333333,0.09427963217616808,0.013333333333333334
S1-skew,0.1,44,S1-skew_e10_r044,SeqRANSAC,0.9219330855018587,0.0706348936700687,0.11333333333333333
S1-skew,0.2,44,S1-skew_e20_r044,SeqRANSAC,0.9358490566037736,0.2083300383377822,0.13666666666666666
S2-p3-unequal,0.0,44,S2-p3-unequal_e00_r044,SeqRANSAC,0.8966666666666666,0.13027896904407266,0.0
S2-p3-unequal,0.1,44,S2-p3-unequal_e10_r044,SeqRANSAC,0.8805970149253731,0.14938949225897136,0.13
S2-p3-unequal,0.2,44,S2-p3-unequal_e20_r044,SeqRANSAC,0.8600823045267489,0.15230076159509165,0.20333333333333334
S3-xhet,0.0,44,S3-xhet_e00_r044,SeqRANSAC,0.8866666666666667,0.32199450887536085,0.06333333333333334
S3-xhet,0.1,44,S3-xhet_e10_r044,SeqRANSAC,0.9022556390977443,0.18942968408378347,0.17
S3-xhet,0.2,44,S3-xhet_e20_r044,SeqRANSAC,0.8958333333333334,0.08726582670107841,0.22333333333333333
S1-skew,0.0,45,S1-skew_e00_r045,SeqRANSAC,0.9166666666666666,0.17008061117280415,0.02
S1-skew,0.1,45,S1-skew_e10_r045,SeqRANSAC,0.9044117647058824,0.09556615844013686,0.11666666666666667
S1-skew,0.2,45,S1-skew_e20_r045,SeqRANSAC,0.9311926605504587,0.2929669010194979,0.28
S2-p3-unequal,0.0,45,S2-p3-unequal_e00_r045,SeqRANSAC,0.9133333333333333,0.20270723695106269,0.0033333333333333335
S2-p3-unequal,0.1,45,S2-p3-unequal_e10_r045,SeqRANSAC,0.933579335793358,0.06812662882939668,0.09666666666666666
S2-p3-unequal,0.2,45,S2-p3-unequal_e20_r045,SeqRANSAC,0.9083333333333333,0.1661201777512821,0.20333333333333334
S3-xhet,0.0,45,S3-xhet_e00_r045,SeqRANSAC,0.9333333333333333,0.16074749230209617,0.06333333333333334
S3-xhet,0.1,45,S3-xhet_e10_r045,SeqRANSAC,0.9049429657794676,0.4197215891254533,0.18333333333333332
S3-xhet,0.2,45,S3-xhet_e20_r045,SeqRANSAC,0.857707509881423,0.45270171439153883,0.20666666666666667
S1-skew,0.0,46,S1-skew_e00_r046,SeqRANSAC,0.8933333333333333,0.20290736386295966,0.02
S1-skew,0.1,46,S1-skew_e10_r046,SeqRANSAC,0.9064748201438849,0.12267055134881488,0.10333333333333333
S1-skew,0.2,46,S1-skew_e20_r046,SeqRANSAC,0.9065040650406504,0.1523611030746951,0.2
S2-p3-unequal,0.0,46,S2-p3-unequal_e00_r046,SeqRANSAC,0.8966666666666666,0.0830494043006524,0.006666666666666667
S2-p3-unequal,0.1,46,S2-p3-unequal_e10_r046,SeqRANSAC,0.8931297709923665,0.099831654030065,0.13333333333333333
S2-p3-unequal,0.2,46,S2-p3-unequal_e20_r046,SeqRANSAC,0.9049586776859504,0.123181808158157,0.19333333333333333
S3-xhet,0.0,46,S3-xhet_e00_r046,SeqRANSAC,0.93,0.18589145631072113,0.043333333333333335
S3-xhet,0.1,46,S3-xhet_e10_r046,SeqRANSAC,0.9233576642335767,0.329245724956867,0.14333333333333334
S3-xhet,0.2,46,S3-xhet_e20_r046,SeqRANSAC,0.9117647058823529,0.2775151907972835,0.23666666666666666
S1-skew,0.0,47,S1-skew_e00_r047,SeqRANSAC,0.9133333333333333,0.21917623543882683,0.01
S1-skew,0.1,47,S1-skew_e10_r047,SeqRANSAC,0.9471698113207547,0.18632356378214526,0.14
S1-skew,0.2,47,S1-skew_e20_r047,SeqRANSAC,0.9314516129032258,0.420878418398134,0.19
S2-p3-unequal,0.0,47,S2-p3-unequal_e00_r047,SeqRANSAC,0.9166666666666666,0.0964135850917156,0.0033333333333333335
S2-p3-unequal,0.1,47,S2-p3-unequal_e10_r047,SeqRANSAC,0.8931297709923665,0.1255159550169811,0.14
S2-p3-unequal,0.2,47,S2-p3-unequal_e20_r047,SeqRANSAC,0.9024390243902439,0.1199039335062969,0.19333333333333333
S3-xhet,0.0,47,S3-xhet_e00_r047,SeqRANSAC,0.89,0.42541989778705797,0.07
S3-xhet,0.1,47,S3-xhet_e10_r047,SeqRANSAC,0.9181494661921709,0.1959708008141325,0.12333333333333334
S3-xhet,0.2,47,S3-xhet_e20_r047,SeqRANSAC,0.8744588744588745,0.47161971829737626,0.29
S1-skew,0.0,48,S1-skew_e00_r048,SeqRANSAC,0.8933333333333333,0.1626304603943081,0.03333333333333333
S1-skew,0.1,48,S1-skew_e10_r048,SeqRANSAC,0.9267399267399268,0.22255593207784896,0.11
S1-skew,0.2,48,S1-skew_e20_r048,SeqRANSAC,0.9314516129032258,0.21691888060769315,0.19
S2-p3-unequal,0.0,48,S2-p3-unequal_e00_r048,SeqRANSAC,0.9,0.19395239511151285,0.006666666666666667
S2-p3-unequal,0.1,48,S2-p3-unequal_e10_r048,SeqRANSAC,0.8851851851851852,0.12038720285638638,0.10333333333333333
S2-p3-unequal,0.2,48,S2-p3-unequal_e20_r048,SeqRANSAC,0.8943089430894309,0.16316059831355528,0.18666666666666668
S3-xhet,0.0,48,S3-xhet_e00_r048,SeqRANSAC,0.9366666666666666,0.10773121721993029,0.05
S3-xhet,0.1,48,S3-xhet_e10_r048,SeqRANSAC,0.9003690036900369,0.6173705127461867,0.18333333333333332
S3-xhet,0.2,48,S3-xhet_e20_r048,SeqRANSAC,0.896,0.5310240629623326,0.22666666666666666
S1-skew,0.0,49,S1-skew_e00_r049,SeqRANSAC,0.9433333333333334,0.18462596613973392,0.03333333333333333
S1-skew,0.1,49,S1-skew_e10_r049,SeqRANSAC,0.8962962962962963,0.09162516842948354,0.12
S1-skew,0.2,49,S1-skew_e20_r049,SeqRANSAC,0.9188034188034188,0.13948232969893515,0.22666666666666666
S2-p3-unequal,0.0,49,S2-p3-unequal_e00_r049,SeqRANSAC,0.9266666666666666,0.34735191749488165,0.016666666666666666
S2-p3-unequal,0.1,49,S2-p3-unequal_e10_r049,SeqRANSAC,0.8992537313432836,0.22728584514680109,0.12333333333333334
S2-p3-unequal,0.2,49,S2-p3-unequal_e20_r049,SeqRANSAC,0.9004149377593361,0.07309363646344355,0.21333333333333335
S3-xhet,0.0,49,S3-xhet_e00_r049,SeqRANSAC,0.9166666666666666,0.23715289019030794,0.08
S3-xhet,0.1,49,S3-xhet_e10_r049,SeqRANSAC,0.9247311827956989,0.5129663679886524,0.16666666666666666
S3-xhet,0.2,49,S3-xhet_e20_r049,SeqRANSAC,0.8393574297188755,1.1222319391252733,0.2866666666666667
