x1,y
-6.931471805599452862e-01,2.010894999144726025e+00
-9.162907318741549956e-01,1.790091412127358117e+00
-6.931471805599452862e-01,2.010894999144726025e+00
-9.162907318741549956e-01,1.763017000362401054e+00
-6.931471805599452862e-01,2.131796772013764052e+00
-6.931471805599452862e-01,2.264883225810034428e+00
-5.108256237659907217e-01,2.346601978410820077e+00
0.000000000000000000e+00,2.778819271990417228e+00
-1.053605156578262814e-01,2.785011242238338180e+00
4.700036292457356324e-01,3.391147045808653893e+00
5.306282510621703752e-01,3.521052343470434387e+00
-1.203972804325936119e+00,1.629240539730280046e+00
-9.162907318741549956e-01,1.808288771179265453e+00
0.000000000000000000e+00,2.730463795939110039e+00
-2.231435513142097093e-01,2.561867690924128915e+00
-5.108256237659907217e-01,2.498973906999435890e+00
-5.108256237659907217e-01,2.363680192353856846e+00
0.000000000000000000e+00,2.743417344939501401e+00
-2.231435513142097093e-01,2.451866795709800151e+00
2.623642644674910596e-01,2.987700101856726853e+00
-5.108256237659907217e-01,2.161021528672258718e+00
-3.566749439387324472e-01,2.359910159613315184e+00
-2.231435513142097093e-01,2.551006451492523919e+00
-6.931471805599452862e-01,1.944480556245719027e+00
-1.053605156578262814e-01,2.513656063073986147e+00
-2.231435513142097093e-01,2.393339456262509657e+00
-1.203972804325936119e+00,1.637053079467073680e+00
-1.203972804325936119e+00,1.435084525289322732e+00
-5.108256237659907217e-01,2.287471455183997637e+00
-1.053605156578262814e-01,2.710713318521693616e+00
-2.231435513142097093e-01,2.584751984757716503e+00
5.877866649021190604e-01,3.372454912796501336e+00
9.531017980432493486e-02,2.761906873892920888e+00
-3.566749439387324472e-01,2.383242996011500026e+00
-1.053605156578262814e-01,2.495681722955958914e+00
-2.231435513142097093e-01,2.586259144048287606e+00
5.086361004624391668e+00,7.622507383294466976e+00
4.900076103529191762e+00,7.483165672816200598e+00
4.604169685654508015e+00,7.225248549005547360e+00
4.626931677769603901e+00,7.234371965972585805e+00
4.254193263163997152e+00,6.944790914282965133e+00
4.262679877041315457e+00,6.937061622174111264e+00
4.265492818417929932e+00,6.825199415977573736e+00
5.847305451408375987e+00,8.452539463642636974e+00
4.871373226762748310e+00,7.492147299705044894e+00
4.622027303054514036e+00,7.267253234471498402e+00
4.441474093317301808e+00,7.247927803941641933e+00
4.364371699435160679e+00,7.054691425105295899e+00
4.722063937459591187e+00,7.208008008607770023e+00
4.933034048072704181e+00,7.388847205213292746e+00
4.660604892876191840e+00,7.237051831854254047e+00
4.678420647727683956e+00,7.302482946547559806e+00
4.396915247167632046e+00,7.111014439657636466e+00
4.347693955593376458e+00,6.982881304172535941e+00
4.305415532302041548e+00,6.837729731611799977e+00
5.620038481223240012e+00,8.194591117810640313e+00
5.149237143533883732e+00,7.692259380961942838e+00
4.866764923676553778e+00,7.446375042091450069e+00
4.736198448394495664e+00,7.256812279935174637e+00
4.335982696172474782e+00,6.866381048674431220e+00
4.962844630259906964e+00,7.364395007769739543e+00
5.150397236471414786e+00,7.499860383763659044e+00
4.944495491591711200e+00,7.437753920116861650e+00
4.559126247486684491e+00,7.115192123254487910e+00
4.910446566840823479e+00,7.486327397830605967e+00
4.232656178019612803e+00,6.866026623569084109e+00
4.060443010546419096e+00,6.639091212366118100e+00
5.375278407684165316e+00,7.895506767940277726e+00
5.281171207713065918e+00,7.782640512797621035e+00
4.469350462845556926e+00,7.092665149865960750e+00
4.393213824064446271e+00,7.102491125288104001e+00
4.359269647551265336e+00,6.972259424528874483e+00
-2.302585092994045457e+00,-5.108256237659907217e-01
-2.302585092994045457e+00,2.070141693843261244e-01
-6.931471805599452862e-01,1.638996714675644784e+00
-1.203972804325936119e+00,1.278152202500187462e+00
-1.609437912434100282e+00,8.628899551470398110e-01
-9.162907318741549956e-01,1.495148766031972665e+00
-1.609437912434100282e+00,7.030975114131133852e-01
-2.302585092994045457e+00,-5.798184952529420455e-01
-1.609437912434100282e+00,7.701082216960737359e-01
-2.302585092994045457e+00,5.538851132264376309e-01
-1.609437912434100282e+00,1.128171090909654062e+00
-1.609437912434100282e+00,1.137833001821391132e+00
-2.302585092994045457e+00,5.247285289349821191e-01
-6.931471805599452862e-01,1.879465049647160546e+00
-3.566749439387324472e-01,2.253394848803274009e+00
-5.108256237659907217e-01,2.278292400425001141e+00
-3.566749439387324472e-01,2.425687290128029083e+00
-5.108256237659907217e-01,1.990610327973220128e+00
2.623642644674910596e-01,3.095577608523707003e+00
-3.566749439387324472e-01,2.226783379577763622e+00
1.823215567939545922e-01,2.861629289030510392e+00
-2.231435513142097093e-01,2.542389085201362864e+00
-3.566749439387324472e-01,2.449279472144849201e+00
9.531017980432493486e-02,2.845490610223448069e+00
0.000000000000000000e+00,2.769458829230853514e+00
-1.053605156578262814e-01,2.726544783738374278e+00
9.531017980432493486e-02,2.840247370713596009e+00
-2.231435513142097093e-01,2.554899021608035170e+00
2.623642644674910596e-01,3.119718253334982094e+00
0.000000000000000000e+00,2.738902664584975000e+00
4.700036292457356324e-01,3.194173212227828795e+00
-2.231435513142097093e-01,2.488234439880674831e+00
6.418538861723946942e-01,3.383372796749603229e+00
2.623642644674910596e-01,3.105035008444441136e+00
1.823215567939545922e-01,2.953868069455292122e+00
3.258096538021482136e+00,5.903534566513040538e+00
3.839452312593310435e+00,6.496609063902003989e+00
3.650658241293738726e+00,6.330950096282171202e+00
3.985273467167738559e+00,6.681469295395430663e+00
3.449987545831587177e+00,6.171408279115972562e+00
2.965273066069282315e+00,5.633860600351157544e+00
3.462606009790798911e+00,5.973249658687076469e+00
4.525044141508806739e+00,7.121349379080198716e+00
3.440418094815436589e+00,6.084020938715686277e+00
3.505557396986398011e+00,6.225488689518403618e+00
3.401197381662155461e+00,6.263283970346228635e+00
3.303216973301951409e+00,5.980454154587929949e+00
3.218875824868200564e+00,5.772655338942576542e+00
3.148453360571654702e+00,5.707874092559454660e+00
2.923161580719155772e+00,5.538318034928669142e+00
2.944438979166440262e+00,5.612324864167366201e+00
2.970414465569700901e+00,5.660666183582573119e+00
2.646174797384122535e+00,5.282695985645079695e+00
3.397858480396640513e+00,5.937905530013418698e+00
4.245634009768326500e+00,6.766318434741620536e+00
3.135494215929149675e+00,5.680138478741802999e+00
3.254242968705491901e+00,5.842848522779198639e+00
2.778819271990417228e+00,5.356774936119605535e+00
2.827313621929027576e+00,5.367283571012759325e+00
2.791165107812716872e+00,5.243597154347804157e+00
2.687847493784690567e+00,5.160261468052068423e+00
2.667228206581954808e+00,5.190732155868099440e+00
2.740840023925200875e+00,5.318070973034872750e+00
3.015534900850170619e+00,5.638425841178194453e+00
2.954910279033736042e+00,5.590501788197235200e+00
3.109060958860994095e+00,5.694808999857092324e+00
4.812997033190407947e+00,7.334198793475493083e+00
3.499533282383017418e+00,6.041206639002796308e+00
2.949688335052584431e+00,5.551369173600910756e+00
3.095577608523707003e+00,5.842326284104260026e+00
3.020424886144362553e+00,5.655222284040823943e+00
1.029619417181158125e+00,3.774139298064759895e+00
1.252762968495368057e+00,3.990279503393913352e+00
6.418538861723946942e-01,3.354105774128304684e+00
1.435084525289322732e+00,4.228438296702799803e+00
1.131402111491100593e+00,4.052306550875202085e+00
9.162907318741551066e-01,3.803546529092062034e+00
1.163150809805680863e+00,3.921775296870824157e+00
2.833213344056216165e+00,5.548803674253954377e+00
9.162907318741551066e-01,3.654029176678189827e+00
9.932517730102834452e-01,3.779862101825806953e+00
8.754687373538998507e-01,3.778491612803623223e+00
6.418538861723946942e-01,3.438814245233462241e+00
1.280933845462064236e+00,3.943521672487517282e+00
1.335001066732339980e+00,3.956613888756021158e+00
1.193922468472434550e+00,3.930255773689205867e+00
1.458615022699516706e+00,4.259859000699673715e+00
1.410986973710262049e+00,4.283862385886650692e+00
1.131402111491100593e+00,3.887730312859101645e+00
1.193922468472434550e+00,3.875566468417531052e+00
2.933856869835903769e+00,5.574167213493180562e+00
1.064710736992428242e+00,3.718195508447989184e+00
1.029619417181158125e+00,3.712840091558779587e+00
1.410986973710262049e+00,4.114637265489863083e+00
8.754687373538998507e-01,3.456947396766647085e+00
1.308332819650178891e+00,3.818371449346690927e+00
1.335001066732339980e+00,3.831246695400858382e+00
6.931471805599452862e-01,3.349904087274604869e+00
1.481604540924215563e+00,4.273187854639730610e+00
1.064710736992428242e+00,4.015481713796376084e+00
1.335001066732339980e+00,4.176999240344288822e+00
1.308332819650178891e+00,4.096508885051477478e+00
2.557227311367626488e+00,5.253790601164562091e+00
1.193922468472434550e+00,3.916413353729438995e+00
1.098612288668109782e+00,3.864512022757094378e+00
9.932517730102834452e-01,3.899342952270771434e+00
1.098612288668109782e+00,3.887115369721961144e+00
4.601162164590552273e+00,6.907665274931893862e+00
4.338597076746545156e+00,6.612914309331876517e+00
4.683056724645162205e+00,6.911009976702632507e+00
4.566429357671660583e+00,6.855640594714683900e+00
4.308110951723713278e+00,6.486206519605743459e+00
4.046553898385751857e+00,6.210258653284353336e+00
3.848017675452233721e+00,6.016644845638280614e+00
4.743191483885466297e+00,6.996434431127979359e+00
3.891820298110626464e+00,6.120165542123715774e+00
3.983413001514819030e+00,6.093276273254560671e+00
3.921973336281314282e+00,6.082926422587721760e+00
4.328098292648325796e+00,6.545378395553743012e+00
4.608165694967889969e+00,6.734056439479067180e+00
4.683056724645162205e+00,6.649191782436666642e+00
4.857484114602081071e+00,6.809215890892458489e+00
4.497584975308154043e+00,6.540972277466316598e+00
4.669083511731743741e+00,6.801827936041408229e+00
4.160444363926623979e+00,6.091174126256959198e+00
3.072693314690119415e+00,4.985454228898997364e+00
5.282187984618152754e+00,7.078400599738373877e+00
4.025351690735149646e+00,5.911148885519247997e+00
4.234106504597259679e+00,6.068101461646685735e+00
4.478472532942133988e+00,6.348194489534269458e+00
4.632785353021064978e+00,6.465008776026740733e+00
4.651099117876491107e+00,6.471387566134156444e+00
4.786658062033468219e+00,6.572883760527739483e+00
4.938064601261419995e+00,6.796130740791245017e+00
4.767289035464526314e+00,6.716401050157334573e+00
4.546481189639411724e+00,6.443208732736873223e+00
4.418840607796598263e+00,6.278690265446062568e+00
3.958906591326996516e+00,5.747001593776177586e+00
5.492649836008126840e+00,7.390107351408736314e+00
4.014579593753238029e+00,5.780156924027928689e+00
4.171305603358228531e+00,6.089022199452785777e+00
4.590056548178043094e+00,6.454726753942362727e+00
4.525044141508806739e+00,6.451686112592848410e+00
-6.931471805599452862e-01,2.143589361503587476e+00
-6.931471805599452862e-01,2.182674796321487865e+00
-6.931471805599452862e-01,2.223541885653592676e+00
-6.931471805599452862e-01,2.157559320943787995e+00
-9.162907318741549956e-01,1.997417706201245258e+00
-3.566749439387324472e-01,2.564179830682508321e+00
-6.931471805599452862e-01,2.180417459019837967e+00
-1.053605156578262814e-01,2.743417344939501401e+00
-6.931471805599452862e-01,2.091864061678393227e+00
-5.108256237659907217e-01,2.457021446298464529e+00
-5.108256237659907217e-01,2.441477091860664306e+00
-2.231435513142097093e-01,2.700018029404946063e+00
-6.931471805599452862e-01,2.194999882314108142e+00
-6.931471805599452862e-01,2.110213200346589435e+00
-3.566749439387324472e-01,2.535282857113067223e+00
-6.931471805599452862e-01,2.249184316266930495e+00
-1.053605156578262814e-01,2.843745916556109421e+00
-6.931471805599452862e-01,2.353278207309563719e+00
0.000000000000000000e+00,2.793616089431856686e+00
2.623642644674910596e-01,3.100992784211483944e+00
-5.108256237659907217e-01,2.299580583973746872e+00
1.823215567939545922e-01,3.002707887290416267e+00
-5.108256237659907217e-01,2.323367632176574382e+00
-5.108256237659907217e-01,2.338917022241435717e+00
-5.108256237659907217e-01,2.275213896197913588e+00
-5.108256237659907217e-01,2.212660385466058699e+00
-9.162907318741549956e-01,1.846878768449134567e+00
-5.108256237659907217e-01,2.387844936944869101e+00
-5.108256237659907217e-01,2.369308725036953778e+00
-3.566749439387324472e-01,2.528923535204774531e+00
-6.931471805599452862e-01,2.157559320943787995e+00
1.823215567939545922e-01,2.946016681308058160e+00
-5.108256237659907217e-01,2.289499853445390087e+00
-6.931471805599452862e-01,2.274185618472347681e+00
-9.162907318741549956e-01,1.972691171732955384e+00
-9.162907318741549956e-01,1.961502243815149482e+00
4.094344562222100414e+00,6.706813435651613808e+00
2.272125885509336918e+00,4.873975202670183471e+00
3.139832617527747782e+00,5.836680333307115554e+00
3.543853682063678789e+00,6.229969505534890928e+00
1.280933845462064236e+00,3.971800209464006581e+00
1.223775431622115661e+00,3.960622675264208414e+00
9.932517730102834452e-01,3.618188713491166997e+00
5.818598149084782456e+00,8.460878891799849200e+00
2.687847493784690567e+00,5.281679725395012959e+00
3.377587516023021763e+00,6.009279906977983643e+00
3.246490991901174183e+00,6.012859043962138550e+00
3.475067230228610970e+00,6.140530895025875679e+00
3.529297384289471040e+00,5.960541314454472328e+00
2.901421594082749689e+00,5.360211770085626881e+00
2.587764035227708259e+00,5.124142534889850609e+00
1.386294361119890572e+00,3.992127249669807476e+00
1.029619417181158125e+00,3.671733295278965858e+00
9.932517730102834452e-01,3.766071949943841979e+00
1.609437912434100282e+00,4.140114296466289368e+00
5.921310287184774701e+00,8.517493146425234585e+00
3.332204510175203804e+00,5.802329833380780677e+00
2.939161922065596677e+00,5.494336350465588659e+00
3.605497845174885363e+00,6.123106656159697181e+00
3.314186004672525776e+00,5.835892023606579215e+00
3.505557396986398011e+00,5.941328477614185033e+00
3.273364010152270520e+00,5.738216106974090458e+00
2.595254706956865665e+00,5.126163938669708209e+00
1.609437912434100282e+00,4.152770690690712918e+00
6.931471805599452862e-01,3.406516543139755271e+00
1.686398953570228842e+00,4.331916850188431312e+00
2.721295427852230553e+00,5.218949431164464414e+00
5.707110264748875395e+00,8.228974975265105130e+00
3.148453360571654702e+00,5.618043015708490628e+00
3.561046082604051310e+00,6.134048590563774717e+00
3.511545438831020771e+00,6.068610756284635421e+00
2.928523523860540934e+00,5.477968694786112813e+00
4.062165663857865816e+00,6.537763486680998604e+00
4.019980146933238352e+00,6.504886796721238262e+00
4.009149716158868948e+00,6.556352128972503301e+00
3.728100167267217824e+00,6.305124990574247690e+00
3.618993326649769582e+00,6.279796408401259633e+00
3.815512105047302427e+00,6.337639559190580307e+00
4.212127597878484231e+00,6.729453631515059264e+00
5.058154810064232620e+00,7.599406340914544700e+00
4.241326752570746095e+00,6.774886523907709623e+00
4.283586561860628805e+00,6.880065429160473478e+00
3.988984046564274522e+00,6.737405770369173652e+00
3.953164948759321451e+00,6.590026285178059773e+00
4.131961425793407194e+00,6.624025386368784574e+00
4.259859000699673715e+00,6.688055790070482232e+00
4.009149716158868948e+00,6.534486269090289845e+00
3.711130063048755812e+00,6.320822249629497236e+00
3.845883202923601196e+00,6.485184702971033666e+00
3.897924081048644407e+00,6.465522446681758240e+00
3.589059118831725570e+00,6.157402624651412637e+00
4.702296896718814345e+00,7.250259287835068456e+00
3.858622228701030998e+00,6.444353807450878158e+00
3.862832761237374513e+00,6.419163964099620756e+00
3.660994250624400426e+00,6.276286282693802399e+00
3.841600541131600099e+00,6.409467394914107885e+00
4.060443010546419096e+00,6.557332180042006797e+00
4.080921541889960480e+00,6.554944288920859563e+00
4.032469158504013329e+00,6.551494534965057959e+00
4.034240638152395420e+00,6.592140015599809999e+00
3.793239469438179245e+00,6.399659259787012111e+00
3.698829784967104128e+00,6.358362062066888143e+00
3.901972669574644836e+00,6.481117605641172119e+00
4.697749367281184973e+00,7.186711895115559301e+00
3.770459441106359222e+00,6.286984572397765092e+00
4.023564380161053222e+00,6.580805558942338429e+00
3.941581807669690463e+00,6.526626622485576235e+00
3.742420221041966144e+00,6.278652747625093511e+00
9.932517730102834452e-01,3.737193314392486698e+00
1.308332819650178891e+00,4.115779842942165700e+00
1.458615022699516706e+00,4.262539022051294424e+00
1.435084525289322732e+00,4.309455941839046567e+00
9.162907318741551066e-01,3.775744987135518205e+00
4.700036292457356324e-01,3.333632062166389520e+00
-3.566749439387324472e-01,2.530517161040052532e+00
8.329091229351038850e-01,3.373826184866023592e+00
6.931471805599452862e-01,3.423610976499055436e+00
5.877866649021190604e-01,3.474447843401748059e+00
1.163150809805680863e+00,4.086144365656760868e+00
1.360976553135600620e+00,4.204095426181219786e+00
1.335001066732339980e+00,4.048824046920291408e+00
9.932517730102834452e-01,3.710396297576185720e+00
1.526056303495049171e+00,4.297965447047446652e+00
1.960094784047269778e+00,4.786908239243629737e+00
1.435084525289322732e+00,4.373994462976617648e+00
9.555114450274363458e-01,3.802208139420939492e+00
9.932517730102834452e-01,3.710396297576185720e+00
1.386294361119890572e+00,4.130515758526928316e+00
1.064710736992428242e+00,3.813527758679046809e+00
1.163150809805680863e+00,3.894876846593175568e+00
1.029619417181158125e+00,3.856510295497887153e+00
1.360976553135600620e+00,4.105778939847763986e+00
9.162907318741551066e-01,3.673511976982814620e+00
1.193922468472434550e+00,3.970103216504670574e+00
1.335001066732339980e+00,4.078045789252597864e+00
1.757857917552373639e+00,4.493679809954728377e+00
9.932517730102834452e-01,3.798854307322507839e+00
4.700036292457356324e-01,3.318540147981146049e+00
3.152736022363655799e+00,3.391147045808653893e+00
1.193922468472434550e+00,3.945457781514383644e+00
6.418538861723946942e-01,3.484312288372661826e+00
2.623642644674910596e-01,3.190887788328031771e+00
1.163150809805680863e+00,4.065258981327003696e+00
5.877866649021190604e-01,3.416085994155905858e+00
-2.302585092994045457e+00,9.820784724121581766e-01
-2.302585092994045457e+00,1.397619423751586265e-01
-2.302585092994045457e+00,1.137833001821391132e+00
-1.203972804325936119e+00,1.686398953570228842e+00
-2.302585092994045457e+00,8.617769624105241222e-02
-2.302585092994045457e+00,7.975071958841881692e-01
-2.302585092994045457e+00,9.631743177730055505e-01
-1.609437912434100282e+00,1.286474025837679669e+00
-2.302585092994045457e+00,7.561219797213336591e-01
-1.609437912434100282e+00,1.386294361119890572e+00
-2.302585092994045457e+00,9.400072584914711538e-01
-1.609437912434100282e+00,1.047318994280559190e+00
-1.609437912434100282e+00,8.919980393051104572e-01
-2.302585092994045457e+00,8.617769624105241222e-02
-2.302585092994045457e+00,1.570037488096646949e-01
-2.302585092994045457e+00,1.906203596086497032e-01
-1.609437912434100282e+00,9.707789171582248411e-01
-1.203972804325936119e+00,1.393766375958591652e+00
-1.609437912434100282e+00,1.000631880307905952e+00
-1.609437912434100282e+00,8.712933659434193290e-01
-2.302585092994045457e+00,8.628899551470398110e-01
-2.302585092994045457e+00,8.064758658669485269e-01
-1.053605156578262814e-01,1.752672080520008224e+00
-2.231435513142097093e-01,1.975468951296857734e+00
-1.203972804325936119e+00,1.321755839982319491e+00
-6.931471805599452862e-01,1.223775431622115661e+00
-9.162907318741549956e-01,1.311031876619343839e+00
0.000000000000000000e+00,1.800058272042750040e+00
2.623642644674910596e-01,2.083184527958670262e+00
9.932517730102834452e-01,3.105035008444441136e+00
2.623642644674910596e-01,2.096790180014449057e+00
7.884573603642702766e-01,2.725235025856310944e+00
6.931471805599452862e-01,2.649714624089246851e+00
0.000000000000000000e+00,1.871802176901591341e+00
-9.162907318741549956e-01,1.050821624831761225e+00
-5.108256237659907217e-01,2.057962510002711909e+00
6.931471805599452862e-01,2.770711962226921177e+00
-1.609437912434100282e+00,4.252677354043440938e-01
0.000000000000000000e+00,1.805004695978075668e+00
4.054651081081643849e-01,2.259677591982768963e+00
2.687847493784690567e+00,4.901043617466161351e+00
-1.053605156578262814e-01,1.769854633840005187e+00
4.054651081081643849e-01,2.355177543113216032e+00
7.884573603642702766e-01,2.685122696458505320e+00
-1.053605156578262814e-01,1.785070481077258409e+00
-1.053605156578262814e-01,1.800058272042750040e+00
-1.203972804325936119e+00,7.839015438284093751e-01
1.098612288668109782e+00,3.388449808839652633e+00
6.931471805599452862e-01,2.787477334733531986e+00
-1.053605156578262814e-01,2.005525858729667821e+00
2.174751721484160960e+00,4.555664766084252193e+00
0.000000000000000000e+00,2.210469804086240053e+00
9.531017980432493486e-02,2.405141681319137970e+00
-1.053605156578262814e-01,2.145931282948668972e+00
-5.108256237659907217e-01,1.902107526396920489e+00
4.261270433538081548e+00,6.815892151261483178e+00
3.788724789083652400e+00,6.294915386475867791e+00
3.763522997109701951e+00,6.336808031874765490e+00
3.234749174024490692e+00,5.722833185347001361e+00
2.785011242238338180e+00,5.219003559828311545e+00
1.223775431622115661e+00,3.632309102625542074e+00
1.808288771179265453e+00,4.257171777528255596e+00
4.637637376125592681e+00,7.180138417269743556e+00
3.109060958860994095e+00,5.629669374284201666e+00
2.928523523860540934e+00,5.592068485026199909e+00
2.917770732084278951e+00,5.729872484415941436e+00
3.966511190712215917e+00,6.642604134770254909e+00
3.931825632724325725e+00,6.429735606941323844e+00
4.305415532302041548e+00,6.699093853616328254e+00
4.544358046591334244e+00,7.137620191256472069e+00
4.191168746857640848e+00,6.827856727584252106e+00
3.456316680883234849e+00,5.949261390889542866e+00
3.397858480396640513e+00,5.779693582088739845e+00
2.341805806147327029e+00,4.736022994406853925e+00
4.508659285607247824e+00,7.057570861553164043e+00
3.126760535960395160e+00,5.608592287652451880e+00
3.299533727885655132e+00,5.853494747884528060e+00
3.906004933102583010e+00,6.430138744973181275e+00
3.953164948759321451e+00,6.474029575596994768e+00
3.908014984030607319e+00,6.326364119168873756e+00
4.080921541889960480e+00,6.527212025479068203e+00
4.163559631243574088e+00,6.669371178251642718e+00
3.449987545831587177e+00,5.907131398642230913e+00
3.407841924380823784e+00,5.929003865765376524e+00
2.990719731730446806e+00,5.362605856430398887e+00
2.821378886409213305e+00,5.131199643496354490e+00
5.201255653704905058e+00,7.670195286038032023e+00
3.346389145167160351e+00,5.802088163440324742e+00
3.505557396986398011e+00,6.118405520549131005e+00
3.487375077903207998e+00,6.149173175636684974e+00
3.903990833730881960e+00,6.463996228136291045e+00
0.000000000000000000e+00,2.671386216730618823e+00
2.623642644674910596e-01,2.696652156149840884e+00
6.931471805599452862e-01,3.238678452164380328e+00
-2.231435513142097093e-01,2.214846178686038947e+00
-1.053605156578262814e-01,2.164471790864411549e+00
-2.302585092994045457e+00,6.312717768418577569e-01
-2.302585092994045457e+00,9.082585601768907724e-01
-2.302585092994045457e+00,6.881346387364010164e-01
-2.302585092994045457e+00,6.981347220709842594e-01
-2.302585092994045457e+00,1.329724009631496173e+00
-2.302585092994045457e+00,9.042181506398858648e-01
-2.302585092994045457e+00,8.586616190375186974e-01
-2.302585092994045457e+00,6.365768290715509981e-01
-1.203972804325936119e+00,1.638996714675644784e+00
-2.302585092994045457e+00,6.259384308664953656e-01
-1.609437912434100282e+00,1.036736884950022253e+00
-9.162907318741549956e-01,1.658228076603532442e+00
-1.609437912434100282e+00,1.004301609196868394e+00
-2.302585092994045457e+00,8.415671856782185323e-01
2.370243741467860321e+00,4.929352929476566558e+00
2.509599262378372053e+00,5.120206930525546873e+00
2.517696472610991165e+00,5.170256696480518777e+00
2.476538400117483718e+00,5.082707862887906991e+00
2.282382385676526404e+00,4.992063908510820269e+00
2.557227311367626488e+00,5.233192006587574774e+00
2.197224577336219564e+00,4.747624153783024603e+00
3.668676746796416754e+00,6.249820790177934349e+00
2.208274413522804291e+00,4.797029447262534774e+00
2.442347035369204278e+00,5.101937452503041648e+00
2.302585092994045901e+00,5.112228723184838231e+00
2.424802725718294916e+00,5.200980133659078852e+00
3.532225644068559767e+00,6.047041154996723122e+00
3.356897122765575503e+00,5.820468612643941775e+00
2.747270914255491192e+00,5.309207849379209421e+00
2.557227311367626488e+00,5.195121173719586594e+00
2.617395832834079172e+00,5.368869022498981458e+00
2.174751721484160960e+00,4.857173265982853927e+00
2.128231705849267907e+00,4.689787031707970399e+00
3.086486636822455054e+00,5.684701586843408982e+00
2.116255514802552362e+00,4.697749367281184973e+00
1.987874348154345494e+00,4.643621372362344069e+00
2.251291798606495309e+00,4.894251279353579953e+00
2.197224577336219564e+00,4.769751986304036073e+00
2.341805806147327029e+00,4.805331660910376890e+00
2.341805806147327029e+00,4.749010755963764652e+00
2.186051276738094185e+00,4.707997495787561881e+00
2.174751721484160960e+00,4.710070595813460770e+00
2.261763098473790645e+00,4.920783523368563728e+00
3.117949906278240313e+00,5.765567207597150912e+00
3.493472657771325984e+00,6.077733982260157930e+00
3.828641396489095072e+00,6.354300473160186868e+00
2.186051276738094185e+00,4.675908200493433142e+00
3.100092288878233848e+00,5.743547911215617141e+00
2.128231705849267907e+00,4.817859279398442496e+00
1.704748092238425272e+00,4.327306422473649050e+00
-1.609437912434100282e+00,1.190887564777280527e+00
-2.302585092994045457e+00,9.531017980432493486e-02
-1.609437912434100282e+00,9.516578757114463327e-01
-1.609437912434100282e+00,1.526056303495049171e+00
-1.609437912434100282e+00,1.432700733934046511e+00
-2.302585092994045457e+00,7.884573603642702766e-01
-2.302585092994045457e+00,4.700036292457356324e-01
-2.302585092994045457e+00,1.310282624064040002e-01
-2.302585092994045457e+00,6.678293725756554444e-01
-1.609437912434100282e+00,1.241268589069632888e+00
-2.302585092994045457e+00,4.574248470388754817e-01
-1.203972804325936119e+00,1.558144618046549912e+00
-2.302585092994045457e+00,4.121096508268329850e-01
-2.302585092994045457e+00,4.317824164255378294e-01
-2.302585092994045457e+00,4.054651081081643849e-01
-1.609437912434100282e+00,1.050821624831761225e+00
-2.302585092994045457e+00,4.510756193602167285e-01
-2.302585092994045457e+00,1.222176327242491117e-01
-6.931471805599452862e-01,2.018895041811802127e+00
0.000000000000000000e+00,2.781920049668665573e+00
-6.931471805599452862e-01,2.095560923559719235e+00
-2.231435513142097093e-01,2.712706012638403941e+00
-6.931471805599452862e-01,2.162172939277300809e+00
-6.931471805599452862e-01,1.928618651945252171e+00
4.054651081081643849e-01,3.199489111068010594e+00
0.000000000000000000e+00,2.803360380906534832e+00
-1.053605156578262814e-01,2.781920049668665573e+00
-6.931471805599452862e-01,2.260720888895346725e+00
0.000000000000000000e+00,2.783775911630345767e+00
0.000000000000000000e+00,2.648300196696436348e+00
0.000000000000000000e+00,2.712706012638403941e+00
0.000000000000000000e+00,2.834976494674597003e+00
-6.931471805599452862e-01,2.170195904948299948e+00
0.000000000000000000e+00,2.839078463508614369e+00
-1.203972804325936119e+00,1.368639425881169824e+00
6.931471805599452862e-01,3.371425223328485377e+00
9.531017980432493486e-02,2.715356776284647999e+00
-6.931471805599452862e-01,2.021547563260933433e+00
-6.931471805599452862e-01,2.064327903869787928e+00
-6.931471805599452862e-01,2.065596134857782928e+00
-6.931471805599452862e-01,1.927164106234257934e+00
0.000000000000000000e+00,2.611539300721366086e+00
-2.231435513142097093e-01,2.514465452029544856e+00
-9.162907318741549956e-01,1.871802176901591341e+00
6.418538861723946942e-01,3.277899165317661900e+00
2.163323025660537802e+00,4.823984379141071699e+00
1.871802176901591341e+00,4.627714150422986172e+00
1.902107526396920489e+00,4.692814695840137773e+00
1.887069649032379726e+00,4.636281181013144348e+00
2.312535423847213778e+00,5.111023468127523728e+00
2.091864061678393227e+00,4.898734921598028258e+00
2.517696472610991165e+00,4.847802589886147651e+00
3.875359021056554720e+00,6.564490021953321985e+00
1.960094784047269778e+00,4.643621372362344069e+00
2.261763098473790645e+00,5.014959265576310443e+00
2.302585092994045901e+00,5.159285157852479209e+00
1.916922612182061059e+00,4.717069278485499950e+00
2.261763098473790645e+00,4.863371953117364477e+00
2.230014400159210375e+00,4.771447045613189886e+00
1.916922612182061059e+00,4.607267984070237077e+00
2.174751721484160960e+00,4.906829125370666844e+00
2.639057329615258407e+00,5.449406220910892884e+00
2.230014400159210375e+00,5.004483074611057347e+00
2.240709689275958372e+00,4.895673275626574394e+00
4.143134726391532574e+00,6.780035537379766275e+00
2.140066163496270768e+00,4.751519082323228282e+00
2.302585092994045901e+00,5.016352254425484603e+00
2.388762789235097994e+00,5.035002650544550207e+00
2.014903020542264667e+00,4.644967655862157763e+00
2.230014400159210375e+00,4.778030458992533092e+00
1.945910149055313232e+00,4.495355319980884445e+00
1.504077396776274167e+00,4.136285930010272338e+00
2.282382385676526404e+00,4.953570993474578188e+00
2.646174797384122535e+00,5.411869241232151850e+00
2.564949357461536739e+00,5.036173077884094518e+00
2.541601993464545739e+00,5.213793801477383028e+00
4.188138441508461263e+00,6.779944634486718691e+00
2.197224577336219564e+00,4.777862193806202917e+00
2.406945108318288451e+00,5.088460159559560658e+00
2.116255514802552362e+00,4.854916719096834754e+00
2.151762203259461881e+00,4.825429582122437999e+00
-1.609437912434100282e+00,1.047318994280559190e+00
-2.302585092994045457e+00,2.851789422336624691e-01
-2.302585092994045457e+00,7.323678937132266364e-01
0.000000000000000000e+00,2.811809435393062717e+00
-1.609437912434100282e+00,1.128171090909654062e+00
-1.609437912434100282e+00,1.410986973710262049e+00
0.000000000000000000e+00,2.616665639300357338e+00
-1.609437912434100282e+00,1.311031876619343839e+00
-2.302585092994045457e+00,9.360933591703347600e-01
-1.609437912434100282e+00,1.499623046426893813e+00
-1.609437912434100282e+00,1.549687908028326344e+00
9.531017980432493486e-02,2.972975286431374986e+00
-1.609437912434100282e+00,1.280933845462064236e+00
-1.609437912434100282e+00,1.004301609196868394e+00
-1.203972804325936119e+00,1.803358605071406995e+00
-1.609437912434100282e+00,1.599387576580598935e+00
-1.609437912434100282e+00,1.483874689458754670e+00
-1.609437912434100282e+00,9.707789171582248411e-01
-1.609437912434100282e+00,1.283707772344789610e+00
-1.203972804325936119e+00,1.865629317794510467e+00
-1.203972804325936119e+00,1.652497401894547302e+00
-2.302585092994045457e+00,6.729444732424257891e-01
-2.302585092994045457e+00,4.879016416943204176e-02
-1.203972804325936119e+00,1.345472366599635539e+00
2.995732273553990854e+00,5.839274444093357275e+00
2.001480000210124288e+00,4.856706811803518598e+00
3.493472657771325984e+00,6.219933891177539920e+00
2.949688335052584431e+00,5.884352498411349330e+00
2.261763098473790645e+00,5.166669912482037219e+00
-5.108256237659907217e-01,2.379546134130174018e+00
-2.231435513142097093e-01,2.462149662665384042e+00
1.252762968495368057e+00,3.985645145298759573e+00
5.877866649021190604e-01,3.210440346047099158e+00
1.193922468472434550e+00,3.684118137012225791e+00
2.197224577336219564e+00,4.647463098178342911e+00
1.902107526396920489e+00,4.410492606984552921e+00
1.193922468472434550e+00,3.719408659148759178e+00
7.884573603642702766e-01,3.312366167955539620e+00
1.902107526396920489e+00,4.321878461837603602e+00
2.054123733695546239e+00,4.442180557493628612e+00
2.406945108318288451e+00,4.886431690636949376e+00
2.054123733695546239e+00,4.574917142817070292e+00
2.174751721484160960e+00,4.724108110059605181e+00
2.760009940032920994e+00,5.180715564467856638e+00
7.884573603642702766e-01,3.193352867637115011e+00
2.312535423847213778e+00,4.843872076218153744e+00
1.722766597741103523e+00,4.351696284866047648e+00
1.481604540924215563e+00,4.016743316198549074e+00
-1.609437912434100282e+00,1.435084525289322732e+00
-2.302585092994045457e+00,9.783261227936077553e-01
-6.931471805599452862e-01,2.161021528672258718e+00
-1.609437912434100282e+00,1.247032293786382917e+00
-2.302585092994045457e+00,6.523251860396901414e-01
-1.609437912434100282e+00,1.449269160281279056e+00
-2.302585092994045457e+00,8.109302162163287697e-01
-2.302585092994045457e+00,5.988365010887040096e-01
-2.302585092994045457e+00,5.306282510621703752e-01
-2.302585092994045457e+00,6.151856390902334937e-01
-2.302585092994045457e+00,7.793248768009977123e-01
4.054651081081643849e-01,3.242982900211433872e+00
-2.231435513142097093e-01,2.497329169786557390e+00
-6.931471805599452862e-01,2.395164274287139072e+00
-3.566749439387324472e-01,2.753023566744940975e+00
-6.931471805599452862e-01,1.989243273761687192e+00
1.823215567939545922e-01,2.810004923625203599e+00
