unit,method,acc,ahat,time,perr
T1-taxi_e00_r000,TCRlong(0.25),0.9759103641456582,0.25,80.9485,
T1-taxi_e00_r000,TCRlong(0.25)+rw,0.9775910364145658,0.154,80.9485,0.07831222400668914
T1-taxi_e00_r000,TCRlong(0.25)+rw+A2,0.9775910364145658,0.154,80.9485,0.07831222400668914
T1-taxi_e00_r000,TCRlong(0.40),0.9742296918767507,0.4,54.0094,
T1-taxi_e00_r000,TCRlong(0.40)+rw,0.9775910364145658,0.1535,54.0094,0.0877288130653664
T1-taxi_e00_r000,TCRlong(0.40)+rw+A2,0.9775910364145658,0.1535,54.0094,0.0877288130653664
T1-taxi_e00_r001,TCRlong(0.25),0.978429203539823,0.25,80.1586,
T1-taxi_e00_r001,TCRlong(0.25)+rw,0.9800884955752213,0.1435,80.1586,0.13674003096991827
T1-taxi_e00_r001,TCRlong(0.25)+rw+A2,0.9800884955752213,0.1435,80.1586,0.13674003096991827
T1-taxi_e00_r001,TCRlong(0.40),0.9773230088495575,0.4,61.8742,
T1-taxi_e00_r001,TCRlong(0.40)+rw,0.980641592920354,0.1445,61.8742,0.1519767272649135
T1-taxi_e00_r001,TCRlong(0.40)+rw+A2,0.980641592920354,0.1445,61.8742,0.1519767272649135
T1-taxi_e00_r002,TCRlong(0.25),0.9741616272677295,0.25,86.4061,
T1-taxi_e00_r002,TCRlong(0.25)+rw,0.9752611324903794,0.126,86.4061,0.192692226919708
T1-taxi_e00_r002,TCRlong(0.25)+rw+A2,0.9752611324903794,0.126,86.4061,0.192692226919708
T1-taxi_e00_r002,TCRlong(0.40),0.9730621220450797,0.4,56.3448,
T1-taxi_e00_r002,TCRlong(0.40)+rw,0.9736118746564046,0.154,56.3448,0.25886232082993166
T1-taxi_e00_r002,TCRlong(0.40)+rw+A2,0.9736118746564046,0.154,56.3448,0.25886232082993166
T1-taxi_e00_r003,TCRlong(0.25),0.9757442116868799,0.25,80.7705,
T1-taxi_e00_r003,TCRlong(0.25)+rw,0.9768467475192943,0.14,80.7705,0.34028045842924737
T1-taxi_e00_r003,TCRlong(0.25)+rw+A2,0.9768467475192943,0.14,80.7705,0.34028045842924737
T1-taxi_e00_r003,TCRlong(0.40),0.9757442116868799,0.4,58.4481,
T1-taxi_e00_r003,TCRlong(0.40)+rw,0.9768467475192943,0.1405,58.4481,0.33955747476942966
T1-taxi_e00_r003,TCRlong(0.40)+rw+A2,0.9768467475192943,0.1405,58.4481,0.33955747476942966
T1-taxi_e00_r004,TCRlong(0.25),0.9765755716675962,0.25,92.4568,
T1-taxi_e00_r004,TCRlong(0.25)+rw,0.9793641940881205,0.1485,92.4568,0.04992440418381561
T1-taxi_e00_r004,TCRlong(0.25)+rw+A2,0.9793641940881205,0.1485,92.4568,0.04992440418381561
T1-taxi_e00_r004,TCRlong(0.40),0.9743446737311768,0.4,49.8287,
T1-taxi_e00_r004,TCRlong(0.40)+rw,0.9793641940881205,0.1465,49.8287,0.03295911300520071
T1-taxi_e00_r004,TCRlong(0.40)+rw+A2,0.9793641940881205,0.1465,49.8287,0.03295911300520071
T1-taxi_e00_r005,TCRlong(0.25),0.9761904761904762,0.25,85.6875,
T1-taxi_e00_r005,TCRlong(0.25)+rw,0.9761904761904762,0.138,85.6875,0.16754372501820392
T1-taxi_e00_r005,TCRlong(0.25)+rw+A2,0.9761904761904762,0.138,85.6875,0.16754372501820392
T1-taxi_e00_r005,TCRlong(0.40),0.9767441860465116,0.4,53.2915,
T1-taxi_e00_r005,TCRlong(0.40)+rw,0.9772978959025471,0.134,53.2915,0.13191249159844132
T1-taxi_e00_r005,TCRlong(0.40)+rw+A2,0.9772978959025471,0.134,53.2915,0.13191249159844132
T1-taxi_e00_r006,TCRlong(0.25),0.9772727272727273,0.25,89.7662,
T1-taxi_e00_r006,TCRlong(0.25)+rw,0.9767184035476718,0.143,89.7662,0.08749420349081616
T1-taxi_e00_r006,TCRlong(0.25)+rw+A2,0.9767184035476718,0.143,89.7662,0.08749420349081616
T1-taxi_e00_r006,TCRlong(0.40),0.9672949002217295,0.4,43.7647,
T1-taxi_e00_r006,TCRlong(0.40)+rw,0.9767184035476718,0.148,43.7647,0.31605105050750026
T1-taxi_e00_r006,TCRlong(0.40)+rw+A2,0.9767184035476718,0.148,43.7647,0.31605105050750026
T1-taxi_e00_r007,TCRlong(0.25),0.9846069268829027,0.25,81.1933,
T1-taxi_e00_r007,TCRlong(0.25)+rw,0.9807586586036283,0.1085,81.1933,0.07200267074220612
T1-taxi_e00_r007,TCRlong(0.25)+rw+A2,0.9807586586036283,0.1085,81.1933,0.07200267074220612
T1-taxi_e00_r007,TCRlong(0.40),0.982957669048928,0.4,59.3818,
T1-taxi_e00_r007,TCRlong(0.40)+rw,0.9813084112149533,0.113,59.3818,0.026377599491578252
T1-taxi_e00_r007,TCRlong(0.40)+rw+A2,0.9813084112149533,0.113,59.3818,0.026377599491578252
T1-taxi_e00_r008,TCRlong(0.25),0.9778516057585825,0.25,96.4605,
T1-taxi_e00_r008,TCRlong(0.25)+rw,0.9778516057585825,0.1515,96.4605,0.10359207393473957
T1-taxi_e00_r008,TCRlong(0.25)+rw+A2,0.9778516057585825,0.1515,96.4605,0.10359207393473957
T1-taxi_e00_r008,TCRlong(0.40),0.9756367663344407,0.4,47.2192,
T1-taxi_e00_r008,TCRlong(0.40)+rw,0.9778516057585825,0.15,47.2192,0.0887883656748838
T1-taxi_e00_r008,TCRlong(0.40)+rw+A2,0.9778516057585825,0.15,47.2192,0.0887883656748838
T1-taxi_e00_r009,TCRlong(0.25),0.981225842076201,0.25,76.3027,
T1-taxi_e00_r009,TCRlong(0.25)+rw,0.981225842076201,0.1435,76.3027,0.05436419082342159
T1-taxi_e00_r009,TCRlong(0.25)+rw+A2,0.981225842076201,0.1435,76.3027,0.05436419082342159
T1-taxi_e00_r009,TCRlong(0.40),0.9828823854224186,0.4,61.1495,
T1-taxi_e00_r009,TCRlong(0.40)+rw,0.981225842076201,0.143,61.1495,0.03742988886694487
T1-taxi_e00_r009,TCRlong(0.40)+rw+A2,0.981225842076201,0.143,61.1495,0.03742988886694487
T1-taxi_e00_r010,TCRlong(0.25),0.9763606377130292,0.25,88.9059,
T1-taxi_e00_r010,TCRlong(0.25)+rw,0.976910390324354,0.148,88.9059,0.16002711979900486
T1-taxi_e00_r010,TCRlong(0.25)+rw+A2,0.976910390324354,0.148,88.9059,0.16002711979900486
T1-taxi_e00_r010,TCRlong(0.40),0.9675645959318306,0.4,52.3775,
T1-taxi_e00_r010,TCRlong(0.40)+rw,0.9730621220450797,0.1555,52.3775,0.2163161067876498
T1-taxi_e00_r010,TCRlong(0.40)+rw+A2,0.9730621220450797,0.1555,52.3775,0.2163161067876498
T1-taxi_e00_r011,TCRlong(0.25),0.980544747081712,0.25,85.7686,
T1-taxi_e00_r011,TCRlong(0.25)+rw,0.9816564758198999,0.1525,85.7686,0.053288896350327075
T1-taxi_e00_r011,TCRlong(0.25)+rw+A2,0.9816564758198999,0.1525,85.7686,0.053288896350327075
T1-taxi_e00_r011,TCRlong(0.40),0.9794330183435241,0.4,56.184,
T1-taxi_e00_r011,TCRlong(0.40)+rw,0.980544747081712,0.1515,56.184,0.20596938495974682
T1-taxi_e00_r011,TCRlong(0.40)+rw+A2,0.980544747081712,0.1515,56.184,0.20596938495974682
T1-taxi_e00_r012,TCRlong(0.25),0.9764254385964912,0.25,85.7515,
T1-taxi_e00_r012,TCRlong(0.25)+rw,0.9780701754385965,0.141,85.7515,0.2985676410697504
T1-taxi_e00_r012,TCRlong(0.25)+rw+A2,0.9780701754385965,0.141,85.7515,0.2985676410697504
T1-taxi_e00_r012,TCRlong(0.40),0.9769736842105263,0.4,52.3067,
T1-taxi_e00_r012,TCRlong(0.40)+rw,0.9786184210526315,0.141,52.3067,0.34901139274045834
T1-taxi_e00_r012,TCRlong(0.40)+rw+A2,0.9786184210526315,0.141,52.3067,0.34901139274045834
T1-taxi_e00_r013,TCRlong(0.25),0.9793028322440087,0.25,94.6941,
T1-taxi_e00_r013,TCRlong(0.25)+rw,0.9809368191721133,0.137,94.6941,0.1674863917459244
T1-taxi_e00_r013,TCRlong(0.25)+rw+A2,0.9809368191721133,0.137,94.6941,0.1674863917459244
T1-taxi_e00_r013,TCRlong(0.40),0.9787581699346405,0.4,53.8806,
T1-taxi_e00_r013,TCRlong(0.40)+rw,0.9798474945533769,0.133,53.8806,0.16975256447403364
T1-taxi_e00_r013,TCRlong(0.40)+rw+A2,0.9798474945533769,0.133,53.8806,0.16975256447403364
T1-taxi_e00_r014,TCRlong(0.25),0.9677066228790366,0.25,81.5853,
T1-taxi_e00_r014,TCRlong(0.25)+rw,0.976464148877942,0.1275,81.5853,0.16359257229751467
T1-taxi_e00_r014,TCRlong(0.25)+rw+A2,0.976464148877942,0.1275,81.5853,0.16359257229751467
T1-taxi_e00_r014,TCRlong(0.40),0.9709906951286261,0.4,51.765,
T1-taxi_e00_r014,TCRlong(0.40)+rw,0.9770114942528736,0.1265,51.765,0.11552997621100003
T1-taxi_e00_r014,TCRlong(0.40)+rw+A2,0.9770114942528736,0.1265,51.765,0.11552997621100003
T1-taxi_e00_r015,TCRlong(0.25),0.9761640798226164,0.25,95.2896,
T1-taxi_e00_r015,TCRlong(0.25)+rw,0.9761640798226164,0.1425,95.2896,0.08197054795279168
T1-taxi_e00_r015,TCRlong(0.25)+rw+A2,0.9761640798226164,0.1425,95.2896,0.08197054795279168
T1-taxi_e00_r015,TCRlong(0.40),0.9722838137472284,0.4,51.4445,
T1-taxi_e00_r015,TCRlong(0.40)+rw,0.9767184035476718,0.142,51.4445,0.2589988728840771
T1-taxi_e00_r015,TCRlong(0.40)+rw+A2,0.9767184035476718,0.142,51.4445,0.2589988728840771
T1-taxi_e00_r016,TCRlong(0.25),0.9783573806881243,0.25,85.9734,
T1-taxi_e00_r016,TCRlong(0.25)+rw,0.9800221975582686,0.1525,85.9734,0.07207968407932075
T1-taxi_e00_r016,TCRlong(0.25)+rw+A2,0.9800221975582686,0.1525,85.9734,0.07207968407932075
T1-taxi_e00_r016,TCRlong(0.40),0.9778024417314095,0.4,58.2296,
T1-taxi_e00_r016,TCRlong(0.40)+rw,0.9805771365149833,0.1515,58.2296,0.08207942631390663
T1-taxi_e00_r016,TCRlong(0.40)+rw+A2,0.9805771365149833,0.1515,58.2296,0.08207942631390663
T1-taxi_e00_r017,TCRlong(0.25),0.9753154141524959,0.25,80.0891,
T1-taxi_e00_r017,TCRlong(0.25)+rw,0.9764125068568295,0.137,80.0891,0.14823074952647453
T1-taxi_e00_r017,TCRlong(0.25)+rw+A2,0.9764125068568295,0.137,80.0891,0.14823074952647453
T1-taxi_e00_r017,TCRlong(0.40),0.9753154141524959,0.4,51.4639,
T1-taxi_e00_r017,TCRlong(0.40)+rw,0.9758639605046626,0.137,51.4639,0.14414119603680753
T1-taxi_e00_r017,TCRlong(0.40)+rw+A2,0.9758639605046626,0.137,51.4639,0.14414119603680753
T1-taxi_e00_r018,TCRlong(0.25),0.9822222222222222,0.25,83.8107,
T1-taxi_e00_r018,TCRlong(0.25)+rw,0.9822222222222222,0.145,83.8107,0.08815088342294741
T1-taxi_e00_r018,TCRlong(0.25)+rw+A2,0.9822222222222222,0.145,83.8107,0.08815088342294741
T1-taxi_e00_r018,TCRlong(0.40),0.9822222222222222,0.4,55.7172,
T1-taxi_e00_r018,TCRlong(0.40)+rw,0.9816666666666667,0.145,55.7172,0.09636070249577156
T1-taxi_e00_r018,TCRlong(0.40)+rw+A2,0.9816666666666667,0.145,55.7172,0.09636070249577156
T1-taxi_e00_r019,TCRlong(0.25),0.9757575757575757,0.25,93.4436,
T1-taxi_e00_r019,TCRlong(0.25)+rw,0.9801652892561984,0.1495,93.4436,0.09453948746447205
T1-taxi_e00_r019,TCRlong(0.25)+rw+A2,0.9801652892561984,0.1495,93.4436,0.09453948746447205
T1-taxi_e00_r019,TCRlong(0.40),0.9741046831955923,0.4,57.4814,
T1-taxi_e00_r019,TCRlong(0.40)+rw,0.9790633608815427,0.143,57.4814,0.07892334526423372
T1-taxi_e00_r019,TCRlong(0.40)+rw+A2,0.9790633608815427,0.143,57.4814,0.07892334526423372
