unit,method,time,alpha_hat,b1,b2,b3,b4,b5,b6,b7,b8,b9,b10,b11,b12
T1-taxi_e00_r000,TCR(0.05),7.8455,0.050000,71.03192877,-0.05804853164,0.001774210437,0.7225250554,3.449547572,0.2789763189,NaN,NaN,NaN,NaN,NaN,NaN
T1-taxi_e00_r000,TCR(0.10),5.2246,0.100000,2.180704047,3.058112221,0.3477034403,70.00323936,-0.0001713316032,2.266652933e-05,NaN,NaN,NaN,NaN,NaN,NaN
T1-taxi_e00_r000,TCR(0.15),3.9796,0.150000,2.356606615,3.101139523,0.3205870824,70.00354644,-0.0001836377141,1.198269582e-05,NaN,NaN,NaN,NaN,NaN,NaN
T1-taxi_e00_r000,TCR(0.25),3.9567,0.250000,2.568307633,3.124282763,0.2985617734,70.00898675,-0.0004394794272,1.328363993e-05,NaN,NaN,NaN,NaN,NaN,NaN
T1-taxi_e00_r000,TCR(0.40),3.0279,0.400000,2.112077627,3.162608385,0.2923127449,70,-9.399154906e-16,4.424974618e-16,NaN,NaN,NaN,NaN,NaN,NaN
T1-taxi_e00_r010,TCR(0.05),8.2101,0.050000,70.10186291,-0.005043291899,-1.548973457e-05,1.324381702,3.207706015,0.3329388265,NaN,NaN,NaN,NaN,NaN,NaN
T1-taxi_e00_r010,TCR(0.10),5.2585,0.100000,70.00261008,-2.002636137e-05,-1.231863842e-05,2.310977017,3.084656604,0.3326328017,NaN,NaN,NaN,NaN,NaN,NaN
T1-taxi_e00_r010,TCR(0.15),4.7478,0.150000,2.331859528,3.099294011,0.3262689888,69.99614674,0.0002263226364,-6.026859158e-06,NaN,NaN,NaN,NaN,NaN,NaN
T1-taxi_e00_r010,TCR(0.25),4.6460,0.250000,70.00447116,-0.0001752561836,3.675590809e-07,2.61953654,3.041000616,0.3397827999,NaN,NaN,NaN,NaN,NaN,NaN
T1-taxi_e00_r010,TCR(0.40),2.9505,0.400000,2.747813913,3.297415057,0.1836378621,70,-9.933310196e-14,-3.587051091e-16,NaN,NaN,NaN,NaN,NaN,NaN
T1-taxi_e00_r011,TCR(0.05),7.6945,0.050000,0.7492370404,3.117947479,0.4069300958,70.18677401,-0.008550999762,-0.000388056767,NaN,NaN,NaN,NaN,NaN,NaN
T1-taxi_e00_r011,TCR(0.10),5.3878,0.100000,70.01040482,-0.0004621664785,-4.409961796e-05,2.457092343,3.079610345,0.3247417442,NaN,NaN,NaN,NaN,NaN,NaN
T1-taxi_e00_r011,TCR(0.15),4.6066,0.150000,2.343218047,3.080243121,0.3301349118,70.01248645,-0.0006586504378,-8.753663318e-06,NaN,NaN,NaN,NaN,NaN,NaN
T1-taxi_e00_r011,TCR(0.25),4.3735,0.250000,70.00405897,-0.0001259401527,-8.998595374e-06,2.57221253,3.127596839,0.2950422796,NaN,NaN,NaN,NaN,NaN,NaN
T1-taxi_e00_r011,TCR(0.40),2.8176,0.400000,70,1.69982015e-15,2.604868497e-16,2.996247236,3.2874412,0.16526807,NaN,NaN,NaN,NaN,NaN,NaN
T1-taxi_e00_r012,TCR(0.05),7.0892,0.050000,1.7368286,3.116961253,0.3481368384,69.88225982,0.00647369072,-0.0001277245924,NaN,NaN,NaN,NaN,NaN,NaN
T1-taxi_e00_r012,TCR(0.10),4.7342,0.100000,69.98561378,0.0007104043232,-8.195757867e-06,2.458003737,3.06374345,0.332961981,NaN,NaN,NaN,NaN,NaN,NaN
T1-taxi_e00_r012,TCR(0.15),3.9433,0.150000,2.526451162,3.064869041,0.3284854475,69.98916376,0.0005755269986,-1.073500169e-05,NaN,NaN,NaN,NaN,NaN,NaN
T1-taxi_e00_r012,TCR(0.25),4.1054,0.250000,70.00359723,-0.0001701441944,-1.424454487e-06,2.749236071,3.213681983,0.2406888461,NaN,NaN,NaN,NaN,NaN,NaN
T1-taxi_e00_r012,TCR(0.40),3.0969,0.400000,2.882490668,3.010314714,0.3157606873,70,-2.136029219e-14,-6.371791896e-16,NaN,NaN,NaN,NaN,NaN,NaN
T1-taxi_e00_r013,TCR(0.05),7.3067,0.050000,69.89732173,0.004188299503,0.0004010597707,1.850152053,3.067195865,0.367015449,NaN,NaN,NaN,NaN,NaN,NaN
T1-taxi_e00_r013,TCR(0.10),4.9761,0.100000,2.501228551,3.056789524,0.3353583005,70.00962048,-0.0006370410345,9.103302666e-05,NaN,NaN,NaN,NaN,NaN,NaN
T1-taxi_e00_r013,TCR(0.15),4.6709,0.150000,70.00063212,-2.486472287e-05,5.890805475e-06,2.36683314,3.084796741,0.3307733722,NaN,NaN,NaN,NaN,NaN,NaN
T1-taxi_e00_r013,TCR(0.25),4.0997,0.250000,70.00949911,-0.0004349011233,7.158862529e-06,2.633324174,3.002599323,0.3579897922,NaN,NaN,NaN,NaN,NaN,NaN
T1-taxi_e00_r013,TCR(0.40),3.3821,0.400000,70,-2.627867524e-15,4.671403621e-16,2.92002262,2.931564487,0.3758832088,NaN,NaN,NaN,NaN,NaN,NaN
T1-taxi_e00_r014,TCR(0.05),6.7259,0.050000,1.812297705,3.035834608,0.3753230545,70.00159728,0.0004281208799,-0.0001557173294,NaN,NaN,NaN,NaN,NaN,NaN
T1-taxi_e00_r014,TCR(0.10),4.2144,0.100000,69.99346715,0.000464745494,-5.658783373e-05,2.425163509,3.077511276,0.329405959,NaN,NaN,NaN,NaN,NaN,NaN
T1-taxi_e00_r014,TCR(0.15),4.3543,0.150000,69.99746661,0.0003904893673,-9.06948655e-05,2.521290574,3.079065197,0.3231297497,NaN,NaN,NaN,NaN,NaN,NaN
T1-taxi_e00_r014,TCR(0.25),3.7826,0.250000,2.728092247,3.191428752,0.2475779183,70.00568904,-0.0001192966469,-4.004888799e-05,NaN,NaN,NaN,NaN,NaN,NaN
T1-taxi_e00_r014,TCR(0.40),3.5042,0.400000,2.342839054,3.0144326,0.366412669,70,-4.030760572e-15,-3.283411454e-16,NaN,NaN,NaN,NaN,NaN,NaN
T1-taxi_e00_r015,TCR(0.05),7.1868,0.050000,1.177028884,3.133981915,0.3759648731,69.87475815,0.006376256668,7.543834899e-05,NaN,NaN,NaN,NaN,NaN,NaN
T1-taxi_e00_r015,TCR(0.10),5.2451,0.100000,2.489818837,3.057946065,0.3350293783,69.97676114,0.001097031265,3.089818733e-05,NaN,NaN,NaN,NaN,NaN,NaN
T1-taxi_e00_r015,TCR(0.15),4.2671,0.150000,69.99059669,0.0003842446985,4.057902211e-05,2.485214521,3.069795595,0.3305193831,NaN,NaN,NaN,NaN,NaN,NaN
T1-taxi_e00_r015,TCR(0.25),4.3725,0.250000,70.00760452,-0.0004370800218,4.106845597e-05,2.576656065,3.09376106,0.3184079404,NaN,NaN,NaN,NaN,NaN,NaN
T1-taxi_e00_r015,TCR(0.40),2.7398,0.400000,70,-3.161528325e-14,2.705225673e-16,2.643294627,3.056675125,0.3301267221,NaN,NaN,NaN,NaN,NaN,NaN
T1-taxi_e00_r016,TCR(0.05),7.5156,0.050000,70.17491041,-0.0144965152,0.002041884367,1.257932327,3.151805501,0.3631979106,NaN,NaN,NaN,NaN,NaN,NaN
T1-taxi_e00_r016,TCR(0.10),5.3720,0.100000,69.98641261,0.0006805530389,-7.016196907e-06,2.37062986,3.046952436,0.3393589578,NaN,NaN,NaN,NaN,NaN,NaN
T1-taxi_e00_r016,TCR(0.15),4.5122,0.150000,70.00424529,-0.0001067624728,-2.047567373e-05,2.494799476,3.148348543,0.2838434062,NaN,NaN,NaN,NaN,NaN,NaN
T1-taxi_e00_r016,TCR(0.25),4.3459,0.250000,70.00740113,-0.0002579687356,-1.691793195e-05,2.593654043,3.156858716,0.2745845753,NaN,NaN,NaN,NaN,NaN,NaN
T1-taxi_e00_r016,TCR(0.40),3.2749,0.400000,2.527107122,3.056357175,0.3350904677,70,9.613706526e-15,1.590103759e-15,NaN,NaN,NaN,NaN,NaN,NaN
T1-taxi_e00_r017,TCR(0.05),7.3780,0.050000,70.33656596,-0.01696130415,-0.0001115558072,1.904152238,3.084420883,0.3566696992,NaN,NaN,NaN,NaN,NaN,NaN
T1-taxi_e00_r017,TCR(0.10),5.1477,0.100000,70.01143986,-0.0006507127655,2.063437347e-05,2.523058049,3.041215114,0.340626307,NaN,NaN,NaN,NaN,NaN,NaN
T1-taxi_e00_r017,TCR(0.15),4.7223,0.150000,70.00413148,-0.0002403784321,9.139537985e-06,2.483551989,3.076761901,0.326988927,NaN,NaN,NaN,NaN,NaN,NaN
T1-taxi_e00_r017,TCR(0.25),4.1421,0.250000,2.611469866,3.151536245,0.2807520303,70.00205839,-8.147337213e-05,-3.991704407e-07,NaN,NaN,NaN,NaN,NaN,NaN
T1-taxi_e00_r017,TCR(0.40),2.8765,0.400000,70,-4.635946619e-14,5.321044539e-16,2.914180463,3.254232356,0.2085779912,NaN,NaN,NaN,NaN,NaN,NaN
T1-taxi_e00_r018,TCR(0.05),7.7052,0.050000,70.55644127,-0.02877311735,-0.000235079112,-0.1269410366,3.4252554,0.3075054272,NaN,NaN,NaN,NaN,NaN,NaN
T1-taxi_e00_r018,TCR(0.10),5.1845,0.100000,2.380242986,3.036243387,0.3477908694,69.997544,-0.0001201186922,5.939390254e-05,NaN,NaN,NaN,NaN,NaN,NaN
T1-taxi_e00_r018,TCR(0.15),4.4448,0.150000,69.99861433,0.0001136559911,-1.753875827e-05,2.416587901,3.096210353,0.3201401176,NaN,NaN,NaN,NaN,NaN,NaN
T1-taxi_e00_r018,TCR(0.25),4.3849,0.250000,2.406968395,3.140022692,0.3058090808,70.00363311,-0.0001292180201,-1.398475625e-05,NaN,NaN,NaN,NaN,NaN,NaN
T1-taxi_e00_r018,TCR(0.40),2.9005,0.400000,2.846339946,3.015438863,0.3373849756,70,-9.919042612e-16,3.091450554e-16,NaN,NaN,NaN,NaN,NaN,NaN
T1-taxi_e00_r019,TCR(0.05),6.5424,0.050000,69.89106121,0.005316328687,0.0001031097745,1.48082761,3.144347051,0.3592667849,NaN,NaN,NaN,NaN,NaN,NaN
T1-taxi_e00_r019,TCR(0.10),4.4032,0.100000,2.277949321,3.065826638,0.3387463261,69.99761271,0.0002396649178,-2.46889807e-06,NaN,NaN,NaN,NaN,NaN,NaN
T1-taxi_e00_r019,TCR(0.15),3.7964,0.150000,69.99387553,0.0003599449191,-5.580117529e-06,2.505599881,3.154186103,0.2836386933,NaN,NaN,NaN,NaN,NaN,NaN
T1-taxi_e00_r019,TCR(0.25),3.4404,0.250000,70.00146674,-4.216352287e-05,-2.537855261e-06,2.643074968,3.214380393,0.2464890037,NaN,NaN,NaN,NaN,NaN,NaN
T1-taxi_e00_r019,TCR(0.40),2.5251,0.400000,2.876198563,3.277647258,0.213311916,70,-8.290294098e-14,-6.282469144e-16,NaN,NaN,NaN,NaN,NaN,NaN
T1-taxi_e00_r001,TCR(0.05),7.0611,0.050000,1.396659923,3.360634427,0.2717553162,70.35779786,-0.01837804713,-0.0002561652304,NaN,NaN,NaN,NaN,NaN,NaN
T1-taxi_e00_r001,TCR(0.10),5.0807,0.100000,2.337781543,3.04409987,0.3491124264,70.01512214,-0.0006526878609,-5.256768346e-05,NaN,NaN,NaN,NaN,NaN,NaN
T1-taxi_e00_r001,TCR(0.15),4.1314,0.150000,2.431720099,3.069982786,0.3339752887,70.00414579,-6.421793208e-05,-3.41211872e-05,NaN,NaN,NaN,NaN,NaN,NaN
T1-taxi_e00_r001,TCR(0.25),3.8496,0.250000,70.00540283,-0.0002182627159,-8.466046252e-06,2.673095756,3.166451657,0.2735953157,NaN,NaN,NaN,NaN,NaN,NaN
T1-taxi_e00_r001,TCR(0.40),3.0216,0.400000,2.934343339,3.044256528,0.2976300035,70,-1.933926233e-15,8.444926468e-16,NaN,NaN,NaN,NaN,NaN,NaN
T1-taxi_e00_r002,TCR(0.05),7.1640,0.050000,1.826327667,3.289550317,0.2803181682,69.91842597,0.004518753384,1.888276984e-05,NaN,NaN,NaN,NaN,NaN,NaN
T1-taxi_e00_r002,TCR(0.10),4.8056,0.100000,70.00522294,-0.0002827042463,5.266665373e-06,2.540088068,3.065827428,0.3292856899,NaN,NaN,NaN,NaN,NaN,NaN
T1-taxi_e00_r002,TCR(0.15),4.3108,0.150000,2.520944341,3.122900866,0.3019987211,69.98507084,0.0007454654842,-4.018526532e-06,NaN,NaN,NaN,NaN,NaN,NaN
T1-taxi_e00_r002,TCR(0.25),3.9099,0.250000,2.671988303,3.140374875,0.2813288682,70.00807887,-0.0003575259091,2.08174532e-08,NaN,NaN,NaN,NaN,NaN,NaN
T1-taxi_e00_r002,TCR(0.40),2.6685,0.400000,70,-1.955689786e-14,2.959839974e-17,2.833549688,2.756431229,0.4300664811,NaN,NaN,NaN,NaN,NaN,NaN
T1-taxi_e00_r003,TCR(0.05),7.2942,0.050000,1.438840599,3.216236778,0.3258412364,69.98074764,0.00699931443,-0.002219627302,NaN,NaN,NaN,NaN,NaN,NaN
T1-taxi_e00_r003,TCR(0.10),4.8569,0.100000,69.99302033,0.0003875044859,3.072459467e-06,2.527988437,3.081045651,0.3223539734,NaN,NaN,NaN,NaN,NaN,NaN
T1-taxi_e00_r003,TCR(0.15),4.4678,0.150000,69.9826833,0.0009124570884,-2.199210018e-05,2.641099989,3.124787759,0.2944834328,NaN,NaN,NaN,NaN,NaN,NaN
T1-taxi_e00_r003,TCR(0.25),4.0916,0.250000,70.00244,-9.460515975e-05,-2.701547563e-06,2.73239322,3.192712947,0.2497151121,NaN,NaN,NaN,NaN,NaN,NaN
T1-taxi_e00_r003,TCR(0.40),3.2243,0.400000,2.918511258,2.772266763,0.406337568,70,-3.354651326e-17,-9.200929014e-17,NaN,NaN,NaN,NaN,NaN,NaN
T1-taxi_e00_r004,TCR(0.05),7.5105,0.050000,69.99899374,0.0009052702349,-0.0001099821159,0.9816078702,3.242499971,0.3326183474,NaN,NaN,NaN,NaN,NaN,NaN
T1-taxi_e00_r004,TCR(0.10),5.3491,0.100000,69.98831703,0.0006963467578,-2.814711776e-05,2.358819775,3.057534942,0.3391658979,NaN,NaN,NaN,NaN,NaN,NaN
T1-taxi_e00_r004,TCR(0.15),4.3346,0.150000,2.453826232,3.105364078,0.3112559555,69.99903742,5.111436434e-05,4.117767467e-06,NaN,NaN,NaN,NaN,NaN,NaN
T1-taxi_e00_r004,TCR(0.25),3.7191,0.250000,70.00716851,-0.0002971523903,-5.518618078e-07,2.490818398,3.124505422,0.306915165,NaN,NaN,NaN,NaN,NaN,NaN
T1-taxi_e00_r004,TCR(0.40),2.9845,0.400000,2.917034271,2.871883061,0.3798485044,70,-5.62605346e-14,-7.056324268e-16,NaN,NaN,NaN,NaN,NaN,NaN
T1-taxi_e00_r005,TCR(0.05),7.6512,0.050000,0.3354939841,3.265491805,0.3531564382,70.10896389,-0.00518600644,-9.674865946e-06,NaN,NaN,NaN,NaN,NaN,NaN
T1-taxi_e00_r005,TCR(0.10),5.5289,0.100000,2.450763857,3.064574134,0.3310297771,70.03432711,-0.00168141579,4.813474027e-06,NaN,NaN,NaN,NaN,NaN,NaN
T1-taxi_e00_r005,TCR(0.15),4.5725,0.150000,2.635927142,3.139910202,0.2856106718,70.01372643,-0.0007226244644,-5.525427802e-06,NaN,NaN,NaN,NaN,NaN,NaN
T1-taxi_e00_r005,TCR(0.25),4.0853,0.250000,70.00232957,-7.028023657e-05,-2.099833979e-06,2.680023074,3.162960996,0.2676970643,NaN,NaN,NaN,NaN,NaN,NaN
T1-taxi_e00_r005,TCR(0.40),3.1405,0.400000,70,-3.379195248e-14,2.129709661e-16,2.768336568,2.834127472,0.4119050463,NaN,NaN,NaN,NaN,NaN,NaN
T1-taxi_e00_r006,TCR(0.05),7.2985,0.050000,69.98102933,0.000789102679,0.0001515071457,1.359184794,3.186921205,0.3438785618,NaN,NaN,NaN,NaN,NaN,NaN
T1-taxi_e00_r006,TCR(0.10),4.8337,0.100000,2.462228113,3.022765956,0.3477879764,69.99898402,-0.0001537198223,6.906318788e-05,NaN,NaN,NaN,NaN,NaN,NaN
T1-taxi_e00_r006,TCR(0.15),4.2417,0.150000,2.568149226,3.056954029,0.3263164006,70.00291381,-1.976365591e-05,-3.394089931e-05,NaN,NaN,NaN,NaN,NaN,NaN
T1-taxi_e00_r006,TCR(0.25),4.2750,0.250000,70.00549541,-8.581107565e-05,-4.381848318e-05,2.423766271,3.140507672,0.3065300474,NaN,NaN,NaN,NaN,NaN,NaN
T1-taxi_e00_r006,TCR(0.40),2.6540,0.400000,2.943909615,3.239325591,0.2123342493,70,-5.157954806e-15,-5.62506093e-16,NaN,NaN,NaN,NaN,NaN,NaN
T1-taxi_e00_r007,TCR(0.05),7.1581,0.050000,1.833225428,3.086015004,0.358182856,70.12402501,-0.004344283426,-0.0006675649261,NaN,NaN,NaN,NaN,NaN,NaN
T1-taxi_e00_r007,TCR(0.10),4.8971,0.100000,2.298291269,3.035783851,0.3531387159,70.00082215,-0.0002202326201,7.343269367e-05,NaN,NaN,NaN,NaN,NaN,NaN
T1-taxi_e00_r007,TCR(0.15),4.3463,0.150000,2.269422836,3.051941938,0.3509174006,70.00196815,-0.0002085721891,4.750873741e-05,NaN,NaN,NaN,NaN,NaN,NaN
T1-taxi_e00_r007,TCR(0.25),4.0227,0.250000,70.00488297,-0.0003311941977,4.339927354e-05,2.575047601,3.102198181,0.3090399095,NaN,NaN,NaN,NaN,NaN,NaN
T1-taxi_e00_r007,TCR(0.40),3.1387,0.400000,2.894297903,3.197163187,0.2522812761,70,1.440080942e-14,9.637009814e-17,NaN,NaN,NaN,NaN,NaN,NaN
T1-taxi_e00_r008,TCR(0.05),6.9815,0.050000,1.656198795,3.243730802,0.3147418956,70.07426614,-0.003237991004,-8.424052186e-06,NaN,NaN,NaN,NaN,NaN,NaN
T1-taxi_e00_r008,TCR(0.10),5.1594,0.100000,2.361849846,3.050397252,0.3400534882,70.0194346,-0.001009633219,1.109012686e-05,NaN,NaN,NaN,NaN,NaN,NaN
T1-taxi_e00_r008,TCR(0.15),4.5224,0.150000,70.01838806,-0.0009563773205,-5.361431235e-06,2.480289477,3.073197668,0.3257090493,NaN,NaN,NaN,NaN,NaN,NaN
T1-taxi_e00_r008,TCR(0.25),4.1038,0.250000,70.00391457,-0.0001453255127,-2.24624356e-06,2.609894715,3.055525154,0.3269397307,NaN,NaN,NaN,NaN,NaN,NaN
T1-taxi_e00_r008,TCR(0.40),3.0276,0.400000,70,-2.954855873e-14,-8.041360947e-16,2.884945726,2.885803683,0.3647082206,NaN,NaN,NaN,NaN,NaN,NaN
T1-taxi_e00_r009,TCR(0.05),6.9009,0.050000,70.03183016,-0.001996970613,0.0001935443587,1.433645611,3.290563064,0.2973612571,NaN,NaN,NaN,NaN,NaN,NaN
T1-taxi_e00_r009,TCR(0.10),4.8523,0.100000,2.426214491,3.089104852,0.3231500873,70.00461649,-0.0008705394787,0.0002402068204,NaN,NaN,NaN,NaN,NaN,NaN
T1-taxi_e00_r009,TCR(0.15),4.3245,0.150000,2.2796036,3.126888578,0.3103060766,69.99881987,-0.0003604994643,0.0001695789943,NaN,NaN,NaN,NaN,NaN,NaN
T1-taxi_e00_r009,TCR(0.25),4.1606,0.250000,70.00630353,-0.0006959028757,0.0001722236683,2.579446691,3.104539131,0.3014347884,NaN,NaN,NaN,NaN,NaN,NaN
T1-taxi_e00_r009,TCR(0.40),3.0960,0.400000,70,-5.807096846e-15,-4.763235778e-16,2.775179384,2.796186294,0.4025661969,NaN,NaN,NaN,NaN,NaN,NaN
