data,seed,changed,a1,a2,b0_1,b1_1,b0_2,b1_2
fishery,0,True,0.11367127496159754,0.026113671274961597,2.1570468886461223,0.9551985413503864,2.777063039258084,0.9457364852023341
fishery,1,True,0.10906298003072197,0.026113671274961597,2.160947710516612,0.9547130797595127,2.777063039258084,0.9457364852023341
fishery,2,False,0.1152073732718894,0.1152073732718894,2.584404264065236,0.976544139268837,2.8454505460097717,0.9477597271733083
fishery,3,True,0.10906298003072197,0.026113671274961597,2.1570468886461223,0.9551985413503864,2.779226653463008,0.9449935525773927
fishery,4,True,0.10752688172043011,0.026113671274961597,2.1570468886461223,0.9551985413503864,2.779226653463008,0.9449935525773927
fishery,5,True,0.09984639016897082,0.026113671274961597,2.1570468886461223,0.9551985413503864,2.779226653463008,0.9449935525773927
fishery,6,True,0.10906298003072197,0.026113671274961597,2.160947710516612,0.9547130797595127,2.777063039258084,0.9457364852023341
fishery,7,True,0.09831029185867896,0.026113671274961597,2.1570468886461223,0.9551985413503864,2.779226653463008,0.9449935525773927
fishery,8,True,0.11367127496159754,0.026113671274961597,2.1570468886461223,0.9551985413503864,2.777063039258084,0.9457364852023341
fishery,9,True,0.10906298003072197,0.026113671274961597,2.1570468886461223,0.9551985413503864,2.779226653463008,0.9449935525773927
fishery,10,True,0.1152073732718894,0.026113671274961597,2.1570468886461223,0.9551985413503864,2.777063039258084,0.9457364852023341
fishery,11,True,0.09831029185867896,0.02457757296466974,2.160947710516612,0.9547130797595127,2.779226653463008,0.9449935525773927
fishery,12,True,0.09831029185867896,0.026113671274961597,2.1570468886461223,0.9551985413503864,2.779226653463008,0.9449935525773927
fishery,13,True,0.10599078341013825,0.02457757296466974,2.160947710516612,0.9547130797595127,2.779226653463008,0.9449935525773927
fishery,14,True,0.09831029185867896,0.026113671274961597,2.1570468886461223,0.9551985413503864,2.779226653463008,0.9449935525773927
fishery,15,True,0.10906298003072197,0.026113671274961597,2.1570468886461223,0.9551985413503864,2.779226653463008,0.9449935525773927
fishery,16,True,0.10906298003072197,0.02457757296466974,2.160947710516612,0.9547130797595127,2.779226653463008,0.9449935525773927
fishery,17,True,0.09831029185867896,0.026113671274961597,2.1570468886461223,0.9551985413503864,2.779226653463008,0.9449935525773927
fishery,18,True,0.10906298003072197,0.026113671274961597,2.1570468886461223,0.9551985413503864,2.779226653463008,0.9449935525773927
fishery,19,True,0.11213517665130568,0.02457757296466974,2.160947710516612,0.9547130797595127,2.779226653463008,0.9449935525773927
tone_clean,0,False,0.26666666666666666,0.26666666666666666,1.9729134758782008,0.020865185370280852,0.02684903225810428,0.9867870967741743
tone_clean,1,False,0.25333333333333335,0.25333333333333335,1.9729134758782008,0.020865185370280852,0.023163774086584342,0.9884006486102177
tone_clean,2,False,0.25333333333333335,0.25333333333333335,1.9684069894464318,0.023410846941691547,0.023163774086584342,0.9884006486102177
tone_clean,3,False,0.25333333333333335,0.25333333333333335,1.9729134758782008,0.020865185370280852,0.023163774086584342,0.9884006486102177
tone_clean,4,False,0.25333333333333335,0.25333333333333335,1.9684069894464318,0.023410846941691547,0.023163774086584342,0.9884006486102177
tone_clean,5,False,0.25333333333333335,0.25333333333333335,1.9729134758782008,0.020865185370280852,0.023163774086584342,0.9884006486102177
tone_clean,6,False,0.25333333333333335,0.25333333333333335,1.9729134758782008,0.020865185370280852,0.023163774086584342,0.9884006486102177
tone_clean,7,False,0.26666666666666666,0.26666666666666666,1.9729134758782008,0.020865185370280852,0.02684903225810428,0.9867870967741743
tone_clean,8,False,0.25333333333333335,0.25333333333333335,1.9729134758782008,0.020865185370280852,0.023163774086584342,0.9884006486102177
tone_clean,9,False,0.25333333333333335,0.25333333333333335,1.9729134758782008,0.020865185370280852,0.023163774086584342,0.9884006486102177
tone_clean,10,False,0.25333333333333335,0.25333333333333335,1.9684069894464318,0.023410846941691547,0.023163774086584342,0.9884006486102177
tone_clean,11,False,0.25333333333333335,0.25333333333333335,1.9729134758782008,0.020865185370280852,0.023163774086584342,0.9884006486102177
tone_clean,12,False,0.26666666666666666,0.26666666666666666,1.9684069894464318,0.023410846941691547,0.02684903225810428,0.9867870967741743
tone_clean,13,False,0.26666666666666666,0.26666666666666666,1.9684069894464318,0.023410846941691547,0.02684903225810428,0.9867870967741743
tone_clean,14,False,0.25333333333333335,0.25333333333333335,1.9729134758782008,0.020865185370280852,0.023163774086584342,0.9884006486102177
tone_clean,15,False,0.25333333333333335,0.25333333333333335,1.9729134758782008,0.020865185370280852,0.023163774086584342,0.9884006486102177
tone_clean,16,False,0.25333333333333335,0.25333333333333335,1.9729134758782008,0.020865185370280852,0.023163774086584342,0.9884006486102177
tone_clean,17,False,0.26666666666666666,0.26666666666666666,1.9684069894464318,0.023410846941691547,0.02684903225810428,0.9867870967741743
tone_clean,18,False,0.25333333333333335,0.25333333333333335,1.9684069894464318,0.023410846941691547,0.023163774086584342,0.9884006486102177
tone_clean,19,False,0.25333333333333335,0.25333333333333335,1.9729134758782008,0.020865185370280852,0.023163774086584342,0.9884006486102177
tone_out,0,False,0.29375,0.29375,1.9684069894464318,0.023410846941691547,0.023163774086584342,0.9884006486102177
tone_out,1,False,0.29375,0.29375,1.9684069894464318,0.023410846941691547,0.023163774086584342,0.9884006486102177
tone_out,2,False,0.30625,0.30625,1.9684069894464318,0.023410846941691547,0.02684903225810428,0.9867870967741743
tone_out,3,False,0.29375,0.29375,1.9684069894464318,0.023410846941691547,0.023163774086584342,0.9884006486102177
tone_out,4,False,0.30625,0.30625,1.9729134758782008,0.020865185370280852,0.02684903225810428,0.9867870967741743
tone_out,5,False,0.30625,0.30625,1.9684069894464318,0.023410846941691547,0.02684903225810428,0.9867870967741743
tone_out,6,False,0.29375,0.29375,1.9684069894464318,0.023410846941691547,0.023163774086584342,0.9884006486102177
tone_out,7,False,0.30625,0.30625,1.9684069894464318,0.023410846941691547,0.02684903225810428,0.9867870967741743
tone_out,8,False,0.29375,0.29375,1.9684069894464318,0.023410846941691547,0.023163774086584342,0.9884006486102177
tone_out,9,False,0.29375,0.29375,1.9729134758782008,0.020865185370280852,0.023163774086584342,0.9884006486102177
tone_out,10,False,0.30625,0.30625,1.9684069894464318,0.023410846941691547,0.02684903225810428,0.9867870967741743
tone_out,11,False,0.29375,0.29375,1.9684069894464318,0.023410846941691547,0.023163774086584342,0.9884006486102177
tone_out,12,False,0.30625,0.30625,1.9684069894464318,0.023410846941691547,0.02684903225810428,0.9867870967741743
tone_out,13,False,0.30625,0.30625,1.9684069894464318,0.023410846941691547,0.02684903225810428,0.9867870967741743
tone_out,14,False,0.29375,0.29375,1.9729134758782008,0.020865185370280852,0.023163774086584342,0.9884006486102177
tone_out,15,False,0.29375,0.29375,1.9684069894464318,0.023410846941691547,0.023163774086584342,0.9884006486102177
tone_out,16,False,0.29375,0.29375,1.9684069894464318,0.023410846941691547,0.023163774086584342,0.9884006486102177
tone_out,17,False,0.29375,0.29375,1.9684069894464318,0.023410846941691547,0.023163774086584342,0.9884006486102177
tone_out,18,False,0.29375,0.29375,1.9684069894464318,0.023410846941691547,0.023163774086584342,0.9884006486102177
tone_out,19,False,0.29375,0.29375,1.9684069894464318,0.023410846941691547,0.023163774086584342,0.9884006486102177
