alpha,seed,b0_1,b1_1,b0_2,b1_2,trimmed
0.02,1,2.208009,0.934668,2.780607,0.941974,0.019969
0.02,2,2.208009,0.934668,2.780607,0.941974,0.019969
0.02,3,2.208009,0.934668,2.780607,0.941974,0.019969
0.02,4,2.208009,0.934668,2.780607,0.941974,0.019969
0.02,5,2.208009,0.934668,2.780607,0.941974,0.019969
0.02,6,2.208009,0.934668,2.780607,0.941974,0.019969
0.02,7,2.208009,0.934668,2.780607,0.941974,0.019969
0.02,8,2.208009,0.934668,2.780607,0.941974,0.019969
0.02,9,2.208009,0.934668,2.780607,0.941974,0.019969
0.02,10,2.208009,0.934668,2.780607,0.941974,0.019969
0.04,1,2.249648,0.916215,2.779239,0.940179,0.039939
0.04,2,2.249648,0.916215,2.779239,0.940179,0.039939
0.04,3,2.249648,0.916215,2.779239,0.940179,0.039939
0.04,4,2.249648,0.916215,2.779239,0.940179,0.039939
0.04,5,2.249648,0.916215,2.779239,0.940179,0.039939
0.04,6,2.249648,0.916215,2.779239,0.940179,0.039939
0.04,7,2.249648,0.916215,2.779239,0.940179,0.039939
0.04,8,2.249648,0.916215,2.779239,0.940179,0.039939
0.04,9,2.249648,0.916215,2.779239,0.940179,0.039939
0.04,10,2.249648,0.916215,2.779239,0.940179,0.039939
0.06,1,2.243175,0.919917,2.775623,0.943652,0.059908
0.06,2,2.243175,0.919917,2.775623,0.943652,0.059908
0.06,3,2.243175,0.919917,2.775623,0.943652,0.059908
0.06,4,2.243175,0.919917,2.775623,0.943652,0.059908
0.06,5,2.243175,0.919917,2.775623,0.943652,0.059908
0.06,6,2.243175,0.919917,2.775623,0.943652,0.059908
0.06,7,2.243175,0.919917,2.775623,0.943652,0.059908
0.06,8,2.243175,0.919917,2.775623,0.943652,0.059908
0.06,9,2.243175,0.919917,2.775623,0.943652,0.059908
0.06,10,2.243175,0.919917,2.775623,0.943652,0.059908
0.08,1,2.220204,0.919135,2.776406,0.943977,0.079877
0.08,2,2.218983,0.920036,2.775402,0.943806,0.079877
0.08,3,2.229900,0.917587,2.775197,0.944390,0.079877
0.08,4,2.218983,0.920036,2.775402,0.943806,0.079877
0.08,5,2.217641,0.921482,2.776406,0.943977,0.079877
0.08,6,2.235275,0.916936,2.775453,0.944206,0.079877
0.08,7,2.218983,0.920036,2.775402,0.943806,0.079877
0.08,8,2.220204,0.919135,2.776406,0.943977,0.079877
0.08,9,2.218983,0.920036,2.775402,0.943806,0.079877
0.08,10,2.222947,0.918977,2.775453,0.944206,0.079877
0.10,1,1.914523,0.991604,2.773337,0.945641,0.099846
0.10,2,2.228090,0.918055,2.774148,0.945484,0.099846
0.10,3,2.228090,0.918055,2.774148,0.945484,0.099846
0.10,4,2.313639,0.900510,2.773754,0.944935,0.099846
0.10,5,2.313639,0.900510,2.773754,0.944935,0.099846
0.10,6,2.314660,0.960477,2.775197,0.944390,0.099846
0.10,7,2.318073,0.959665,2.776406,0.943977,0.099846
0.10,8,2.367022,0.958926,2.773631,0.946581,0.099846
0.10,9,2.212206,0.920491,2.773889,0.945662,0.099846
0.10,10,2.305345,0.962235,2.776406,0.943977,0.099846
0.15,1,2.775494,0.947517,2.792494,0.794112,0.149002
0.15,2,2.498150,0.944679,2.787695,0.943876,0.149002
0.15,3,1.813909,0.383485,2.779483,0.945143,0.149002
0.15,4,2.773839,0.948269,2.797045,0.794116,0.149002
0.15,5,2.498150,0.944679,2.787695,0.943876,0.149002
0.15,6,2.420717,0.877330,2.786395,0.942982,0.149002
0.15,7,2.429079,0.878256,2.789202,0.941719,0.149002
0.15,8,2.432135,0.874659,2.790130,0.941078,0.149002
0.15,9,2.778302,0.945918,2.803421,0.790386,0.149002
0.15,10,2.775874,0.946902,2.835356,0.819154,0.149002
0.20,1,2.577055,0.961382,2.804161,0.945690,0.199693
0.20,2,2.615754,1.042747,2.782697,0.945518,0.199693
0.20,3,2.565302,0.990446,2.782909,0.945382,0.199693
0.20,4,2.776855,0.947517,2.790548,0.810717,0.199693
0.20,5,2.576035,0.937398,2.799964,0.941691,0.199693
0.20,6,2.720869,0.807852,2.781116,0.945944,0.199693
0.20,7,2.777019,0.813571,2.778896,0.946484,0.199693
0.20,8,2.622006,0.886479,2.782909,0.945382,0.199693
0.20,9,2.563200,0.984215,2.783320,0.945411,0.199693
0.20,10,2.617365,1.072119,2.781116,0.945944,0.199693
0.25,1,2.611960,0.953460,2.803475,0.946025,0.248848
0.25,2,2.548321,0.971612,2.790205,0.949273,0.248848
0.25,3,2.784720,0.946017,2.870986,0.861136,0.248848
0.25,4,2.614764,1.005587,2.793226,0.943765,0.248848
0.25,5,2.750788,0.867495,2.790693,0.944350,0.248848
0.25,6,2.611320,0.974874,2.796584,0.942728,0.248848
0.25,7,2.586889,0.961351,2.800210,0.946565,0.248848
0.25,8,2.787992,0.945262,2.851548,0.843567,0.248848
0.25,9,2.615808,1.006280,2.792610,0.943910,0.248848
0.25,10,2.583604,0.960820,2.791106,0.948931,0.248848
0.30,1,2.635344,0.945490,2.800453,0.944718,0.299539
0.30,2,2.552480,0.971409,2.784520,0.949568,0.299539
0.30,3,2.667097,0.937461,2.823818,0.938753,0.299539
0.30,4,2.598873,1.025969,2.786936,0.945448,0.299539
0.30,5,2.550744,0.974020,2.788458,0.948068,0.299539
0.30,6,2.660408,0.939697,2.818470,0.940484,0.299539
0.30,7,2.633184,0.926482,2.805519,0.941788,0.299539
0.30,8,2.672854,1.006786,2.805797,0.939300,0.299539
0.30,9,2.648277,0.944519,2.810452,0.943203,0.299539
0.30,10,2.598569,0.958170,2.793826,0.946719,0.299539
