name,K,rseed
H1-K2cross-t3_e00_r000,2,112789
H1-K2cross-t3_e10_r000,2,374010
H1-K2cross-t3_e20_r000,2,305226
H2-unequal-t3_e00_r000,2,560748
H2-unequal-t3_e10_r000,2,683971
H2-unequal-t3_e20_r000,2,733107
H1-K2cross-t3_e00_r001,2,72939
H1-K2cross-t3_e10_r001,2,530116
H1-K2cross-t3_e20_r001,2,81268
H2-unequal-t3_e00_r001,2,117074
H2-unequal-t3_e10_r001,2,533245
H2-unequal-t3_e20_r001,2,951693
H1-K2cross-t3_e00_r002,2,942632
H1-K2cross-t3_e10_r002,2,544135
H1-K2cross-t3_e20_r002,2,198327
H2-unequal-t3_e00_r002,2,380497
H2-unequal-t3_e10_r002,2,281342
H2-unequal-t3_e20_r002,2,810382
H1-K2cross-t3_e00_r003,2,921878
H1-K2cross-t3_e10_r003,2,339449
H1-K2cross-t3_e20_r003,2,557961
H2-unequal-t3_e00_r003,2,733231
H2-unequal-t3_e10_r003,2,546816
H2-unequal-t3_e20_r003,2,389936
H1-K2cross-t3_e00_r004,2,651119
H1-K2cross-t3_e10_r004,2,928768
H1-K2cross-t3_e20_r004,2,361840
H2-unequal-t3_e00_r004,2,97046
H2-unequal-t3_e10_r004,2,496377
H2-unequal-t3_e20_r004,2,47177
H1-K2cross-t3_e00_r005,2,842897
H1-K2cross-t3_e10_r005,2,633150
H1-K2cross-t3_e20_r005,2,716110
H2-unequal-t3_e00_r005,2,500456
H2-unequal-t3_e10_r005,2,767239
H2-unequal-t3_e20_r005,2,717687
H1-K2cross-t3_e00_r006,2,55250
H1-K2cross-t3_e10_r006,2,878525
H1-K2cross-t3_e20_r006,2,348877
H2-unequal-t3_e00_r006,2,657003
H2-unequal-t3_e10_r006,2,261764
H2-unequal-t3_e20_r006,2,607156
H1-K2cross-t3_e00_r007,2,597868
H1-K2cross-t3_e10_r007,2,444675
H1-K2cross-t3_e20_r007,2,618547
H2-unequal-t3_e00_r007,2,633941
H2-unequal-t3_e10_r007,2,617402
H2-unequal-t3_e20_r007,2,415690
H1-K2cross-t3_e00_r008,2,72609
H1-K2cross-t3_e10_r008,2,443214
H1-K2cross-t3_e20_r008,2,493566
H2-unequal-t3_e00_r008,2,725272
H2-unequal-t3_e10_r008,2,966135
H2-unequal-t3_e20_r008,2,931271
H1-K2cross-t3_e00_r009,2,541855
H1-K2cross-t3_e10_r009,2,837360
H1-K2cross-t3_e20_r009,2,254336
H2-unequal-t3_e00_r009,2,785702
H2-unequal-t3_e10_r009,2,612745
H2-unequal-t3_e20_r009,2,129721
H1-K2cross-t3_e00_r010,2,254136
H1-K2cross-t3_e10_r010,2,26301
H1-K2cross-t3_e20_r010,2,543795
H2-unequal-t3_e00_r010,2,276153
H2-unequal-t3_e10_r010,2,459516
H2-unequal-t3_e20_r010,2,453042
H1-K2cross-t3_e00_r011,2,593414
H1-K2cross-t3_e10_r011,2,207427
H1-K2cross-t3_e20_r011,2,768525
H2-unequal-t3_e00_r011,2,860935
H2-unequal-t3_e10_r011,2,354114
H2-unequal-t3_e20_r011,2,185100
H1-K2cross-t3_e00_r012,2,437893
H1-K2cross-t3_e10_r012,2,167808
H1-K2cross-t3_e20_r012,2,823438
H2-unequal-t3_e00_r012,2,683396
H2-unequal-t3_e10_r012,2,726785
H2-unequal-t3_e20_r012,2,701199
H1-K2cross-t3_e00_r013,2,861947
H1-K2cross-t3_e10_r013,2,487166
H1-K2cross-t3_e20_r013,2,910128
H2-unequal-t3_e00_r013,2,64634
H2-unequal-t3_e10_r013,2,602367
H2-unequal-t3_e20_r013,2,452465
H1-K2cross-t3_e00_r014,2,811650
H1-K2cross-t3_e10_r014,2,728967
H1-K2cross-t3_e20_r014,2,843337
H2-unequal-t3_e00_r014,2,262531
H2-unequal-t3_e10_r014,2,115334
H2-unequal-t3_e20_r014,2,925896
H1-K2cross-t3_e00_r015,2,858428
H1-K2cross-t3_e10_r015,2,458361
H1-K2cross-t3_e20_r015,2,519991
H2-unequal-t3_e00_r015,2,823549
H2-unequal-t3_e10_r015,2,778360
H2-unequal-t3_e20_r015,2,889718
H1-K2cross-t3_e00_r016,2,958463
H1-K2cross-t3_e10_r016,2,256890
H1-K2cross-t3_e20_r016,2,732148
H2-unequal-t3_e00_r016,2,283582
H2-unequal-t3_e10_r016,2,419771
H2-unequal-t3_e20_r016,2,879541
H1-K2cross-t3_e00_r017,2,421441
H1-K2cross-t3_e10_r017,2,347076
H1-K2cross-t3_e20_r017,2,47818
H2-unequal-t3_e00_r017,2,418048
H2-unequal-t3_e10_r017,2,731909
H2-unequal-t3_e20_r017,2,194059
H1-K2cross-t3_e00_r018,2,907276
H1-K2cross-t3_e10_r018,2,783753
H1-K2cross-t3_e20_r018,2,235591
H2-unequal-t3_e00_r018,2,942477
H2-unequal-t3_e10_r018,2,382152
H2-unequal-t3_e20_r018,2,886662
H1-K2cross-t3_e00_r019,2,514738
H1-K2cross-t3_e10_r019,2,137399
H1-K2cross-t3_e20_r019,2,505721
H2-unequal-t3_e00_r019,2,813683
H2-unequal-t3_e10_r019,2,550006
H2-unequal-t3_e20_r019,2,127928
H1-K2cross-t3_e00_r020,2,720825
H1-K2cross-t3_e10_r020,2,734460
H1-K2cross-t3_e20_r020,2,640306
H2-unequal-t3_e00_r020,2,467704
H2-unequal-t3_e10_r020,2,93117
H2-unequal-t3_e20_r020,2,14771
H1-K2cross-t3_e00_r021,2,801287
H1-K2cross-t3_e10_r021,2,432002
H1-K2cross-t3_e20_r021,2,350668
H2-unequal-t3_e00_r021,2,994822
H2-unequal-t3_e10_r021,2,787779
H2-unequal-t3_e20_r021,2,944717
H1-K2cross-t3_e00_r022,2,965828
H1-K2cross-t3_e10_r022,2,426113
H1-K2cross-t3_e20_r022,2,758415
H2-unequal-t3_e00_r022,2,259269
H2-unequal-t3_e10_r022,2,364672
H2-unequal-t3_e20_r022,2,870030
H1-K2cross-t3_e00_r023,2,397178
H1-K2cross-t3_e10_r023,2,550207
H1-K2cross-t3_e20_r023,2,42417
H2-unequal-t3_e00_r023,2,425595
H2-unequal-t3_e10_r023,2,643134
H2-unequal-t3_e20_r023,2,216368
H1-K2cross-t3_e00_r024,2,180035
H1-K2cross-t3_e10_r024,2,179590
H1-K2cross-t3_e20_r024,2,585992
H2-unequal-t3_e00_r024,2,235906
H2-unequal-t3_e10_r024,2,322951
H2-unequal-t3_e20_r024,2,525001
H1-K2cross-t3_e00_r025,2,553213
H1-K2cross-t3_e10_r025,2,329080
H1-K2cross-t3_e20_r025,2,844598
H2-unequal-t3_e00_r025,2,787004
H2-unequal-t3_e10_r025,2,249401
H2-unequal-t3_e20_r025,2,223351
H1-K2cross-t3_e00_r026,2,331134
H1-K2cross-t3_e10_r026,2,91835
H1-K2cross-t3_e20_r026,2,701877
H2-unequal-t3_e00_r026,2,807103
H2-unequal-t3_e10_r026,2,688634
H2-unequal-t3_e20_r026,2,806004
H1-K2cross-t3_e00_r027,2,723328
H1-K2cross-t3_e10_r027,2,444869
H1-K2cross-t3_e20_r027,2,756747
H2-unequal-t3_e00_r027,2,219969
H2-unequal-t3_e10_r027,2,530308
H2-unequal-t3_e20_r027,2,588938
H1-K2cross-t3_e00_r028,2,662285
H1-K2cross-t3_e10_r028,2,426376
H1-K2cross-t3_e20_r028,2,397638
H2-unequal-t3_e00_r028,2,400140
H2-unequal-t3_e10_r028,2,526857
H2-unequal-t3_e20_r028,2,937287
H1-K2cross-t3_e00_r029,2,692467
H1-K2cross-t3_e10_r029,2,169334
H1-K2cross-t3_e20_r029,2,280504
H2-unequal-t3_e00_r029,2,423282
H2-unequal-t3_e10_r029,2,730743
H2-unequal-t3_e20_r029,2,140473
H1-K2cross-t3_e00_r030,2,925113
H1-K2cross-t3_e10_r030,2,484540
H1-K2cross-t3_e20_r030,2,988722
H2-unequal-t3_e00_r030,2,409784
H2-unequal-t3_e10_r030,2,99261
H2-unequal-t3_e20_r030,2,73907
H1-K2cross-t3_e00_r031,2,968455
H1-K2cross-t3_e10_r031,2,217154
H1-K2cross-t3_e20_r031,2,630284
H2-unequal-t3_e00_r031,2,452294
H2-unequal-t3_e10_r031,2,280579
H2-unequal-t3_e20_r031,2,485517
H1-K2cross-t3_e00_r032,2,496196
H1-K2cross-t3_e10_r032,2,850113
H1-K2cross-t3_e20_r032,2,269647
H2-unequal-t3_e00_r032,2,560773
H2-unequal-t3_e10_r032,2,11392
H2-unequal-t3_e20_r032,2,189710
H1-K2cross-t3_e00_r033,2,401530
H1-K2cross-t3_e10_r033,2,498175
H1-K2cross-t3_e20_r033,2,995953
H2-unequal-t3_e00_r033,2,622523
H2-unequal-t3_e10_r033,2,396478
H2-unequal-t3_e20_r033,2,397744
H1-K2cross-t3_e00_r034,2,983491
H1-K2cross-t3_e10_r034,2,427910
H1-K2cross-t3_e20_r034,2,305096
H2-unequal-t3_e00_r034,2,252866
H2-unequal-t3_e10_r034,2,351623
H2-unequal-t3_e20_r034,2,430537
H1-K2cross-t3_e00_r035,2,349693
H1-K2cross-t3_e10_r035,2,582328
H1-K2cross-t3_e20_r035,2,525046
H2-unequal-t3_e00_r035,2,398076
H2-unequal-t3_e10_r035,2,686009
H2-unequal-t3_e20_r035,2,689271
H1-K2cross-t3_e00_r036,2,775166
H1-K2cross-t3_e10_r036,2,699579
H1-K2cross-t3_e20_r036,2,160437
H2-unequal-t3_e00_r036,2,497983
H2-unequal-t3_e10_r036,2,43386
H2-unequal-t3_e20_r036,2,548724
H1-K2cross-t3_e00_r037,2,780352
H1-K2cross-t3_e10_r037,2,437573
H1-K2cross-t3_e20_r037,2,796619
H2-unequal-t3_e00_r037,2,993857
H2-unequal-t3_e10_r037,2,804100
H2-unequal-t3_e20_r037,2,380938
H1-K2cross-t3_e00_r038,2,843405
H1-K2cross-t3_e10_r038,2,199880
H1-K2cross-t3_e20_r038,2,674054
H2-unequal-t3_e00_r038,2,811724
H2-unequal-t3_e10_r038,2,63753
H2-unequal-t3_e20_r038,2,514247
H1-K2cross-t3_e00_r039,2,932147
H1-K2cross-t3_e10_r039,2,882230
H1-K2cross-t3_e20_r039,2,583800
H2-unequal-t3_e00_r039,2,363442
H2-unequal-t3_e10_r039,2,741111
H2-unequal-t3_e20_r039,2,212281
H1-K2cross-t3_e00_r040,2,920634
H1-K2cross-t3_e10_r040,2,119103
H1-K2cross-t3_e20_r040,2,591089
H2-unequal-t3_e00_r040,2,570363
H2-unequal-t3_e10_r040,2,405758
H2-unequal-t3_e20_r040,2,336176
H1-K2cross-t3_e00_r041,2,434052
H1-K2cross-t3_e10_r041,2,865281
H1-K2cross-t3_e20_r041,2,218063
H2-unequal-t3_e00_r041,2,122565
H2-unequal-t3_e10_r041,2,593728
H2-unequal-t3_e20_r041,2,742158
H1-K2cross-t3_e00_r042,2,77383
H1-K2cross-t3_e10_r042,2,248258
H1-K2cross-t3_e20_r042,2,635596
H2-unequal-t3_e00_r042,2,941382
H2-unequal-t3_e10_r042,2,748611
H2-unequal-t3_e20_r042,2,882701
H1-K2cross-t3_e00_r043,2,452793
H1-K2cross-t3_e10_r043,2,909884
H1-K2cross-t3_e20_r043,2,347314
H2-unequal-t3_e00_r043,2,512824
H2-unequal-t3_e10_r043,2,140349
H2-unequal-t3_e20_r043,2,85107
H1-K2cross-t3_e00_r044,2,332800
H1-K2cross-t3_e10_r044,2,960773
H1-K2cross-t3_e20_r044,2,358411
H2-unequal-t3_e00_r044,2,942273
H2-unequal-t3_e10_r044,2,682884
H2-unequal-t3_e20_r044,2,318794
H1-K2cross-t3_e00_r045,2,713598
H1-K2cross-t3_e10_r045,2,584251
H1-K2cross-t3_e20_r045,2,108277
H2-unequal-t3_e00_r045,2,93119
H2-unequal-t3_e10_r045,2,527994
H2-unequal-t3_e20_r045,2,67828
H1-K2cross-t3_e00_r046,2,360893
H1-K2cross-t3_e10_r046,2,646776
H1-K2cross-t3_e20_r046,2,628086
H2-unequal-t3_e00_r046,2,756668
H2-unequal-t3_e10_r046,2,154617
H2-unequal-t3_e20_r046,2,216951
H1-K2cross-t3_e00_r047,2,380675
H1-K2cross-t3_e10_r047,2,853830
H1-K2cross-t3_e20_r047,2,794184
H2-unequal-t3_e00_r047,2,258178
H2-unequal-t3_e10_r047,2,426055
H2-unequal-t3_e20_r047,2,539465
H1-K2cross-t3_e00_r048,2,902734
H1-K2cross-t3_e10_r048,2,508491
H1-K2cross-t3_e20_r048,2,534533
H2-unequal-t3_e00_r048,2,822543
H2-unequal-t3_e10_r048,2,782154
H2-unequal-t3_e20_r048,2,821060
H1-K2cross-t3_e00_r049,2,876976
H1-K2cross-t3_e10_r049,2,788981
H1-K2cross-t3_e20_r049,2,845115
H2-unequal-t3_e00_r049,2,250801
H2-unequal-t3_e10_r049,2,99316
H2-unequal-t3_e20_r049,2,880314
