design,eps,alg1,proc,gain,gain_se,best,bestacc,diff,se,a,b,c
G1f-small20,0.0,0.8211333333333332,0.9119333333333333,0.09079999999999998,0.0216342635775803,CNmix,0.9139999999999999,-0.002066666666666659,0.0006590723914969891,True,True,True
G1f-small20,0.1,0.8166330507375605,0.9049469460519661,0.08831389531440557,0.022553370818803344,TCR(0.15),0.910157031127392,-0.005210085075426007,0.004210409625739434,True,True,True
G1f-small20,0.2,0.7302323130763075,0.8885180417096379,0.15828572863333035,0.02583743737633047,TCR(0.25),0.9142360248788975,-0.025717983169259613,0.013195759096122575,True,True,True
G2f-small15,0.0,0.6633333333333333,0.9100666666666666,0.24673333333333333,0.02450498399025822,CNmix,0.9124666666666665,-0.002400000000000009,0.0010214923944984343,True,True,True
G2f-small15,0.1,0.6172147575244191,0.8952322774547329,0.27801751993031376,0.02270698787603951,CNmix,0.9130558627468781,-0.017823585292145165,0.01110877761936176,True,True,True
G2f-small15,0.2,0.6155664710374613,0.8817033128429,0.26613684180543873,0.02396134137582708,NoiseMix,0.9075026933868852,-0.025799380543985055,0.01207070950153612,True,True,True
G4-small20-p3,0.0,0.7731999999999999,0.9094,0.1362,0.02532205441723276,bisq,0.9126666666666666,-0.0032666666666666777,0.0009735271449943303,True,True,True
G4-small20-p3,0.1,0.7320270445416927,0.912417726581761,0.1803906820400684,0.025383937359148574,CNmix,0.914762566292116,-0.0023448397103550934,0.001312161583661574,True,True,True
G4-small20-p3,0.2,0.6750100562013612,0.8300239882402954,0.1550139320389341,0.025454727411125592,CNmix,0.9082595893928418,-0.07823560115254662,0.02113162666614054,True,True,False
G5-small15-par,0.0,0.8598,0.9984666666666668,0.13866666666666666,0.027730154187223077,TLE(0.10),0.9986666666666667,-0.00019999999999998242,0.0001999999999999945,True,True,True
G5-small15-par,0.1,0.7211230479498293,0.9990347598671906,0.27791171191736125,0.028840959684312134,CNmix,0.9991038647612277,-6.910489403713749e-05,0.0001322079182080455,True,True,True
G5-small15-par,0.2,0.6973775638366422,0.8802890975652045,0.18291153372856223,0.029796115977104236,TCR(0.25),0.9985679839867939,-0.11827888642158933,0.025718111649248875,True,True,False
