name,K,study,design,eps,rep
s1/D1-K2cross_e10_r000,2,1,D1-K2cross,0.1,0
s1/D1-K2cross_e10_r001,2,1,D1-K2cross,0.1,1
s1/D1-K2cross_e10_r002,2,1,D1-K2cross,0.1,2
s1/D1-K2cross_e10_r003,2,1,D1-K2cross,0.1,3
s1/D1-K2cross_e10_r004,2,1,D1-K2cross,0.1,4
s1/D1-K2cross_e10_r005,2,1,D1-K2cross,0.1,5
s1/D1-K2cross_e10_r006,2,1,D1-K2cross,0.1,6
s1/D1-K2cross_e10_r007,2,1,D1-K2cross,0.1,7
s1/D1-K2cross_e10_r008,2,1,D1-K2cross,0.1,8
s1/D1-K2cross_e10_r009,2,1,D1-K2cross,0.1,9
s1/D2-K3par_e10_r000,3,1,D2-K3par,0.1,0
s1/D2-K3par_e10_r001,3,1,D2-K3par,0.1,1
s1/D2-K3par_e10_r002,3,1,D2-K3par,0.1,2
s1/D2-K3par_e10_r003,3,1,D2-K3par,0.1,3
s1/D2-K3par_e10_r004,3,1,D2-K3par,0.1,4
s1/D2-K3par_e10_r005,3,1,D2-K3par,0.1,5
s1/D2-K3par_e10_r006,3,1,D2-K3par,0.1,6
s1/D2-K3par_e10_r007,3,1,D2-K3par,0.1,7
s1/D2-K3par_e10_r008,3,1,D2-K3par,0.1,8
s1/D2-K3par_e10_r009,3,1,D2-K3par,0.1,9
s1/D2-K3par_e20_r000,3,1,D2-K3par,0.2,0
s1/D2-K3par_e20_r001,3,1,D2-K3par,0.2,1
s1/D2-K3par_e20_r002,3,1,D2-K3par,0.2,2
s1/D2-K3par_e20_r003,3,1,D2-K3par,0.2,3
s1/D2-K3par_e20_r004,3,1,D2-K3par,0.2,4
s1/D2-K3par_e20_r005,3,1,D2-K3par,0.2,5
s1/D2-K3par_e20_r006,3,1,D2-K3par,0.2,6
s1/D2-K3par_e20_r007,3,1,D2-K3par,0.2,7
s1/D2-K3par_e20_r008,3,1,D2-K3par,0.2,8
s1/D2-K3par_e20_r009,3,1,D2-K3par,0.2,9
s1/D5-leverage_e20_r000,2,1,D5-leverage,0.2,0
s1/D5-leverage_e20_r001,2,1,D5-leverage,0.2,1
s1/D5-leverage_e20_r002,2,1,D5-leverage,0.2,2
s1/D5-leverage_e20_r003,2,1,D5-leverage,0.2,3
s1/D5-leverage_e20_r004,2,1,D5-leverage,0.2,4
s1/D5-leverage_e20_r005,2,1,D5-leverage,0.2,5
s1/D5-leverage_e20_r006,2,1,D5-leverage,0.2,6
s1/D5-leverage_e20_r007,2,1,D5-leverage,0.2,7
s1/D5-leverage_e20_r008,2,1,D5-leverage,0.2,8
s1/D5-leverage_e20_r009,2,1,D5-leverage,0.2,9
s1/D6-uniform_e20_r000,2,1,D6-uniform,0.2,0
s1/D6-uniform_e20_r001,2,1,D6-uniform,0.2,1
s1/D6-uniform_e20_r002,2,1,D6-uniform,0.2,2
s1/D6-uniform_e20_r003,2,1,D6-uniform,0.2,3
s1/D6-uniform_e20_r004,2,1,D6-uniform,0.2,4
s1/D6-uniform_e20_r005,2,1,D6-uniform,0.2,5
s1/D6-uniform_e20_r006,2,1,D6-uniform,0.2,6
s1/D6-uniform_e20_r007,2,1,D6-uniform,0.2,7
s1/D6-uniform_e20_r008,2,1,D6-uniform,0.2,8
s1/D6-uniform_e20_r009,2,1,D6-uniform,0.2,9
s1b/D2-K3par_e30_r000,3,1b,D2-K3par,0.3,0
s1b/D2-K3par_e30_r001,3,1b,D2-K3par,0.3,1
s1b/D2-K3par_e30_r002,3,1b,D2-K3par,0.3,2
s1b/D2-K3par_e30_r003,3,1b,D2-K3par,0.3,3
s1b/D2-K3par_e30_r004,3,1b,D2-K3par,0.3,4
s1b/D2-K3par_e30_r005,3,1b,D2-K3par,0.3,5
s1b/D2-K3par_e30_r006,3,1b,D2-K3par,0.3,6
s1b/D2-K3par_e30_r007,3,1b,D2-K3par,0.3,7
s1b/D2-K3par_e30_r008,3,1b,D2-K3par,0.3,8
s1b/D2-K3par_e30_r009,3,1b,D2-K3par,0.3,9
s1b/D6-uniform_e35_r000,2,1b,D6-uniform,0.35,0
s1b/D6-uniform_e35_r001,2,1b,D6-uniform,0.35,1
s1b/D6-uniform_e35_r002,2,1b,D6-uniform,0.35,2
s1b/D6-uniform_e35_r003,2,1b,D6-uniform,0.35,3
s1b/D6-uniform_e35_r004,2,1b,D6-uniform,0.35,4
s1b/D6-uniform_e35_r005,2,1b,D6-uniform,0.35,5
s1b/D6-uniform_e35_r006,2,1b,D6-uniform,0.35,6
s1b/D6-uniform_e35_r007,2,1b,D6-uniform,0.35,7
s1b/D6-uniform_e35_r008,2,1b,D6-uniform,0.35,8
s1b/D6-uniform_e35_r009,2,1b,D6-uniform,0.35,9
s1c/E4-K4par_e10_r000,4,1c,E4-K4par,0.1,0
s1c/E4-K4par_e10_r001,4,1c,E4-K4par,0.1,1
s1c/E4-K4par_e10_r002,4,1c,E4-K4par,0.1,2
s1c/E4-K4par_e10_r003,4,1c,E4-K4par,0.1,3
s1c/E4-K4par_e10_r004,4,1c,E4-K4par,0.1,4
s1c/E4-K4par_e10_r005,4,1c,E4-K4par,0.1,5
s1c/E4-K4par_e10_r006,4,1c,E4-K4par,0.1,6
s1c/E4-K4par_e10_r007,4,1c,E4-K4par,0.1,7
s1c/E4-K4par_e10_r008,4,1c,E4-K4par,0.1,8
s1c/E4-K4par_e10_r009,4,1c,E4-K4par,0.1,9
