seed,method,agree_own_clean,agree_zhat_clean,ref_agree_zhat
0,HA50,0.5851851851851851,0.5851851851851851,1.0
0,emEM10,0.9407407407407408,0.7333333333333333,0.7933333333333333
0,vote,0.8888888888888888,0.9185185185185185,0.9133333333333333
0,median,0.9259259259259259,0.8666666666666667,0.94
0,adapt,1.0,0.8740740740740741,0.8666666666666667
0,TA-rw(0.25),1.0,0.8740740740740741,0.8666666666666667
0,TA50(a=0.05),0.5333333333333333,0.5407407407407407,0.9266666666666666
0,TA50(a=0.10),0.9037037037037037,0.9777777777777777,0.8733333333333333
0,TA50(a=0.25),0.9925925925925926,0.8666666666666667,0.8666666666666667
0,bestB-trim(a=0.10),0.9037037037037037,0.9777777777777777,0.8733333333333333
1,HA50,0.5925925925925926,0.5925925925925926,1.0
1,emEM10,0.9407407407407408,0.7185185185185186,0.7933333333333333
1,vote,0.9259259259259259,0.8740740740740741,0.9133333333333333
1,median,0.9259259259259259,0.8592592592592593,0.94
1,adapt,1.0,0.8666666666666667,0.8666666666666667
1,TA-rw(0.25),1.0,0.8666666666666667,0.8666666666666667
1,TA50(a=0.05),0.5111111111111111,0.5925925925925926,0.9266666666666666
1,TA50(a=0.10),0.8888888888888888,0.9777777777777777,0.8733333333333333
1,TA50(a=0.25),0.9925925925925926,0.8666666666666667,0.8666666666666667
1,bestB-trim(a=0.10),0.8888888888888888,0.9777777777777777,0.8733333333333333
2,HA50,0.6074074074074074,0.6074074074074074,1.0
2,emEM10,0.9481481481481482,0.7333333333333333,0.7933333333333333
2,vote,0.9481481481481482,0.8888888888888888,0.9133333333333333
2,median,0.8666666666666667,0.9259259259259259,0.94
2,adapt,0.9925925925925926,0.8592592592592593,0.8666666666666667
2,TA-rw(0.25),0.9925925925925926,0.8592592592592593,0.8666666666666667
2,TA50(a=0.05),0.5333333333333333,0.6074074074074074,0.9266666666666666
2,TA50(a=0.10),0.8444444444444444,0.9555555555555556,0.8733333333333333
2,TA50(a=0.25),0.9851851851851852,0.8666666666666667,0.8666666666666667
2,bestB-trim(a=0.10),0.8444444444444444,0.9555555555555556,0.8733333333333333
3,HA50,0.562962962962963,0.562962962962963,1.0
3,emEM10,0.9555555555555556,0.7481481481481481,0.7933333333333333
3,vote,0.9037037037037037,0.9703703703703703,0.9133333333333333
3,median,0.8666666666666667,0.8962962962962963,0.94
3,adapt,1.0,0.8592592592592593,0.8666666666666667
3,TA-rw(0.25),0.9851851851851852,0.8740740740740741,0.8666666666666667
3,TA50(a=0.05),0.562962962962963,0.6370370370370371,0.9266666666666666
3,TA50(a=0.10),0.8666666666666667,1.0,0.8733333333333333
3,TA50(a=0.25),0.9555555555555556,0.8962962962962963,0.8666666666666667
3,bestB-trim(a=0.10),0.8666666666666667,1.0,0.8733333333333333
4,HA50,0.562962962962963,0.562962962962963,1.0
4,emEM10,0.9407407407407408,0.7481481481481481,0.7933333333333333
4,vote,0.9407407407407408,0.9407407407407408,0.9133333333333333
4,median,0.8962962962962963,0.837037037037037,0.94
4,adapt,1.0,0.8666666666666667,0.8666666666666667
4,TA-rw(0.25),0.9925925925925926,0.8740740740740741,0.8666666666666667
4,TA50(a=0.05),0.5407407407407407,0.6222222222222222,0.9266666666666666
4,TA50(a=0.10),0.8962962962962963,0.9777777777777777,0.8733333333333333
4,TA50(a=0.25),0.9925925925925926,0.8666666666666667,0.8666666666666667
4,bestB-trim(a=0.10),0.8962962962962963,0.9777777777777777,0.8733333333333333
5,HA50,0.6370370370370371,0.6370370370370371,1.0
5,emEM10,0.9555555555555556,0.7703703703703704,0.7933333333333333
5,vote,0.8518518518518519,0.8962962962962963,0.9133333333333333
5,median,0.9555555555555556,0.8962962962962963,0.94
5,adapt,1.0,0.8666666666666667,0.8666666666666667
5,TA-rw(0.25),1.0,0.8666666666666667,0.8666666666666667
5,TA50(a=0.05),0.5703703703703704,0.6370370370370371,0.9266666666666666
5,TA50(a=0.10),0.8740740740740741,1.0,0.8733333333333333
5,TA50(a=0.25),0.9925925925925926,0.8592592592592593,0.8666666666666667
5,bestB-trim(a=0.10),0.8740740740740741,1.0,0.8733333333333333
6,HA50,0.5333333333333333,0.5333333333333333,1.0
6,emEM10,0.9481481481481482,0.7333333333333333,0.7933333333333333
6,vote,0.9333333333333333,0.8814814814814815,0.9133333333333333
6,median,0.9629629629629629,0.9703703703703703,0.94
6,adapt,1.0,0.8592592592592593,0.8666666666666667
6,TA-rw(0.25),1.0,0.8592592592592593,0.8666666666666667
6,TA50(a=0.05),0.5259259259259259,0.6074074074074074,0.9266666666666666
6,TA50(a=0.10),0.8888888888888888,0.9629629629629629,0.8733333333333333
6,TA50(a=0.25),0.9555555555555556,0.8888888888888888,0.8666666666666667
6,bestB-trim(a=0.10),0.8888888888888888,0.9629629629629629,0.8733333333333333
7,HA50,0.6148148148148148,0.6148148148148148,1.0
7,emEM10,0.9407407407407408,0.7407407407407407,0.7933333333333333
7,vote,0.9185185185185185,0.8740740740740741,0.9133333333333333
7,median,0.9185185185185185,0.8592592592592593,0.94
7,adapt,1.0,0.8592592592592593,0.8666666666666667
7,TA-rw(0.25),1.0,0.8592592592592593,0.8666666666666667
7,TA50(a=0.05),0.5407407407407407,0.6148148148148148,0.9266666666666666
7,TA50(a=0.10),0.8666666666666667,1.0,0.8733333333333333
7,TA50(a=0.25),0.9851851851851852,0.8592592592592593,0.8666666666666667
7,bestB-trim(a=0.10),0.8666666666666667,1.0,0.8733333333333333
8,HA50,0.6148148148148148,0.6148148148148148,1.0
8,emEM10,0.9481481481481482,0.7481481481481481,0.7933333333333333
8,vote,0.9259259259259259,0.8666666666666667,0.9133333333333333
8,median,0.9333333333333333,0.9259259259259259,0.94
8,adapt,1.0,0.8518518518518519,0.8666666666666667
8,TA-rw(0.25),1.0,0.8518518518518519,0.8666666666666667
8,TA50(a=0.05),0.5333333333333333,0.6148148148148148,0.9266666666666666
8,TA50(a=0.10),0.8592592592592593,1.0,0.8733333333333333
8,TA50(a=0.25),0.9851851851851852,0.8518518518518519,0.8666666666666667
8,bestB-trim(a=0.10),0.8592592592592593,1.0,0.8733333333333333
9,HA50,0.6074074074074074,0.6074074074074074,1.0
9,emEM10,0.9407407407407408,0.725925925925926,0.7933333333333333
9,vote,0.8222222222222222,0.8740740740740741,0.9133333333333333
9,median,0.9555555555555556,0.9629629629629629,0.94
9,adapt,1.0,0.8666666666666667,0.8666666666666667
9,TA-rw(0.25),1.0,0.8666666666666667,0.8666666666666667
9,TA50(a=0.05),0.5185185185185185,0.6,0.9266666666666666
9,TA50(a=0.10),0.8444444444444444,0.9555555555555556,0.8733333333333333
9,TA50(a=0.25),0.9925925925925926,0.8592592592592593,0.8666666666666667
9,bestB-trim(a=0.10),0.8740740740740741,1.0,0.8733333333333333
10,HA50,0.6148148148148148,0.6148148148148148,1.0
10,emEM10,0.9481481481481482,0.7333333333333333,0.7933333333333333
10,vote,0.9259259259259259,0.8814814814814815,0.9133333333333333
10,median,0.9555555555555556,0.8888888888888888,0.94
10,adapt,0.9925925925925926,0.8666666666666667,0.8666666666666667
10,TA-rw(0.25),0.9925925925925926,0.8666666666666667,0.8666666666666667
10,TA50(a=0.05),0.5481481481481482,0.6148148148148148,0.9266666666666666
10,TA50(a=0.10),0.8814814814814815,0.9925925925925926,0.8733333333333333
10,TA50(a=0.25),1.0,0.8666666666666667,0.8666666666666667
10,bestB-trim(a=0.10),0.8814814814814815,0.9925925925925926,0.8733333333333333
11,HA50,0.6222222222222222,0.6222222222222222,1.0
11,emEM10,0.9407407407407408,0.7407407407407407,0.7933333333333333
11,vote,0.9555555555555556,0.9185185185185185,0.9133333333333333
11,median,0.8666666666666667,0.8074074074074075,0.94
11,adapt,1.0,0.8592592592592593,0.8666666666666667
11,TA-rw(0.25),1.0,0.8592592592592593,0.8666666666666667
11,TA50(a=0.05),0.5407407407407407,0.6222222222222222,0.9266666666666666
11,TA50(a=0.10),0.8962962962962963,0.9703703703703703,0.8733333333333333
11,TA50(a=0.25),0.9851851851851852,0.8592592592592593,0.8666666666666667
11,bestB-trim(a=0.10),0.8888888888888888,0.9629629629629629,0.8733333333333333
12,HA50,0.5851851851851851,0.5851851851851851,1.0
12,emEM10,0.9481481481481482,0.7185185185185186,0.7933333333333333
12,vote,0.9333333333333333,0.8888888888888888,0.9133333333333333
12,median,0.8666666666666667,0.8148148148148148,0.94
12,adapt,1.0,0.8740740740740741,0.8666666666666667
12,TA-rw(0.25),0.9925925925925926,0.8814814814814815,0.8666666666666667
12,TA50(a=0.05),0.5111111111111111,0.5851851851851851,0.9266666666666666
12,TA50(a=0.10),0.8814814814814815,1.0,0.8733333333333333
12,TA50(a=0.25),0.9851851851851852,0.8740740740740741,0.8666666666666667
12,bestB-trim(a=0.10),0.8814814814814815,1.0,0.8733333333333333
13,HA50,0.6,0.6,1.0
13,emEM10,0.9407407407407408,0.7333333333333333,0.7933333333333333
13,vote,0.9407407407407408,0.9037037037037037,0.9133333333333333
13,median,0.8888888888888888,0.837037037037037,0.94
13,adapt,1.0,0.8740740740740741,0.8666666666666667
13,TA-rw(0.25),1.0,0.8740740740740741,0.8666666666666667
13,TA50(a=0.05),0.5481481481481482,0.6148148148148148,0.9266666666666666
13,TA50(a=0.10),0.8814814814814815,1.0,0.8733333333333333
13,TA50(a=0.25),0.9851851851851852,0.8740740740740741,0.8666666666666667
13,bestB-trim(a=0.10),0.8814814814814815,1.0,0.8733333333333333
14,HA50,0.5333333333333333,0.5333333333333333,1.0
14,emEM10,0.9407407407407408,0.7333333333333333,0.7933333333333333
14,vote,0.8592592592592593,0.9037037037037037,0.9133333333333333
14,median,0.8074074074074075,0.8666666666666667,0.94
14,adapt,1.0,0.8592592592592593,0.8666666666666667
14,TA-rw(0.25),1.0,0.8592592592592593,0.8666666666666667
14,TA50(a=0.05),0.5407407407407407,0.5333333333333333,0.9266666666666666
14,TA50(a=0.10),0.837037037037037,0.9555555555555556,0.8733333333333333
14,TA50(a=0.25),0.9925925925925926,0.8518518518518519,0.8666666666666667
14,bestB-trim(a=0.10),0.8740740740740741,0.9925925925925926,0.8733333333333333
15,HA50,0.5481481481481482,0.5481481481481482,1.0
15,emEM10,0.9481481481481482,0.7407407407407407,0.7933333333333333
15,vote,0.9111111111111111,0.9185185185185185,0.9133333333333333
15,median,0.9555555555555556,0.9629629629629629,0.94
15,adapt,0.9925925925925926,0.8444444444444444,0.8666666666666667
15,TA-rw(0.25),0.9925925925925926,0.8444444444444444,0.8666666666666667
15,TA50(a=0.05),0.725925925925926,0.8074074074074075,0.9266666666666666
15,TA50(a=0.10),0.8888888888888888,0.9407407407407408,0.8733333333333333
15,TA50(a=0.25),0.9925925925925926,0.8444444444444444,0.8666666666666667
15,bestB-trim(a=0.10),0.8814814814814815,0.9629629629629629,0.8733333333333333
16,HA50,0.5703703703703704,0.5703703703703704,1.0
16,emEM10,0.9407407407407408,0.725925925925926,0.7933333333333333
16,vote,0.8296296296296296,0.8888888888888888,0.9133333333333333
16,median,0.7703703703703704,0.8222222222222222,0.94
16,adapt,1.0,0.8592592592592593,0.8666666666666667
16,TA-rw(0.25),1.0,0.8592592592592593,0.8666666666666667
16,TA50(a=0.05),0.5555555555555556,0.6296296296296297,0.9266666666666666
16,TA50(a=0.10),0.8962962962962963,0.9703703703703703,0.8733333333333333
16,TA50(a=0.25),0.9925925925925926,0.8592592592592593,0.8666666666666667
16,bestB-trim(a=0.10),0.8962962962962963,0.9703703703703703,0.8733333333333333
17,HA50,0.6222222222222222,0.6222222222222222,1.0
17,emEM10,0.9407407407407408,0.7333333333333333,0.7933333333333333
17,vote,0.9111111111111111,0.8592592592592593,0.9133333333333333
17,median,0.8888888888888888,0.8222222222222222,0.94
17,adapt,1.0,0.8518518518518519,0.8666666666666667
17,TA-rw(0.25),1.0,0.8518518518518519,0.8666666666666667
17,TA50(a=0.05),0.5407407407407407,0.6222222222222222,0.9266666666666666
17,TA50(a=0.10),0.8592592592592593,0.9851851851851852,0.8733333333333333
17,TA50(a=0.25),0.9925925925925926,0.8444444444444444,0.8666666666666667
17,bestB-trim(a=0.10),0.8592592592592593,0.9851851851851852,0.8733333333333333
18,HA50,0.5925925925925926,0.5925925925925926,1.0
18,emEM10,0.9481481481481482,0.7481481481481481,0.7933333333333333
18,vote,0.6370370370370371,0.6888888888888889,0.9133333333333333
18,median,0.6888888888888889,0.7555555555555555,0.94
18,adapt,0.9925925925925926,0.8518518518518519,0.8666666666666667
18,TA-rw(0.25),1.0,0.8592592592592593,0.8666666666666667
18,TA50(a=0.05),0.5555555555555556,0.6370370370370371,0.9266666666666666
18,TA50(a=0.10),0.8666666666666667,1.0,0.8733333333333333
18,TA50(a=0.25),0.9925925925925926,0.8518518518518519,0.8666666666666667
18,bestB-trim(a=0.10),0.8666666666666667,1.0,0.8733333333333333
19,HA50,0.6370370370370371,0.6370370370370371,1.0
19,emEM10,0.9407407407407408,0.7333333333333333,0.7933333333333333
19,vote,0.9111111111111111,0.8592592592592593,0.9133333333333333
19,median,0.9407407407407408,0.8740740740740741,0.94
19,adapt,1.0,0.8518518518518519,0.8666666666666667
19,TA-rw(0.25),1.0,0.8518518518518519,0.8666666666666667
19,TA50(a=0.05),0.5555555555555556,0.6370370370370371,0.9266666666666666
19,TA50(a=0.10),0.8148148148148148,0.9407407407407408,0.8733333333333333
19,TA50(a=0.25),0.9925925925925926,0.8444444444444444,0.8666666666666667
19,bestB-trim(a=0.10),0.8148148148148148,0.9407407407407408,0.8733333333333333
20,HA50,0.6074074074074074,0.6074074074074074,1.0
20,emEM10,0.9407407407407408,0.725925925925926,0.7933333333333333
20,vote,0.9555555555555556,0.8888888888888888,0.9133333333333333
20,median,0.9333333333333333,0.8814814814814815,0.94
20,adapt,1.0,0.8814814814814815,0.8666666666666667
20,TA-rw(0.25),1.0,0.8814814814814815,0.8666666666666667
20,TA50(a=0.05),0.5259259259259259,0.6074074074074074,0.9266666666666666
20,TA50(a=0.10),0.8814814814814815,1.0,0.8733333333333333
20,TA50(a=0.25),0.9925925925925926,0.8814814814814815,0.8666666666666667
20,bestB-trim(a=0.10),0.8814814814814815,1.0,0.8733333333333333
21,HA50,0.5777777777777777,0.5777777777777777,1.0
21,emEM10,0.9407407407407408,0.7481481481481481,0.7933333333333333
21,vote,0.9629629629629629,0.9037037037037037,0.9133333333333333
21,median,0.9185185185185185,0.8592592592592593,0.94
21,adapt,0.9925925925925926,0.8666666666666667,0.8666666666666667
21,TA-rw(0.25),1.0,0.8740740740740741,0.8666666666666667
21,TA50(a=0.05),0.5259259259259259,0.6,0.9266666666666666
21,TA50(a=0.10),0.8518518518518519,0.9555555555555556,0.8733333333333333
21,TA50(a=0.25),0.9925925925925926,0.8666666666666667,0.8666666666666667
21,bestB-trim(a=0.10),0.8518518518518519,0.9555555555555556,0.8733333333333333
22,HA50,0.5777777777777777,0.5777777777777777,1.0
22,emEM10,0.9407407407407408,0.7407407407407407,0.7933333333333333
22,vote,0.9259259259259259,0.8666666666666667,0.9133333333333333
22,median,0.9259259259259259,0.8666666666666667,0.94
22,adapt,1.0,0.8592592592592593,0.8666666666666667
22,TA-rw(0.25),1.0,0.8592592592592593,0.8666666666666667
22,TA50(a=0.05),0.5407407407407407,0.6148148148148148,0.9266666666666666
22,TA50(a=0.10),0.8592592592592593,0.9333333333333333,0.8733333333333333
22,TA50(a=0.25),0.9851851851851852,0.8592592592592593,0.8666666666666667
22,bestB-trim(a=0.10),0.8592592592592593,0.9333333333333333,0.8733333333333333
23,HA50,0.5481481481481482,0.5481481481481482,1.0
23,emEM10,0.9407407407407408,0.725925925925926,0.7933333333333333
23,vote,0.8814814814814815,0.9185185185185185,0.9133333333333333
23,median,0.8592592592592593,0.7925925925925926,0.94
23,adapt,1.0,0.8518518518518519,0.8666666666666667
23,TA-rw(0.25),1.0,0.8518518518518519,0.8666666666666667
23,TA50(a=0.05),0.5185185185185185,0.6,0.9266666666666666
23,TA50(a=0.10),0.8592592592592593,1.0,0.8733333333333333
23,TA50(a=0.25),0.9925925925925926,0.8444444444444444,0.8666666666666667
23,bestB-trim(a=0.10),0.8296296296296296,0.9555555555555556,0.8733333333333333
24,HA50,0.6296296296296297,0.6296296296296297,1.0
24,emEM10,0.9407407407407408,0.7407407407407407,0.7933333333333333
24,vote,0.9185185185185185,0.8666666666666667,0.9133333333333333
24,median,0.8814814814814815,0.8222222222222222,0.94
24,adapt,1.0,0.8666666666666667,0.8666666666666667
24,TA-rw(0.25),1.0,0.8666666666666667,0.8666666666666667
24,TA50(a=0.05),0.5481481481481482,0.6296296296296297,0.9266666666666666
24,TA50(a=0.10),0.8962962962962963,0.9777777777777777,0.8733333333333333
24,TA50(a=0.25),0.9925925925925926,0.8592592592592593,0.8666666666666667
24,bestB-trim(a=0.10),0.8962962962962963,0.9777777777777777,0.8733333333333333
25,HA50,0.562962962962963,0.562962962962963,1.0
25,emEM10,0.9407407407407408,0.725925925925926,0.7933333333333333
25,vote,0.9185185185185185,0.8666666666666667,0.9133333333333333
25,median,0.8962962962962963,0.837037037037037,0.94
25,adapt,1.0,0.8666666666666667,0.8666666666666667
25,TA-rw(0.25),0.9925925925925926,0.8740740740740741,0.8666666666666667
25,TA50(a=0.05),0.5259259259259259,0.6074074074074074,0.9266666666666666
25,TA50(a=0.10),0.8740740740740741,1.0,0.8733333333333333
25,TA50(a=0.25),0.9851851851851852,0.8666666666666667,0.8666666666666667
25,bestB-trim(a=0.10),0.8740740740740741,1.0,0.8733333333333333
26,HA50,0.6074074074074074,0.6074074074074074,1.0
26,emEM10,0.9407407407407408,0.725925925925926,0.7933333333333333
26,vote,0.9259259259259259,0.8814814814814815,0.9133333333333333
26,median,0.8962962962962963,0.837037037037037,0.94
26,adapt,0.9925925925925926,0.8592592592592593,0.8666666666666667
26,TA-rw(0.25),0.9925925925925926,0.8592592592592593,0.8666666666666667
26,TA50(a=0.05),0.5333333333333333,0.6,0.9266666666666666
26,TA50(a=0.10),0.8962962962962963,0.9777777777777777,0.8733333333333333
26,TA50(a=0.25),0.9925925925925926,0.8592592592592593,0.8666666666666667
26,bestB-trim(a=0.10),0.8962962962962963,0.9777777777777777,0.8733333333333333
27,HA50,0.6074074074074074,0.6074074074074074,1.0
27,emEM10,0.9481481481481482,0.725925925925926,0.7933333333333333
27,vote,0.9259259259259259,0.8814814814814815,0.9133333333333333
27,median,0.8074074074074075,0.8592592592592593,0.94
27,adapt,1.0,0.8740740740740741,0.8666666666666667
27,TA-rw(0.25),1.0,0.8740740740740741,0.8666666666666667
27,TA50(a=0.05),0.5333333333333333,0.6074074074074074,0.9266666666666666
27,TA50(a=0.10),0.8962962962962963,0.9851851851851852,0.8733333333333333
27,TA50(a=0.25),0.9851851851851852,0.8740740740740741,0.8666666666666667
27,bestB-trim(a=0.10),0.8962962962962963,0.9851851851851852,0.8733333333333333
28,HA50,0.6148148148148148,0.6148148148148148,1.0
28,emEM10,0.9407407407407408,0.7407407407407407,0.7933333333333333
28,vote,0.9111111111111111,0.8592592592592593,0.9133333333333333
28,median,0.9185185185185185,0.8814814814814815,0.94
28,adapt,1.0,0.8592592592592593,0.8666666666666667
28,TA-rw(0.25),1.0,0.8592592592592593,0.8666666666666667
28,TA50(a=0.05),0.5333333333333333,0.6148148148148148,0.9266666666666666
28,TA50(a=0.10),0.8888888888888888,0.9777777777777777,0.8733333333333333
28,TA50(a=0.25),0.9925925925925926,0.8592592592592593,0.8666666666666667
28,bestB-trim(a=0.10),0.8888888888888888,0.9777777777777777,0.8733333333333333
29,HA50,0.5925925925925926,0.5925925925925926,1.0
29,emEM10,0.9407407407407408,0.7185185185185186,0.7933333333333333
29,vote,0.7851851851851852,0.8148148148148148,0.9133333333333333
29,median,0.9185185185185185,0.8740740740740741,0.94
29,adapt,1.0,0.8814814814814815,0.8666666666666667
29,TA-rw(0.25),1.0,0.8814814814814815,0.8666666666666667
29,TA50(a=0.05),0.5333333333333333,0.5925925925925926,0.9266666666666666
29,TA50(a=0.10),0.8962962962962963,0.9925925925925926,0.8733333333333333
29,TA50(a=0.25),0.9925925925925926,0.8740740740740741,0.8666666666666667
29,bestB-trim(a=0.10),0.8962962962962963,0.9925925925925926,0.8733333333333333
30,HA50,0.6222222222222222,0.6222222222222222,1.0
30,emEM10,0.9407407407407408,0.7407407407407407,0.7933333333333333
30,vote,0.9333333333333333,0.9333333333333333,0.9133333333333333
30,median,0.9481481481481482,0.9185185185185185,0.94
30,adapt,1.0,0.8666666666666667,0.8666666666666667
30,TA-rw(0.25),1.0,0.8666666666666667,0.8666666666666667
30,TA50(a=0.05),0.5481481481481482,0.6222222222222222,0.9266666666666666
30,TA50(a=0.10),0.8740740740740741,1.0,0.8733333333333333
30,TA50(a=0.25),0.9851851851851852,0.8666666666666667,0.8666666666666667
30,bestB-trim(a=0.10),0.8740740740740741,1.0,0.8733333333333333
31,HA50,0.562962962962963,0.562962962962963,1.0
31,emEM10,0.9555555555555556,0.7407407407407407,0.7933333333333333
31,vote,0.8,0.837037037037037,0.9133333333333333
31,median,0.9185185185185185,0.9629629629629629,0.94
31,adapt,1.0,0.8814814814814815,0.8666666666666667
31,TA-rw(0.25),1.0,0.8814814814814815,0.8666666666666667
31,TA50(a=0.05),0.5037037037037037,0.562962962962963,0.9266666666666666
31,TA50(a=0.10),0.8666666666666667,0.9629629629629629,0.8733333333333333
31,TA50(a=0.25),0.9629629629629629,0.9185185185185185,0.8666666666666667
31,bestB-trim(a=0.10),0.8962962962962963,0.9925925925925926,0.8733333333333333
32,HA50,0.6,0.6,1.0
32,emEM10,0.9629629629629629,0.7407407407407407,0.7933333333333333
32,vote,0.8666666666666667,0.8148148148148148,0.9133333333333333
32,median,0.7851851851851852,0.7777777777777778,0.94
32,adapt,1.0,0.8518518518518519,0.8666666666666667
32,TA-rw(0.25),1.0,0.8518518518518519,0.8666666666666667
32,TA50(a=0.05),0.5185185185185185,0.6,0.9266666666666666
32,TA50(a=0.10),0.8814814814814815,0.9777777777777777,0.8733333333333333
32,TA50(a=0.25),0.9851851851851852,0.8518518518518519,0.8666666666666667
32,bestB-trim(a=0.10),0.8814814814814815,0.9777777777777777,0.8733333333333333
33,HA50,0.6370370370370371,0.6370370370370371,1.0
33,emEM10,0.9481481481481482,0.762962962962963,0.7933333333333333
33,vote,0.9481481481481482,0.8740740740740741,0.9133333333333333
33,median,0.8814814814814815,0.8740740740740741,0.94
33,adapt,1.0,0.8518518518518519,0.8666666666666667
33,TA-rw(0.25),1.0,0.8518518518518519,0.8666666666666667
33,TA50(a=0.05),0.5555555555555556,0.6370370370370371,0.9266666666666666
33,TA50(a=0.10),0.8592592592592593,1.0,0.8733333333333333
33,TA50(a=0.25),0.9925925925925926,0.8592592592592593,0.8666666666666667
33,bestB-trim(a=0.10),0.8592592592592593,1.0,0.8733333333333333
34,HA50,0.5333333333333333,0.5333333333333333,1.0
34,emEM10,0.9481481481481482,0.7333333333333333,0.7933333333333333
34,vote,0.9555555555555556,0.9629629629629629,0.9133333333333333
34,median,0.9629629629629629,0.9851851851851852,0.94
34,adapt,1.0,0.8814814814814815,0.8666666666666667
34,TA-rw(0.25),1.0,0.8814814814814815,0.8666666666666667
34,TA50(a=0.05),0.5333333333333333,0.6,0.9266666666666666
34,TA50(a=0.10),0.8888888888888888,1.0,0.8733333333333333
34,TA50(a=0.25),0.9925925925925926,0.8814814814814815,0.8666666666666667
34,bestB-trim(a=0.10),0.9037037037037037,0.9555555555555556,0.8733333333333333
35,HA50,0.6296296296296297,0.6296296296296297,1.0
35,emEM10,0.9481481481481482,0.7481481481481481,0.7933333333333333
35,vote,0.9037037037037037,0.8592592592592593,0.9133333333333333
35,median,0.8888888888888888,0.9037037037037037,0.94
35,adapt,1.0,0.8592592592592593,0.8666666666666667
35,TA-rw(0.25),1.0,0.8592592592592593,0.8666666666666667
35,TA50(a=0.05),0.5555555555555556,0.6296296296296297,0.9266666666666666
35,TA50(a=0.10),0.8666666666666667,1.0,0.8733333333333333
35,TA50(a=0.25),0.9555555555555556,0.8888888888888888,0.8666666666666667
35,bestB-trim(a=0.10),0.8666666666666667,1.0,0.8733333333333333
36,HA50,0.5851851851851851,0.5851851851851851,1.0
36,emEM10,0.9481481481481482,0.7333333333333333,0.7933333333333333
36,vote,0.837037037037037,0.8814814814814815,0.9133333333333333
36,median,0.6888888888888889,0.7481481481481481,0.94
36,adapt,0.9925925925925926,0.8666666666666667,0.8666666666666667
36,TA-rw(0.25),0.9925925925925926,0.8666666666666667,0.8666666666666667
36,TA50(a=0.05),0.5333333333333333,0.5407407407407407,0.9266666666666666
36,TA50(a=0.10),0.8888888888888888,0.9777777777777777,0.8733333333333333
36,TA50(a=0.25),0.9555555555555556,0.9037037037037037,0.8666666666666667
36,bestB-trim(a=0.10),0.8888888888888888,0.9777777777777777,0.8733333333333333
37,HA50,0.6,0.6,1.0
37,emEM10,0.9407407407407408,0.7333333333333333,0.7933333333333333
37,vote,0.9259259259259259,0.9185185185185185,0.9133333333333333
37,median,0.8592592592592593,0.8,0.94
37,adapt,1.0,0.8592592592592593,0.8666666666666667
37,TA-rw(0.25),1.0,0.8592592592592593,0.8666666666666667
37,TA50(a=0.05),0.5259259259259259,0.6,0.9266666666666666
37,TA50(a=0.10),0.8666666666666667,1.0,0.8733333333333333
37,TA50(a=0.25),0.9925925925925926,0.8592592592592593,0.8666666666666667
37,bestB-trim(a=0.10),0.8592592592592593,0.9481481481481482,0.8733333333333333
38,HA50,0.6074074074074074,0.6074074074074074,1.0
38,emEM10,0.9481481481481482,0.7407407407407407,0.7933333333333333
38,vote,0.762962962962963,0.8,0.9133333333333333
38,median,0.7925925925925926,0.837037037037037,0.94
38,adapt,1.0,0.8888888888888888,0.8666666666666667
38,TA-rw(0.25),1.0,0.8888888888888888,0.8666666666666667
38,TA50(a=0.05),0.5851851851851851,0.6444444444444445,0.9266666666666666
38,TA50(a=0.10),0.8518518518518519,0.9407407407407408,0.8733333333333333
38,TA50(a=0.25),0.9925925925925926,0.8814814814814815,0.8666666666666667
38,bestB-trim(a=0.10),0.8962962962962963,1.0,0.8733333333333333
39,HA50,0.5703703703703704,0.5703703703703704,1.0
39,emEM10,0.9481481481481482,0.725925925925926,0.7933333333333333
39,vote,0.9185185185185185,0.8740740740740741,0.9133333333333333
39,median,0.8296296296296296,0.8888888888888888,0.94
39,adapt,1.0,0.8592592592592593,0.8666666666666667
39,TA-rw(0.25),1.0,0.8592592592592593,0.8666666666666667
39,TA50(a=0.05),0.5703703703703704,0.6296296296296297,0.9266666666666666
39,TA50(a=0.10),0.8814814814814815,0.9851851851851852,0.8733333333333333
39,TA50(a=0.25),0.9555555555555556,0.9037037037037037,0.8666666666666667
39,bestB-trim(a=0.10),0.8814814814814815,0.9851851851851852,0.8733333333333333
40,HA50,0.5481481481481482,0.5481481481481482,1.0
40,emEM10,0.9481481481481482,0.7481481481481481,0.7933333333333333
40,vote,0.9629629629629629,0.9481481481481482,0.9133333333333333
40,median,0.9703703703703703,0.9703703703703703,0.94
40,adapt,0.9925925925925926,0.8518518518518519,0.8666666666666667
40,TA-rw(0.25),0.9925925925925926,0.8518518518518519,0.8666666666666667
40,TA50(a=0.05),0.5481481481481482,0.6222222222222222,0.9266666666666666
40,TA50(a=0.10),0.8962962962962963,0.9703703703703703,0.8733333333333333
40,TA50(a=0.25),0.9925925925925926,0.8518518518518519,0.8666666666666667
40,bestB-trim(a=0.10),0.8962962962962963,0.9703703703703703,0.8733333333333333
41,HA50,0.6074074074074074,0.6074074074074074,1.0
41,emEM10,0.9481481481481482,0.7407407407407407,0.7933333333333333
41,vote,0.9185185185185185,0.8666666666666667,0.9133333333333333
41,median,0.8888888888888888,0.8222222222222222,0.94
41,adapt,1.0,0.8518518518518519,0.8666666666666667
41,TA-rw(0.25),1.0,0.8518518518518519,0.8666666666666667
41,TA50(a=0.05),0.5259259259259259,0.6074074074074074,0.9266666666666666
41,TA50(a=0.10),0.8592592592592593,0.9851851851851852,0.8733333333333333
41,TA50(a=0.25),0.9925925925925926,0.8444444444444444,0.8666666666666667
41,bestB-trim(a=0.10),0.8592592592592593,0.9851851851851852,0.8733333333333333
42,HA50,0.5407407407407407,0.5407407407407407,1.0
42,emEM10,0.9481481481481482,0.7333333333333333,0.7933333333333333
42,vote,0.9333333333333333,0.8814814814814815,0.9133333333333333
42,median,0.9185185185185185,0.9333333333333333,0.94
42,adapt,1.0,0.8740740740740741,0.8666666666666667
42,TA-rw(0.25),1.0,0.8740740740740741,0.8666666666666667
42,TA50(a=0.05),0.5333333333333333,0.6,0.9266666666666666
42,TA50(a=0.10),0.8888888888888888,0.9629629629629629,0.8733333333333333
42,TA50(a=0.25),0.9851851851851852,0.8740740740740741,0.8666666666666667
42,bestB-trim(a=0.10),0.8888888888888888,0.9629629629629629,0.8733333333333333
43,HA50,0.5925925925925926,0.5925925925925926,1.0
43,emEM10,0.9407407407407408,0.725925925925926,0.7933333333333333
43,vote,0.9333333333333333,0.8962962962962963,0.9133333333333333
43,median,0.8740740740740741,0.837037037037037,0.94
43,adapt,1.0,0.8962962962962963,0.8666666666666667
43,TA-rw(0.25),1.0,0.8962962962962963,0.8666666666666667
43,TA50(a=0.05),0.5333333333333333,0.5925925925925926,0.9266666666666666
43,TA50(a=0.10),0.9111111111111111,0.9925925925925926,0.8733333333333333
43,TA50(a=0.25),0.9851851851851852,0.8962962962962963,0.8666666666666667
43,bestB-trim(a=0.10),0.8740740740740741,0.9555555555555556,0.8733333333333333
44,HA50,0.6296296296296297,0.6296296296296297,1.0
44,emEM10,0.9407407407407408,0.7555555555555555,0.7933333333333333
44,vote,0.8740740740740741,0.9407407407407408,0.9133333333333333
44,median,0.9629629629629629,0.8962962962962963,0.94
44,adapt,1.0,0.8592592592592593,0.8666666666666667
44,TA-rw(0.25),1.0,0.8592592592592593,0.8666666666666667
44,TA50(a=0.05),0.5481481481481482,0.6296296296296297,0.9266666666666666
44,TA50(a=0.10),0.8444444444444444,0.9629629629629629,0.8733333333333333
44,TA50(a=0.25),0.9925925925925926,0.8592592592592593,0.8666666666666667
44,bestB-trim(a=0.10),0.8444444444444444,0.9629629629629629,0.8733333333333333
45,HA50,0.5333333333333333,0.5333333333333333,1.0
45,emEM10,0.9407407407407408,0.7333333333333333,0.7933333333333333
45,vote,0.9111111111111111,0.9259259259259259,0.9133333333333333
45,median,0.9703703703703703,0.9111111111111111,0.94
45,adapt,0.9925925925925926,0.8518518518518519,0.8666666666666667
45,TA-rw(0.25),1.0,0.8592592592592593,0.8666666666666667
45,TA50(a=0.05),0.5037037037037037,0.5703703703703704,0.9266666666666666
45,TA50(a=0.10),0.8814814814814815,0.9851851851851852,0.8733333333333333
45,TA50(a=0.25),0.9925925925925926,0.8518518518518519,0.8666666666666667
45,bestB-trim(a=0.10),0.8814814814814815,0.9851851851851852,0.8733333333333333
46,HA50,0.6444444444444445,0.6444444444444445,1.0
46,emEM10,0.9555555555555556,0.762962962962963,0.7933333333333333
46,vote,0.8888888888888888,0.9259259259259259,0.9133333333333333
46,median,0.9481481481481482,0.9185185185185185,0.94
46,adapt,1.0,0.8666666666666667,0.8666666666666667
46,TA-rw(0.25),1.0,0.8666666666666667,0.8666666666666667
46,TA50(a=0.05),0.5925925925925926,0.6666666666666666,0.9266666666666666
46,TA50(a=0.10),0.8962962962962963,0.9703703703703703,0.8733333333333333
46,TA50(a=0.25),1.0,0.8666666666666667,0.8666666666666667
46,bestB-trim(a=0.10),0.8962962962962963,0.9703703703703703,0.8733333333333333
47,HA50,0.5777777777777777,0.5777777777777777,1.0
47,emEM10,0.9481481481481482,0.7407407407407407,0.7933333333333333
47,vote,0.9037037037037037,0.8592592592592593,0.9133333333333333
47,median,0.837037037037037,0.8666666666666667,0.94
47,adapt,1.0,0.8592592592592593,0.8666666666666667
47,TA-rw(0.25),1.0,0.8592592592592593,0.8666666666666667
47,TA50(a=0.05),0.5407407407407407,0.6148148148148148,0.9266666666666666
47,TA50(a=0.10),0.8888888888888888,0.9777777777777777,0.8733333333333333
47,TA50(a=0.25),0.9481481481481482,0.8962962962962963,0.8666666666666667
47,bestB-trim(a=0.10),0.8888888888888888,0.9777777777777777,0.8733333333333333
48,HA50,0.5703703703703704,0.5703703703703704,1.0
48,emEM10,0.9481481481481482,0.7481481481481481,0.7933333333333333
48,vote,0.9037037037037037,0.9481481481481482,0.9133333333333333
48,median,0.9111111111111111,0.9703703703703703,0.94
48,adapt,0.9925925925925926,0.8518518518518519,0.8666666666666667
48,TA-rw(0.25),0.9925925925925926,0.8518518518518519,0.8666666666666667
48,TA50(a=0.05),0.5333333333333333,0.6074074074074074,0.9266666666666666
48,TA50(a=0.10),0.8666666666666667,1.0,0.8733333333333333
48,TA50(a=0.25),0.9925925925925926,0.8518518518518519,0.8666666666666667
48,bestB-trim(a=0.10),0.8518518518518519,0.9703703703703703,0.8733333333333333
49,HA50,0.6222222222222222,0.6222222222222222,1.0
49,emEM10,0.9481481481481482,0.7481481481481481,0.7933333333333333
49,vote,0.8814814814814815,0.9259259259259259,0.9133333333333333
49,median,0.9481481481481482,0.8888888888888888,0.94
49,adapt,1.0,0.8814814814814815,0.8666666666666667
49,TA-rw(0.25),1.0,0.8814814814814815,0.8666666666666667
49,TA50(a=0.05),0.5777777777777777,0.6444444444444445,0.9266666666666666
49,TA50(a=0.10),0.9037037037037037,0.9851851851851852,0.8733333333333333
49,TA50(a=0.25),0.9925925925925926,0.8740740740740741,0.8666666666666667
49,bestB-trim(a=0.10),0.9037037037037037,0.9851851851851852,0.8733333333333333
