design,eps,rep,solver,acc,ahat,time
D1-K2cross,0.3,0,exact,0.8840579710144928,0.31,0.2621317809971515
D1-K2cross,0.3,0,local,0.8888888888888888,0.31,0.061680123002588516
D1-K2cross,0.3,0,multistart,0.8840579710144928,0.31,0.10969013100111624
D1-K2cross,0.3,0,elemental,0.8888888888888888,0.31,0.023286270999960834
D1-K2cross,0.35,0,exact,0.9247311827956989,0.38,0.030506605999107705
D1-K2cross,0.35,0,local,0.9247311827956989,0.38,0.045456682000803994
D1-K2cross,0.35,0,multistart,0.9247311827956989,0.38,0.09164693999991869
D1-K2cross,0.35,0,elemental,0.9247311827956989,0.38,0.019527509997715242
D7-p3,0.3,0,exact,0.9170731707317074,0.31666666666666665,0.9717191380004806
D7-p3,0.3,0,local,0.9121951219512195,0.31666666666666665,0.6423676140002499
D7-p3,0.3,0,multistart,0.9121951219512195,0.31666666666666665,0.5992449420009507
D7-p3,0.3,0,elemental,0.9024390243902439,0.31666666666666665,0.6009391139996296
D7-p3,0.35,0,exact,0.9289617486338798,0.3933333333333333,1.061985641001229
D7-p3,0.35,0,local,0.9289617486338798,0.3933333333333333,0.9740744449991325
D7-p3,0.35,0,multistart,0.9234972677595629,0.4,0.8623938679993444
D7-p3,0.35,0,elemental,0.9344262295081968,0.39666666666666667,0.5049296819997835
D1-K2cross,0.3,1,exact,0.9409090909090909,0.27,0.029447677999996813
D1-K2cross,0.3,1,local,0.9409090909090909,0.27,0.045404373999190284
D1-K2cross,0.3,1,multistart,0.9409090909090909,0.27,0.09391315999891958
D1-K2cross,0.3,1,elemental,0.9409090909090909,0.27,0.019999879998067627
D1-K2cross,0.35,1,exact,0.87,0.3333333333333333,0.026599015000101645
D1-K2cross,0.35,1,local,0.87,0.3333333333333333,0.04178798399880179
D1-K2cross,0.35,1,multistart,0.875,0.3333333333333333,0.09224370799711323
D1-K2cross,0.35,1,elemental,0.875,0.3333333333333333,0.01978658599909977
D7-p3,0.3,1,exact,0.9020618556701031,0.3566666666666667,0.7466157269991527
D7-p3,0.3,1,local,0.9072164948453608,0.3566666666666667,0.5474778740026522
D7-p3,0.3,1,multistart,0.9020618556701031,0.3566666666666667,0.6672780959997908
D7-p3,0.3,1,elemental,0.5309278350515464,0.16333333333333333,1.3004611169999407
D7-p3,0.35,1,exact,0.9259259259259259,0.37,0.8919777820010495
D7-p3,0.35,1,local,0.5132275132275133,0.20333333333333334,0.5576780000010331
D7-p3,0.35,1,multistart,0.9259259259259259,0.37,0.6260879110013775
D7-p3,0.35,1,elemental,0.9259259259259259,0.37,0.6527586390002398
D1-K2cross,0.3,2,exact,0.9090909090909091,0.30333333333333334,0.02736998700129334
D1-K2cross,0.3,2,local,0.9090909090909091,0.30333333333333334,0.043128242999955546
D1-K2cross,0.3,2,multistart,0.9090909090909091,0.30333333333333334,0.105291562002094
D1-K2cross,0.3,2,elemental,0.9090909090909091,0.30333333333333334,0.01968620199841098
D1-K2cross,0.35,2,exact,0.9536082474226805,0.35333333333333333,0.027203087000089
D1-K2cross,0.35,2,local,0.9536082474226805,0.35333333333333333,0.04504713700225693
D1-K2cross,0.35,2,multistart,0.9536082474226805,0.35333333333333333,0.10467088799850899
D1-K2cross,0.35,2,elemental,0.9536082474226805,0.35333333333333333,0.02040565700008301
D7-p3,0.3,2,exact,0.9186602870813397,0.31,0.6423645879985997
D7-p3,0.3,2,local,0.9234449760765551,0.30666666666666664,0.5597094839977217
D7-p3,0.3,2,multistart,0.9234449760765551,0.30666666666666664,0.6179559160009376
D7-p3,0.3,2,elemental,0.9186602870813397,0.31,0.5259248580005078
D7-p3,0.35,2,exact,0.9222797927461139,0.3566666666666667,0.6301336149990675
D7-p3,0.35,2,local,0.927461139896373,0.3566666666666667,0.5761859160011227
D7-p3,0.35,2,multistart,0.917098445595855,0.36,0.6612101159989834
D7-p3,0.35,2,elemental,0.9222797927461139,0.3566666666666667,0.5190624509996269
D1-K2cross,0.3,3,exact,0.8846153846153846,0.30666666666666664,0.027729454999644076
D1-K2cross,0.3,3,local,0.8846153846153846,0.30666666666666664,0.05744315300034941
D1-K2cross,0.3,3,multistart,0.8846153846153846,0.30666666666666664,0.09109587800048757
D1-K2cross,0.3,3,elemental,0.8846153846153846,0.30666666666666664,0.019693893002113327
D1-K2cross,0.35,3,exact,0.9119170984455959,0.3566666666666667,0.02814981800111127
D1-K2cross,0.35,3,local,0.9119170984455959,0.3566666666666667,0.045032357000309275
D1-K2cross,0.35,3,multistart,0.9119170984455959,0.3566666666666667,0.09951611400174443
D1-K2cross,0.35,3,elemental,0.9119170984455959,0.3566666666666667,0.01943085200036876
D7-p3,0.3,3,exact,0.9241706161137441,0.30333333333333334,0.6069045820004249
D7-p3,0.3,3,local,0.9241706161137441,0.30333333333333334,0.550499075998232
D7-p3,0.3,3,multistart,0.9241706161137441,0.30333333333333334,0.5953841270020348
D7-p3,0.3,3,elemental,0.5165876777251185,0.19333333333333333,0.5036912430005032
D7-p3,0.35,3,exact,0.9296482412060302,0.33666666666666667,0.6194215809991874
D7-p3,0.35,3,local,0.9296482412060302,0.33666666666666667,0.571804871000495
D7-p3,0.35,3,multistart,0.9296482412060302,0.33666666666666667,0.6189223919973301
D7-p3,0.35,3,elemental,0.9296482412060302,0.33666666666666667,0.5675285949982936
D1-K2cross,0.3,4,exact,0.9191919191919192,0.34,0.029494392998458352
D1-K2cross,0.3,4,local,0.9191919191919192,0.34,0.047518472998490324
D1-K2cross,0.3,4,multistart,0.9191919191919192,0.34,0.11638292499992531
D1-K2cross,0.3,4,elemental,0.9141414141414141,0.34,0.022038228999008425
D1-K2cross,0.35,4,exact,0.5129533678756477,0.35333333333333333,0.03485310099858907
D1-K2cross,0.35,4,local,0.927461139896373,0.3566666666666667,0.043591204997937893
D1-K2cross,0.35,4,multistart,0.9326424870466321,0.3566666666666667,0.10060436999992817
D1-K2cross,0.35,4,elemental,0.9326424870466321,0.3566666666666667,0.023153319998527877
D7-p3,0.3,4,exact,0.9128205128205128,0.35333333333333333,0.598614139998972
D7-p3,0.3,4,local,0.9179487179487179,0.35,0.549399062001612
D7-p3,0.3,4,multistart,0.9128205128205128,0.35333333333333333,0.7079014139999344
D7-p3,0.3,4,elemental,0.9128205128205128,0.35333333333333333,0.5699372749986651
D7-p3,0.35,4,exact,0.8723404255319149,0.37333333333333335,0.6676760400005151
D7-p3,0.35,4,local,0.8776595744680851,0.38,0.6310477609986265
D7-p3,0.35,4,multistart,0.8670212765957447,0.37333333333333335,0.9264749490030226
D7-p3,0.35,4,elemental,0.5,0.19,0.5989274660023511
D1-K2cross,0.3,5,exact,0.9308510638297872,0.37333333333333335,0.027584363000642043
D1-K2cross,0.3,5,local,0.9148936170212766,0.37333333333333335,0.045814356999471784
D1-K2cross,0.3,5,multistart,0.9202127659574468,0.37333333333333335,0.10497908399702283
D1-K2cross,0.3,5,elemental,0.9308510638297872,0.37333333333333335,0.01966258399988874
D1-K2cross,0.35,5,exact,0.927461139896373,0.3566666666666667,0.02682657999685034
D1-K2cross,0.35,5,local,0.927461139896373,0.3566666666666667,0.04145933600011631
D1-K2cross,0.35,5,multistart,0.927461139896373,0.3566666666666667,0.10996348600019701
D1-K2cross,0.35,5,elemental,0.927461139896373,0.3566666666666667,0.02266249899912509
D7-p3,0.3,5,exact,0.8932038834951457,0.32,0.6373865049972665
D7-p3,0.3,5,local,0.8883495145631068,0.33,0.6751600899988262
D7-p3,0.3,5,multistart,0.8883495145631068,0.33,0.7419432989991037
D7-p3,0.3,5,elemental,0.8932038834951457,0.32,0.6213986949987884
D7-p3,0.35,5,exact,0.5082872928176796,0.17333333333333334,1.0387068819982233
D7-p3,0.35,5,local,0.9337016574585635,0.41333333333333333,0.7770588550010871
D7-p3,0.35,5,multistart,0.5138121546961326,0.22333333333333333,0.5860018179992039
D7-p3,0.35,5,elemental,0.9337016574585635,0.41333333333333333,0.5379735310016258
D1-K2cross,0.3,6,exact,0.9030612244897959,0.3466666666666667,0.028477446001488715
D1-K2cross,0.3,6,local,0.9081632653061225,0.3466666666666667,0.04085549599767546
D1-K2cross,0.3,6,multistart,0.9081632653061225,0.3466666666666667,0.09745620600006077
D1-K2cross,0.3,6,elemental,0.9081632653061225,0.3466666666666667,0.019726287999219494
D1-K2cross,0.35,6,exact,0.8894472361809045,0.33666666666666667,0.02909821700086468
D1-K2cross,0.35,6,local,0.8894472361809045,0.33666666666666667,0.04588518599848612
D1-K2cross,0.35,6,multistart,0.8844221105527639,0.33666666666666667,0.10213166999892564
D1-K2cross,0.35,6,elemental,0.8894472361809045,0.33666666666666667,0.019884027002262883
D7-p3,0.3,6,exact,0.9396984924623115,0.34,0.6309661590021278
D7-p3,0.3,6,local,0.9396984924623115,0.34,0.5418668060010532
D7-p3,0.3,6,multistart,0.9396984924623115,0.34,0.6436473829999159
D7-p3,0.3,6,elemental,0.9447236180904522,0.33666666666666667,0.5602310880021832
D7-p3,0.35,6,exact,0.8923076923076924,0.3566666666666667,0.7142751920000592
D7-p3,0.35,6,local,0.8923076923076924,0.3566666666666667,0.6213550360007503
D7-p3,0.35,6,multistart,0.8871794871794871,0.3566666666666667,0.654850170998543
D7-p3,0.35,6,elemental,0.5794871794871795,0.24333333333333335,0.58760028100005
D1-K2cross,0.3,7,exact,0.9182692307692307,0.30666666666666664,0.026156888001423795
D1-K2cross,0.3,7,local,0.9182692307692307,0.30666666666666664,0.04036945199914044
D1-K2cross,0.3,7,multistart,0.9134615384615384,0.30666666666666664,0.08696452599906479
D1-K2cross,0.3,7,elemental,0.9182692307692307,0.30666666666666664,0.019501478000165662
D1-K2cross,0.35,7,exact,0.9187817258883249,0.3433333333333333,0.02788169399718754
D1-K2cross,0.35,7,local,0.9187817258883249,0.3433333333333333,0.04412527800013777
D1-K2cross,0.35,7,multistart,0.9187817258883249,0.3433333333333333,0.1039496670018707
D1-K2cross,0.35,7,elemental,0.9187817258883249,0.3433333333333333,0.019425697999395197
D7-p3,0.3,7,exact,0.9061032863849765,0.29,0.6002979379991302
D7-p3,0.3,7,local,0.9107981220657277,0.29,0.5242796779966739
D7-p3,0.3,7,multistart,0.9061032863849765,0.29,0.5939695420020144
D7-p3,0.3,7,elemental,0.9061032863849765,0.29,0.5898933130010846
D7-p3,0.35,7,exact,0.8871794871794871,0.3566666666666667,0.5952572989990585
D7-p3,0.35,7,local,0.8871794871794871,0.3566666666666667,0.5209253449975222
D7-p3,0.35,7,multistart,0.8871794871794871,0.3566666666666667,0.5944049879981321
D7-p3,0.35,7,elemental,0.8871794871794871,0.3566666666666667,0.5298146620007174
D1-K2cross,0.3,8,exact,0.9136363636363637,0.26666666666666666,0.027737249998608604
D1-K2cross,0.3,8,local,0.9136363636363637,0.26666666666666666,0.04092919200047618
D1-K2cross,0.3,8,multistart,0.9136363636363637,0.26666666666666666,0.10504298500018194
D1-K2cross,0.3,8,elemental,0.9136363636363637,0.26666666666666666,0.02228998500140733
D1-K2cross,0.35,8,exact,0.9230769230769231,0.35,0.027140184000018053
D1-K2cross,0.35,8,local,0.9230769230769231,0.35,0.04515744400123367
D1-K2cross,0.35,8,multistart,0.9230769230769231,0.35,0.10134412000115844
D1-K2cross,0.35,8,elemental,0.9230769230769231,0.35,0.019301058000564808
D7-p3,0.3,8,exact,0.9154228855721394,0.3333333333333333,0.7202033329995174
D7-p3,0.3,8,local,0.9154228855721394,0.3333333333333333,0.9384031480003614
D7-p3,0.3,8,multistart,0.9154228855721394,0.3333333333333333,0.5975337389972992
D7-p3,0.3,8,elemental,0.6517412935323383,0.23,0.49945329500042135
D7-p3,0.35,8,exact,0.9424083769633508,0.36333333333333334,0.6432783649979683
D7-p3,0.35,8,local,0.93717277486911,0.36333333333333334,0.5083408279970172
D7-p3,0.35,8,multistart,0.9424083769633508,0.36333333333333334,0.5751199010010168
D7-p3,0.35,8,elemental,0.93717277486911,0.36333333333333334,0.4656270970008336
D1-K2cross,0.3,9,exact,0.9052132701421801,0.2966666666666667,0.030427662997681182
D1-K2cross,0.3,9,local,0.909952606635071,0.2966666666666667,0.04961101700246218
D1-K2cross,0.3,9,multistart,0.9052132701421801,0.2966666666666667,0.09589099999720929
D1-K2cross,0.3,9,elemental,0.909952606635071,0.2966666666666667,0.020270739998522913
D1-K2cross,0.35,9,exact,0.9130434782608695,0.31,0.029588642999442527
D1-K2cross,0.35,9,local,0.9227053140096618,0.31,0.06280951599910622
D1-K2cross,0.35,9,multistart,0.9227053140096618,0.31,0.11312321299919859
D1-K2cross,0.35,9,elemental,0.9227053140096618,0.31,0.07587686699844198
D7-p3,0.3,9,exact,0.9069767441860465,0.2866666666666667,1.0222896129998844
D7-p3,0.3,9,local,0.8976744186046511,0.2866666666666667,0.5670275320007931
D7-p3,0.3,9,multistart,0.9069767441860465,0.2866666666666667,0.7961968609997712
D7-p3,0.3,9,elemental,0.9069767441860465,0.2966666666666667,0.5421393159995205
D7-p3,0.35,9,exact,0.8823529411764706,0.38,0.6118329050004832
D7-p3,0.35,9,local,0.8823529411764706,0.38,0.5748112729997956
D7-p3,0.35,9,multistart,0.5508021390374331,0.19,0.5810596530027397
D7-p3,0.35,9,elemental,0.5828877005347594,0.18666666666666668,0.5081297569995513
D1-K2cross,0.3,10,exact,0.9234234234234234,0.26,0.02804842800105689
D1-K2cross,0.3,10,local,0.9234234234234234,0.26,0.04613711899946793
D1-K2cross,0.3,10,multistart,0.9234234234234234,0.26,0.09161377700002049
D1-K2cross,0.3,10,elemental,0.9234234234234234,0.26,0.019620257000497077
D1-K2cross,0.35,10,exact,0.9205607476635514,0.2866666666666667,0.02700363300027675
D1-K2cross,0.35,10,local,0.9205607476635514,0.2866666666666667,0.038839681998069864
D1-K2cross,0.35,10,multistart,0.9158878504672897,0.2866666666666667,0.096151859001111
D1-K2cross,0.35,10,elemental,0.9205607476635514,0.2866666666666667,0.0199245530020562
D7-p3,0.3,10,exact,0.8871794871794871,0.35,0.5922913929971401
D7-p3,0.3,10,local,0.6256410256410256,0.18333333333333332,0.567421595002088
D7-p3,0.3,10,multistart,0.882051282051282,0.35,0.6601415759978408
D7-p3,0.3,10,elemental,0.882051282051282,0.3566666666666667,0.6235066850022122
D7-p3,0.35,10,exact,0.9179487179487179,0.35,0.6554605679993983
D7-p3,0.35,10,local,0.9230769230769231,0.35,0.6107364810013678
D7-p3,0.35,10,multistart,0.9230769230769231,0.35,0.6368851090010139
D7-p3,0.35,10,elemental,0.5435897435897435,0.26666666666666666,0.5610087589993782
D1-K2cross,0.3,11,exact,0.9150943396226415,0.29333333333333333,0.027504589001182467
D1-K2cross,0.3,11,local,0.9150943396226415,0.29333333333333333,0.03888300300241099
D1-K2cross,0.3,11,multistart,0.9150943396226415,0.29333333333333333,0.09672478900029091
D1-K2cross,0.3,11,elemental,0.9150943396226415,0.29333333333333333,0.01946446700094384
D1-K2cross,0.35,11,exact,0.9154228855721394,0.33,0.029491430999769364
D1-K2cross,0.35,11,local,0.9154228855721394,0.33,0.041981799997302005
D1-K2cross,0.35,11,multistart,0.9154228855721394,0.33,0.0957767040017643
D1-K2cross,0.35,11,elemental,0.9203980099502488,0.33,0.019612889002019074
D7-p3,0.3,11,exact,0.9146919431279621,0.2966666666666667,0.5922081700009585
D7-p3,0.3,11,local,0.9146919431279621,0.2966666666666667,0.6025916489998053
D7-p3,0.3,11,multistart,0.9146919431279621,0.2966666666666667,0.7042123659994104
D7-p3,0.3,11,elemental,0.9146919431279621,0.2966666666666667,0.5952201399995829
D7-p3,0.35,11,exact,0.9153439153439153,0.37,0.6285619869995571
D7-p3,0.35,11,local,0.9153439153439153,0.37,0.5844383359981293
D7-p3,0.35,11,multistart,0.9153439153439153,0.37,0.5802747079978872
D7-p3,0.35,11,elemental,0.9153439153439153,0.37,0.5907908890003455
D1-K2cross,0.3,12,exact,0.9086538461538461,0.30666666666666664,0.028743943003064487
D1-K2cross,0.3,12,local,0.9038461538461539,0.30666666666666664,0.04459205500097596
D1-K2cross,0.3,12,multistart,0.9086538461538461,0.30666666666666664,0.08761682900149026
D1-K2cross,0.3,12,elemental,0.9086538461538461,0.30666666666666664,0.02002067500143312
D1-K2cross,0.35,12,exact,0.923469387755102,0.3466666666666667,0.025946977999410592
D1-K2cross,0.35,12,local,0.9183673469387755,0.3466666666666667,0.03946723500121152
D1-K2cross,0.35,12,multistart,0.923469387755102,0.3466666666666667,0.11426822900102707
D1-K2cross,0.35,12,elemental,0.9183673469387755,0.3466666666666667,0.02208047599924612
D7-p3,0.3,12,exact,0.8990384615384616,0.30666666666666664,0.653422971998225
D7-p3,0.3,12,local,0.8990384615384616,0.30666666666666664,0.5492559649974282
D7-p3,0.3,12,multistart,0.8990384615384616,0.30666666666666664,0.6412579679999908
D7-p3,0.3,12,elemental,0.8990384615384616,0.30666666666666664,0.5088049449987011
D7-p3,0.35,12,exact,0.8711340206185567,0.35333333333333333,0.5943070280009124
D7-p3,0.35,12,local,0.8711340206185567,0.35333333333333333,0.5404836420020729
D7-p3,0.35,12,multistart,0.8711340206185567,0.35333333333333333,0.5873905689986714
D7-p3,0.35,12,elemental,0.8711340206185567,0.35333333333333333,0.5304387579999457
D1-K2cross,0.3,13,exact,0.9425837320574163,0.30666666666666664,0.028885577998153167
D1-K2cross,0.3,13,local,0.9425837320574163,0.30666666666666664,0.04192376900027739
D1-K2cross,0.3,13,multistart,0.9425837320574163,0.30666666666666664,0.09078041600150755
D1-K2cross,0.3,13,elemental,0.9425837320574163,0.30666666666666664,0.01960302900261013
D1-K2cross,0.35,13,exact,0.9239130434782609,0.38666666666666666,0.028600311998161487
D1-K2cross,0.35,13,local,0.9239130434782609,0.38666666666666666,0.04493253500186256
D1-K2cross,0.35,13,multistart,0.9239130434782609,0.38666666666666666,0.09555066900065867
D1-K2cross,0.35,13,elemental,0.9239130434782609,0.38666666666666666,0.021280334000039147
D7-p3,0.3,13,exact,0.912621359223301,0.31333333333333335,0.5933718609994685
D7-p3,0.3,13,local,0.9077669902912622,0.31333333333333335,0.5613703660019382
D7-p3,0.3,13,multistart,0.912621359223301,0.31333333333333335,0.6206676250003511
D7-p3,0.3,13,elemental,0.912621359223301,0.31333333333333335,0.4996737910005322
D7-p3,0.35,13,exact,0.8894472361809045,0.34,0.6085631339992688
D7-p3,0.35,13,local,0.8894472361809045,0.34,0.5923988100003044
D7-p3,0.35,13,multistart,0.8894472361809045,0.34,0.6669754649992683
D7-p3,0.35,13,elemental,0.8894472361809045,0.34,0.5289263209997443
D1-K2cross,0.3,14,exact,0.8904761904761904,0.3,0.027026136001950363
D1-K2cross,0.3,14,local,0.8904761904761904,0.3,0.04629196300084004
D1-K2cross,0.3,14,multistart,0.8904761904761904,0.3,0.10442284699820448
D1-K2cross,0.3,14,elemental,0.8904761904761904,0.3,0.019531680998625234
D1-K2cross,0.35,14,exact,0.9313725490196079,0.32,0.028189554999698885
D1-K2cross,0.35,14,local,0.9313725490196079,0.32,0.04114934700191952
D1-K2cross,0.35,14,multistart,0.9215686274509803,0.32,0.1063100850005867
D1-K2cross,0.35,14,elemental,0.9215686274509803,0.32,0.020302719000028446
D7-p3,0.3,14,exact,0.8755760368663594,0.2833333333333333,0.5858294440004101
D7-p3,0.3,14,local,0.880184331797235,0.28,0.503398400000151
D7-p3,0.3,14,multistart,0.880184331797235,0.2833333333333333,0.5601489059990854
D7-p3,0.3,14,elemental,0.880184331797235,0.2833333333333333,0.48656094900070457
D7-p3,0.35,14,exact,0.9206349206349206,0.37,0.6216623250002158
D7-p3,0.35,14,local,0.9153439153439153,0.37333333333333335,0.579533325999364
D7-p3,0.35,14,multistart,0.5291005291005291,0.14333333333333334,0.6488873369999055
D7-p3,0.35,14,elemental,0.5238095238095238,0.20666666666666667,0.5579566550004529
D1-K2cross,0.3,15,exact,0.9323671497584541,0.31,0.0288478340007714
D1-K2cross,0.3,15,local,0.9323671497584541,0.31,0.046220381002058275
D1-K2cross,0.3,15,multistart,0.9323671497584541,0.31,0.09674478600209113
D1-K2cross,0.3,15,elemental,0.9323671497584541,0.31,0.01937297200129251
D1-K2cross,0.35,15,exact,0.9137055837563451,0.3433333333333333,0.02862831099992036
D1-K2cross,0.35,15,local,0.9187817258883249,0.3433333333333333,0.042660726998292375
D1-K2cross,0.35,15,multistart,0.9187817258883249,0.3433333333333333,0.0949928150002961
D1-K2cross,0.35,15,elemental,0.9137055837563451,0.3433333333333333,0.01990372499858495
D7-p3,0.3,15,exact,0.9068627450980392,0.32,0.6013304499974765
D7-p3,0.3,15,local,0.8970588235294118,0.32,0.5590124320005998
D7-p3,0.3,15,multistart,0.9068627450980392,0.32,0.6167107050023333
D7-p3,0.3,15,elemental,0.9068627450980392,0.32,0.5451118439996208
D7-p3,0.35,15,exact,0.9193548387096774,0.38,0.678547241997876
D7-p3,0.35,15,local,0.9139784946236559,0.38,0.5574825449984928
D7-p3,0.35,15,multistart,0.9247311827956989,0.38,0.6085891180009639
D7-p3,0.35,15,elemental,0.5,0.19666666666666666,0.557610375002696
D1-K2cross,0.3,16,exact,0.8840579710144928,0.31,0.027536493998923106
D1-K2cross,0.3,16,local,0.8888888888888888,0.31,0.04650230000333977
D1-K2cross,0.3,16,multistart,0.8888888888888888,0.31,0.11199046700130566
D1-K2cross,0.3,16,elemental,0.8840579710144928,0.31,0.020575103000737727
D1-K2cross,0.35,16,exact,0.8770053475935828,0.37666666666666665,0.03004378299738164
D1-K2cross,0.35,16,local,0.8770053475935828,0.37666666666666665,0.042689703001087764
D1-K2cross,0.35,16,multistart,0.8770053475935828,0.37666666666666665,0.09951529599857167
D1-K2cross,0.35,16,elemental,0.8770053475935828,0.37666666666666665,0.021300743999745464
D7-p3,0.3,16,exact,0.9398148148148148,0.28,0.6780737769986445
D7-p3,0.3,16,local,0.9490740740740741,0.28,0.5907765489973826
D7-p3,0.3,16,multistart,0.9490740740740741,0.28,0.6536072460003197
D7-p3,0.3,16,elemental,0.9490740740740741,0.28,0.5756754739995813
D7-p3,0.35,16,exact,0.8724489795918368,0.36333333333333334,0.6424277439982689
D7-p3,0.35,16,local,0.5051020408163265,0.18666666666666668,0.5521052769981907
D7-p3,0.35,16,multistart,0.8724489795918368,0.36333333333333334,0.6080401120016177
D7-p3,0.35,16,elemental,0.8724489795918368,0.36333333333333334,0.527242619999015
D1-K2cross,0.3,17,exact,0.910377358490566,0.29333333333333333,0.034383980000711745
D1-K2cross,0.3,17,local,0.910377358490566,0.29333333333333333,0.0501636690023588
D1-K2cross,0.3,17,multistart,0.910377358490566,0.29333333333333333,0.11313082500055316
D1-K2cross,0.3,17,elemental,0.910377358490566,0.29333333333333333,0.02109576300063054
D1-K2cross,0.35,17,exact,0.9289617486338798,0.39,0.028255241002625553
D1-K2cross,0.35,17,local,0.9234972677595629,0.39,0.04730643999937456
D1-K2cross,0.35,17,multistart,0.9289617486338798,0.39,0.11265806599840289
D1-K2cross,0.35,17,elemental,0.9289617486338798,0.39,0.02240199899824802
D7-p3,0.3,17,exact,0.9009433962264151,0.29333333333333333,0.7380219109982136
D7-p3,0.3,17,local,0.8962264150943396,0.29333333333333333,0.666271391997725
D7-p3,0.3,17,multistart,0.910377358490566,0.29333333333333333,0.695980658998451
D7-p3,0.3,17,elemental,0.910377358490566,0.29333333333333333,0.561331519002124
D7-p3,0.35,17,exact,0.8606965174129353,0.3333333333333333,0.5969108890021744
D7-p3,0.35,17,local,0.8656716417910447,0.3333333333333333,0.5511995330016362
D7-p3,0.35,17,multistart,0.8706467661691543,0.3333333333333333,0.6098493280005641
D7-p3,0.35,17,elemental,0.8706467661691543,0.3333333333333333,0.5138201939989813
D1-K2cross,0.3,18,exact,0.9323671497584541,0.31,0.02571039699978428
D1-K2cross,0.3,18,local,0.9323671497584541,0.31,0.0446032039981219
D1-K2cross,0.3,18,multistart,0.9323671497584541,0.31,0.09239342900036718
D1-K2cross,0.3,18,elemental,0.9323671497584541,0.31,0.019532067999534775
D1-K2cross,0.35,18,exact,0.925,0.3333333333333333,0.026732162001280813
D1-K2cross,0.35,18,local,0.925,0.3333333333333333,0.04313951000222005
D1-K2cross,0.35,18,multistart,0.925,0.3333333333333333,0.09096260600199457
D1-K2cross,0.35,18,elemental,0.925,0.3333333333333333,0.019796510998276062
D7-p3,0.3,18,exact,0.9095238095238095,0.30333333333333334,0.6358660200021404
D7-p3,0.3,18,local,0.9095238095238095,0.30333333333333334,0.5342694479986676
D7-p3,0.3,18,multistart,0.9095238095238095,0.30333333333333334,0.6077976879969356
D7-p3,0.3,18,elemental,0.9095238095238095,0.30333333333333334,0.5201347799993528
D7-p3,0.35,18,exact,0.933649289099526,0.2966666666666667,0.5903669829967839
D7-p3,0.35,18,local,0.933649289099526,0.2966666666666667,0.534309539001697
D7-p3,0.35,18,multistart,0.9289099526066351,0.2966666666666667,0.5898060800027451
D7-p3,0.35,18,elemental,0.933649289099526,0.2966666666666667,0.5177704399975482
D1-K2cross,0.3,19,exact,0.9198113207547169,0.29333333333333333,0.02730207800050266
D1-K2cross,0.3,19,local,0.910377358490566,0.29333333333333333,0.04595731300287298
D1-K2cross,0.3,19,multistart,0.910377358490566,0.29333333333333333,0.09697173499807832
D1-K2cross,0.3,19,elemental,0.910377358490566,0.29333333333333333,0.022663102001388324
D1-K2cross,0.35,19,exact,0.914572864321608,0.33666666666666667,0.027224072997341864
D1-K2cross,0.35,19,local,0.914572864321608,0.33666666666666667,0.042056176000187406
D1-K2cross,0.35,19,multistart,0.914572864321608,0.33666666666666667,0.09805137399962405
D1-K2cross,0.35,19,elemental,0.914572864321608,0.33666666666666667,0.019440686999587342
D7-p3,0.3,19,exact,0.9140271493212669,0.2633333333333333,0.6474612490019354
D7-p3,0.3,19,local,0.9140271493212669,0.2633333333333333,0.5660217039985582
D7-p3,0.3,19,multistart,0.918552036199095,0.2633333333333333,0.6176953189969936
D7-p3,0.3,19,elemental,0.918552036199095,0.2633333333333333,0.5277201979988604
D7-p3,0.35,19,exact,0.9301075268817204,0.38,0.6174829520023195
D7-p3,0.35,19,local,0.9301075268817204,0.38,0.5259888440014038
D7-p3,0.35,19,multistart,0.9301075268817204,0.38,0.6546892789992853
D7-p3,0.35,19,elemental,0.5161290322580645,0.19333333333333333,0.5107299340015743
D1-K2cross,0.3,20,exact,0.9111111111111111,0.25,0.027514536999660777
D1-K2cross,0.3,20,local,0.9244444444444444,0.25,0.04608776600070996
D1-K2cross,0.3,20,multistart,0.9244444444444444,0.25,0.09990090499923099
D1-K2cross,0.3,20,elemental,0.9244444444444444,0.25,0.019970412999100517
D1-K2cross,0.35,20,exact,0.9223300970873787,0.31333333333333335,0.029277171001012903
D1-K2cross,0.35,20,local,0.9223300970873787,0.31333333333333335,0.04166574699775083
D1-K2cross,0.35,20,multistart,0.9223300970873787,0.31333333333333335,0.10101675699843327
D1-K2cross,0.35,20,elemental,0.9223300970873787,0.31333333333333335,0.022406288000638597
D7-p3,0.3,20,exact,0.9068627450980392,0.32,0.656901177000691
D7-p3,0.3,20,local,0.9068627450980392,0.32,0.5283401369997591
D7-p3,0.3,20,multistart,0.9068627450980392,0.32,0.6182765829980781
D7-p3,0.3,20,elemental,0.5245098039215687,0.32,0.5650012840014824
D7-p3,0.35,20,exact,0.9028571428571428,0.4166666666666667,0.7148238929985382
D7-p3,0.35,20,local,0.9142857142857143,0.4166666666666667,0.5322535349987447
D7-p3,0.35,20,multistart,0.5542857142857143,0.23,0.6250729999992473
D7-p3,0.35,20,elemental,0.56,0.22333333333333333,0.5396000069995353
D1-K2cross,0.3,21,exact,0.8909952606635071,0.2966666666666667,0.027982569998130202
D1-K2cross,0.3,21,local,0.8909952606635071,0.2966666666666667,0.04014233099951525
D1-K2cross,0.3,21,multistart,0.8909952606635071,0.2966666666666667,0.09441780499764718
D1-K2cross,0.3,21,elemental,0.8909952606635071,0.2966666666666667,0.019794241001363844
D1-K2cross,0.35,21,exact,0.8921568627450981,0.32,0.027377541999157984
D1-K2cross,0.35,21,local,0.8921568627450981,0.32,0.04366827499688952
D1-K2cross,0.35,21,multistart,0.8921568627450981,0.32,0.08865597299882211
D1-K2cross,0.35,21,elemental,0.8921568627450981,0.32,0.020443890000024112
D7-p3,0.3,21,exact,0.9242424242424242,0.34,0.6785494520008797
D7-p3,0.3,21,local,0.9242424242424242,0.34,0.5555952200011234
D7-p3,0.3,21,multistart,0.9242424242424242,0.34,0.6858831270001247
D7-p3,0.3,21,elemental,0.9292929292929293,0.34,0.5230514110007789
D7-p3,0.35,21,exact,0.8941798941798942,0.37333333333333335,0.6095483049975883
D7-p3,0.35,21,local,0.8941798941798942,0.37333333333333335,0.5420142789989768
D7-p3,0.35,21,multistart,0.8941798941798942,0.37333333333333335,0.5868900380010018
D7-p3,0.35,21,elemental,0.8941798941798942,0.37333333333333335,0.5294011299993144
D1-K2cross,0.3,22,exact,0.9234449760765551,0.30333333333333334,0.028223941997566726
D1-K2cross,0.3,22,local,0.9186602870813397,0.30333333333333334,0.04245814599926234
D1-K2cross,0.3,22,multistart,0.9234449760765551,0.30333333333333334,0.09129007899900898
D1-K2cross,0.3,22,elemental,0.9186602870813397,0.30333333333333334,0.018532066998886876
D1-K2cross,0.35,22,exact,0.9020618556701031,0.35333333333333333,0.02685285999905318
D1-K2cross,0.35,22,local,0.9020618556701031,0.35333333333333333,0.039605619000212755
D1-K2cross,0.35,22,multistart,0.9072164948453608,0.35333333333333333,0.09193598199999542
D1-K2cross,0.35,22,elemental,0.9072164948453608,0.35333333333333333,0.019854582998959813
D7-p3,0.3,22,exact,0.9198113207547169,0.30333333333333334,0.6011696189998474
D7-p3,0.3,22,local,0.9245283018867925,0.30666666666666664,0.5694994039986341
D7-p3,0.3,22,multistart,0.9198113207547169,0.30333333333333334,0.6685428589989897
D7-p3,0.3,22,elemental,0.9198113207547169,0.30333333333333334,0.5547231740019924
D7-p3,0.35,22,exact,0.8865979381443299,0.35333333333333333,0.6142080770005123
D7-p3,0.35,22,local,0.8865979381443299,0.35333333333333333,0.5030208130010578
D7-p3,0.35,22,multistart,0.8917525773195877,0.35333333333333333,0.6197905539993371
D7-p3,0.35,22,elemental,0.8969072164948454,0.35333333333333333,0.5720117310011119
D1-K2cross,0.3,23,exact,0.9004524886877828,0.2633333333333333,0.028567653000209248
D1-K2cross,0.3,23,local,0.9004524886877828,0.2633333333333333,0.04773530199963716
D1-K2cross,0.3,23,multistart,0.9004524886877828,0.2633333333333333,0.0935173580000992
D1-K2cross,0.3,23,elemental,0.9004524886877828,0.2633333333333333,0.022426660001656273
D1-K2cross,0.35,23,exact,0.8622448979591837,0.3466666666666667,0.03059922399916104
D1-K2cross,0.35,23,local,0.8622448979591837,0.3466666666666667,0.04399124400151777
D1-K2cross,0.35,23,multistart,0.8622448979591837,0.3466666666666667,0.11332704400047078
D1-K2cross,0.35,23,elemental,0.8622448979591837,0.3466666666666667,0.021169404000829672
D7-p3,0.3,23,exact,0.933649289099526,0.3,0.6392527360003442
D7-p3,0.3,23,local,0.933649289099526,0.3,0.559831516999111
D7-p3,0.3,23,multistart,0.9383886255924171,0.3,0.6125675270013744
D7-p3,0.3,23,elemental,0.933649289099526,0.3,0.5290484369979822
D7-p3,0.35,23,exact,0.885,0.35,0.590690053999424
D7-p3,0.35,23,local,0.885,0.35,0.5358557190011197
D7-p3,0.35,23,multistart,0.89,0.35,0.567229459000373
D7-p3,0.35,23,elemental,0.88,0.35,0.46685190700009116
D1-K2cross,0.3,24,exact,0.8904109589041096,0.27,0.028714310999930603
D1-K2cross,0.3,24,local,0.8904109589041096,0.27,0.04353122899919981
D1-K2cross,0.3,24,multistart,0.8904109589041096,0.27,0.09641476700198837
D1-K2cross,0.3,24,elemental,0.8904109589041096,0.27,0.02041682599883643
D1-K2cross,0.35,24,exact,0.898989898989899,0.34,0.028888082000776194
D1-K2cross,0.35,24,local,0.898989898989899,0.34,0.042400482001539785
D1-K2cross,0.35,24,multistart,0.898989898989899,0.34,0.09964507800032152
D1-K2cross,0.35,24,elemental,0.898989898989899,0.34,0.01911372299946379
D7-p3,0.3,24,exact,0.9272727272727272,0.26666666666666666,0.5886974070017459
D7-p3,0.3,24,local,0.9272727272727272,0.26666666666666666,0.5457104110028013
D7-p3,0.3,24,multistart,0.9318181818181818,0.26666666666666666,0.6148527680015832
D7-p3,0.3,24,elemental,0.9409090909090909,0.26666666666666666,0.5520299189993239
D7-p3,0.35,24,exact,0.90625,0.36,0.6543033739981183
D7-p3,0.35,24,local,0.90625,0.36,0.5484891269989021
D7-p3,0.35,24,multistart,0.90625,0.36,0.6498338999990665
D7-p3,0.35,24,elemental,0.90625,0.36,0.5049771310004871
D1-K2cross,0.3,25,exact,0.8942307692307693,0.30666666666666664,0.02728251500229817
D1-K2cross,0.3,25,local,0.8942307692307693,0.30666666666666664,0.04845560200192267
D1-K2cross,0.3,25,multistart,0.8942307692307693,0.30666666666666664,0.10418948399819783
D1-K2cross,0.3,25,elemental,0.8942307692307693,0.30666666666666664,0.020502993997070007
D1-K2cross,0.35,25,exact,0.9081632653061225,0.3466666666666667,0.027842468000017107
D1-K2cross,0.35,25,local,0.9081632653061225,0.3466666666666667,0.04734086299868068
D1-K2cross,0.35,25,multistart,0.9081632653061225,0.3466666666666667,0.10223777999999584
D1-K2cross,0.35,25,elemental,0.9081632653061225,0.3466666666666667,0.019800009999016766
D7-p3,0.3,25,exact,0.9178082191780822,0.27,0.6563192510002409
D7-p3,0.3,25,local,0.9178082191780822,0.27,0.5687892639980419
D7-p3,0.3,25,multistart,0.91324200913242,0.27,0.6535280120006064
D7-p3,0.3,25,elemental,0.9178082191780822,0.2733333333333333,0.5204392589985218
D7-p3,0.35,25,exact,0.9211822660098522,0.3333333333333333,0.6984670929996355
D7-p3,0.35,25,local,0.9211822660098522,0.3333333333333333,0.6128082699979132
D7-p3,0.35,25,multistart,0.9211822660098522,0.3333333333333333,0.6494430709972221
D7-p3,0.35,25,elemental,0.9211822660098522,0.3333333333333333,0.5401945980011078
D1-K2cross,0.3,26,exact,0.9357798165137615,0.2733333333333333,0.02946044900090783
D1-K2cross,0.3,26,local,0.9357798165137615,0.2733333333333333,0.045868725999753224
D1-K2cross,0.3,26,multistart,0.9403669724770642,0.2733333333333333,0.10658567300197319
D1-K2cross,0.3,26,elemental,0.9357798165137615,0.2733333333333333,0.02005014799942728
D1-K2cross,0.35,26,exact,0.9306930693069307,0.32666666666666666,0.028225737001775997
D1-K2cross,0.35,26,local,0.9306930693069307,0.32666666666666666,0.04255513499811059
D1-K2cross,0.35,26,multistart,0.9356435643564357,0.32666666666666666,0.10211579600218101
D1-K2cross,0.35,26,elemental,0.9356435643564357,0.32666666666666666,0.020516185999440495
D7-p3,0.3,26,exact,0.8838383838383839,0.34,0.6271969920017
D7-p3,0.3,26,local,0.8838383838383839,0.34,0.5438894520011672
D7-p3,0.3,26,multistart,0.8838383838383839,0.34,0.6437245810011518
D7-p3,0.3,26,elemental,0.8838383838383839,0.34,0.5328699999990931
D7-p3,0.35,26,exact,0.8995215311004785,0.30333333333333334,0.6470817009976599
D7-p3,0.35,26,local,0.9090909090909091,0.30333333333333334,0.5412539280005149
D7-p3,0.35,26,multistart,0.8995215311004785,0.30333333333333334,0.6360035939978843
D7-p3,0.35,26,elemental,0.9043062200956937,0.30333333333333334,0.5332630570010224
D1-K2cross,0.3,27,exact,0.8842592592592593,0.28,0.027866672000527615
D1-K2cross,0.3,27,local,0.8842592592592593,0.28,0.04557115399802569
D1-K2cross,0.3,27,multistart,0.8842592592592593,0.28,0.100525388999813
D1-K2cross,0.3,27,elemental,0.8842592592592593,0.28,0.02146055300181615
D1-K2cross,0.35,27,exact,0.9234449760765551,0.30333333333333334,0.02839261799817905
D1-K2cross,0.35,27,local,0.9282296650717703,0.30333333333333334,0.04394336299810675
D1-K2cross,0.35,27,multistart,0.9234449760765551,0.30333333333333334,0.08808786300141946
D1-K2cross,0.35,27,elemental,0.9234449760765551,0.30333333333333334,0.02036391799992998
D7-p3,0.3,27,exact,0.8947368421052632,0.3333333333333333,0.7177845500009425
D7-p3,0.3,27,local,0.8947368421052632,0.3333333333333333,0.6183403130016814
D7-p3,0.3,27,multistart,0.8947368421052632,0.34,0.7012789469990821
D7-p3,0.3,27,elemental,0.8899521531100478,0.37333333333333335,0.582342425997922
D7-p3,0.35,27,exact,0.9029126213592233,0.32,0.6699056799989194
D7-p3,0.35,27,local,0.8980582524271845,0.31666666666666665,0.6098256649966061
D7-p3,0.35,27,multistart,0.8932038834951457,0.33666666666666667,0.6880490670009749
D7-p3,0.35,27,elemental,0.8932038834951457,0.31666666666666665,0.5304257269999653
D1-K2cross,0.3,28,exact,0.8990384615384616,0.31666666666666665,0.026362455002526985
D1-K2cross,0.3,28,local,0.8990384615384616,0.31333333333333335,0.04091892599899438
D1-K2cross,0.3,28,multistart,0.8990384615384616,0.31666666666666665,0.10735663499872317
D1-K2cross,0.3,28,elemental,0.8990384615384616,0.31666666666666665,0.024410643000010168
D1-K2cross,0.35,28,exact,0.9226804123711341,0.35333333333333333,0.033208443001058185
D1-K2cross,0.35,28,local,0.9226804123711341,0.35333333333333333,0.057456179998553125
D1-K2cross,0.35,28,multistart,0.9226804123711341,0.35333333333333333,0.1115154849976534
D1-K2cross,0.35,28,elemental,0.9226804123711341,0.35333333333333333,0.02481522100060829
D7-p3,0.3,28,exact,0.9285714285714286,0.3,0.6376452850017813
D7-p3,0.3,28,local,0.5380952380952381,0.23,0.5846629500010749
D7-p3,0.3,28,multistart,0.9285714285714286,0.3,0.5932654589996673
D7-p3,0.3,28,elemental,0.9285714285714286,0.3,0.49156405400208314
D7-p3,0.35,28,exact,0.905,0.3333333333333333,0.6199511910017463
D7-p3,0.35,28,local,0.895,0.3333333333333333,0.5392860590000055
D7-p3,0.35,28,multistart,0.9,0.3333333333333333,0.7054710350021196
D7-p3,0.35,28,elemental,0.53,0.3333333333333333,0.5473758359985368
D1-K2cross,0.3,29,exact,0.9043062200956937,0.30333333333333334,0.026973762000125134
D1-K2cross,0.3,29,local,0.9043062200956937,0.30333333333333334,0.04803056500168168
D1-K2cross,0.3,29,multistart,0.9043062200956937,0.30333333333333334,0.10207083100249292
D1-K2cross,0.3,29,elemental,0.5502392344497608,0.11666666666666667,0.019998753999971086
D1-K2cross,0.35,29,exact,0.9336734693877551,0.3466666666666667,0.026768124000227544
D1-K2cross,0.35,29,local,0.9336734693877551,0.3466666666666667,0.046812823002255755
D1-K2cross,0.35,29,multistart,0.9336734693877551,0.3466666666666667,0.09015475300111575
D1-K2cross,0.35,29,elemental,0.9336734693877551,0.3466666666666667,0.025635977999627357
D7-p3,0.3,29,exact,0.8985507246376812,0.31,0.6006099570004153
D7-p3,0.3,29,local,0.9082125603864735,0.32666666666666666,0.5367562930005079
D7-p3,0.3,29,multistart,0.9082125603864735,0.3233333333333333,0.5798360819972004
D7-p3,0.3,29,elemental,0.8985507246376812,0.31,0.5301688979998289
D7-p3,0.35,29,exact,0.9128205128205128,0.35,0.605350906997046
D7-p3,0.35,29,local,0.6410256410256411,0.25666666666666665,0.5654611870013468
D7-p3,0.35,29,multistart,0.9179487179487179,0.35,0.6135028560020146
D7-p3,0.35,29,elemental,0.9076923076923077,0.35,0.5244352480003727
D1-K2cross,0.3,30,exact,0.8634146341463415,0.31666666666666665,0.030773264999879757
D1-K2cross,0.3,30,local,0.8634146341463415,0.31666666666666665,0.04398445300103049
D1-K2cross,0.3,30,multistart,0.8682926829268293,0.31666666666666665,0.0989429340006609
D1-K2cross,0.3,30,elemental,0.8682926829268293,0.31666666666666665,0.0229220709989022
D1-K2cross,0.35,30,exact,0.8756476683937824,0.3566666666666667,0.030661093998787692
D1-K2cross,0.35,30,local,0.8704663212435233,0.3566666666666667,0.047051278001163155
D1-K2cross,0.35,30,multistart,0.8756476683937824,0.3566666666666667,0.10320618500190903
D1-K2cross,0.35,30,elemental,0.8756476683937824,0.3566666666666667,0.020275619001040468
D7-p3,0.3,30,exact,0.9441860465116279,0.2833333333333333,0.5525074149991269
D7-p3,0.3,30,local,0.9441860465116279,0.2833333333333333,0.4944727430010971
D7-p3,0.3,30,multistart,0.9441860465116279,0.2833333333333333,0.6028155189997051
D7-p3,0.3,30,elemental,0.9441860465116279,0.2833333333333333,0.5121655419970921
D7-p3,0.35,30,exact,0.918918918918919,0.38333333333333336,0.6253566949999367
D7-p3,0.35,30,local,0.918918918918919,0.38333333333333336,0.5592053109976405
D7-p3,0.35,30,multistart,0.9297297297297298,0.38333333333333336,0.5965264849983214
D7-p3,0.35,30,elemental,0.9297297297297298,0.38333333333333336,0.5307611100033682
D1-K2cross,0.3,31,exact,0.8894009216589862,0.27666666666666667,0.02691163400231744
D1-K2cross,0.3,31,local,0.8894009216589862,0.27666666666666667,0.04301036000106251
D1-K2cross,0.3,31,multistart,0.8894009216589862,0.27666666666666667,0.1009576639989973
D1-K2cross,0.3,31,elemental,0.8894009216589862,0.27666666666666667,0.020749140003317734
D1-K2cross,0.35,31,exact,0.9117647058823529,0.32,0.030635499002528377
D1-K2cross,0.35,31,local,0.9117647058823529,0.32,0.04521387799832155
D1-K2cross,0.35,31,multistart,0.9117647058823529,0.32,0.09438330899865832
D1-K2cross,0.35,31,elemental,0.9117647058823529,0.32,0.01949325999885332
D7-p3,0.3,31,exact,0.9323671497584541,0.31,0.631057497997972
D7-p3,0.3,31,local,0.927536231884058,0.31,0.5564978770016751
D7-p3,0.3,31,multistart,0.927536231884058,0.31,0.5986870109991287
D7-p3,0.3,31,elemental,0.927536231884058,0.31,0.5091731200009235
D7-p3,0.35,31,exact,0.9010989010989011,0.3933333333333333,0.6295604260012624
D7-p3,0.35,31,local,0.5,0.21333333333333335,0.5391187109999009
D7-p3,0.35,31,multistart,0.9065934065934066,0.3933333333333333,0.5685187419985596
D7-p3,0.35,31,elemental,0.9010989010989011,0.3933333333333333,0.5169619750013226
D1-K2cross,0.3,32,exact,0.9104477611940298,0.33,0.02940672900149366
D1-K2cross,0.3,32,local,0.9104477611940298,0.33,0.04398626599868294
D1-K2cross,0.3,32,multistart,0.9104477611940298,0.33,0.1015118249997613
D1-K2cross,0.3,32,elemental,0.9203980099502488,0.33,0.020406278999871574
D1-K2cross,0.35,32,exact,0.9405940594059405,0.32666666666666666,0.026874579998548143
D1-K2cross,0.35,32,local,0.9405940594059405,0.32666666666666666,0.04652785100188339
D1-K2cross,0.35,32,multistart,0.9405940594059405,0.32666666666666666,0.0969943609998154
D1-K2cross,0.35,32,elemental,0.9405940594059405,0.32666666666666666,0.01955847499993979
D7-p3,0.3,32,exact,0.9104477611940298,0.33,0.6243472659989493
D7-p3,0.3,32,local,0.5323383084577115,0.18333333333333332,0.5544111739982327
D7-p3,0.3,32,multistart,0.9104477611940298,0.33,0.6340440579988353
D7-p3,0.3,32,elemental,0.9054726368159204,0.33,0.525252270999772
D7-p3,0.35,32,exact,0.9132653061224489,0.3466666666666667,0.6544780129988794
D7-p3,0.35,32,local,0.5306122448979592,0.25,0.526821054998436
D7-p3,0.35,32,multistart,0.9132653061224489,0.3466666666666667,0.6001550299988594
D7-p3,0.35,32,elemental,0.5918367346938775,0.3466666666666667,0.5200374309970357
D1-K2cross,0.3,33,exact,0.8916256157635468,0.3233333333333333,0.02718161099983263
D1-K2cross,0.3,33,local,0.8916256157635468,0.3233333333333333,0.04785809200257063
D1-K2cross,0.3,33,multistart,0.8916256157635468,0.3233333333333333,0.09918175300117582
D1-K2cross,0.3,33,elemental,0.8916256157635468,0.3233333333333333,0.02299157000015839
D1-K2cross,0.35,33,exact,0.8730964467005076,0.3433333333333333,0.027530973999091657
D1-K2cross,0.35,33,local,0.8730964467005076,0.3433333333333333,0.04045839000173146
D1-K2cross,0.35,33,multistart,0.8781725888324873,0.3433333333333333,0.10784725900157355
D1-K2cross,0.35,33,elemental,0.8781725888324873,0.3433333333333333,0.019809549001365667
D7-p3,0.3,33,exact,0.9241706161137441,0.2966666666666667,0.647820424001111
D7-p3,0.3,33,local,0.9289099526066351,0.2966666666666667,0.5919225180005014
D7-p3,0.3,33,multistart,0.9289099526066351,0.2966666666666667,0.6238765099988086
D7-p3,0.3,33,elemental,0.9241706161137441,0.2966666666666667,0.511843027001305
D7-p3,0.35,33,exact,0.9068627450980392,0.3233333333333333,0.5938860899987048
D7-p3,0.35,33,local,0.9068627450980392,0.3233333333333333,0.5297770230026799
D7-p3,0.35,33,multistart,0.9068627450980392,0.3233333333333333,0.5706871930015041
D7-p3,0.35,33,elemental,0.9068627450980392,0.3233333333333333,0.5086530930020672
D1-K2cross,0.3,34,exact,0.927461139896373,0.3566666666666667,0.03131753699926776
D1-K2cross,0.3,34,local,0.927461139896373,0.3566666666666667,0.04732754500219016
D1-K2cross,0.3,34,multistart,0.927461139896373,0.3566666666666667,0.09566453500156058
D1-K2cross,0.3,34,elemental,0.927461139896373,0.3566666666666667,0.022944350999750895
D1-K2cross,0.35,34,exact,0.8983957219251337,0.37666666666666665,0.027645603000564734
D1-K2cross,0.35,34,local,0.8983957219251337,0.37666666666666665,0.041699024997797096
D1-K2cross,0.35,34,multistart,0.8983957219251337,0.37666666666666665,0.09747594800137449
D1-K2cross,0.35,34,elemental,0.9037433155080213,0.37666666666666665,0.01911642399863922
D7-p3,0.3,34,exact,0.8883495145631068,0.31666666666666665,0.5898660380007641
D7-p3,0.3,34,local,0.883495145631068,0.31333333333333335,0.534411271000863
D7-p3,0.3,34,multistart,0.8786407766990292,0.31666666666666665,0.6172708119993331
D7-p3,0.3,34,elemental,0.5097087378640777,0.35,0.5019437829978415
D7-p3,0.35,34,exact,0.5309278350515464,0.17333333333333334,0.6653058850024536
D7-p3,0.35,34,local,0.5257731958762887,0.20333333333333334,0.5759126550001383
D7-p3,0.35,34,multistart,0.9432989690721649,0.36,0.6507322670004214
D7-p3,0.35,34,elemental,0.5309278350515464,0.2,0.5758649859999423
D1-K2cross,0.3,35,exact,0.9,0.26666666666666666,0.0333404659977532
D1-K2cross,0.3,35,local,0.9,0.26666666666666666,0.04502014600075199
D1-K2cross,0.3,35,multistart,0.9,0.26666666666666666,0.11149034999834839
D1-K2cross,0.3,35,elemental,0.9,0.26666666666666666,0.023735316997772316
D1-K2cross,0.35,35,exact,0.8846153846153846,0.3933333333333333,0.029524290999688674
D1-K2cross,0.35,35,local,0.8901098901098901,0.3933333333333333,0.04588478899677284
D1-K2cross,0.35,35,multistart,0.8901098901098901,0.3933333333333333,0.10607062400231371
D1-K2cross,0.35,35,elemental,0.8846153846153846,0.3933333333333333,0.019116518000373617
D7-p3,0.3,35,exact,0.9009009009009009,0.2966666666666667,0.6698448110000754
D7-p3,0.3,35,local,0.9009009009009009,0.2966666666666667,0.5607812160014873
D7-p3,0.3,35,multistart,0.8963963963963963,0.2833333333333333,0.5864661919986247
D7-p3,0.3,35,elemental,0.5315315315315315,0.26666666666666666,0.5554360770001949
D7-p3,0.35,35,exact,0.9038461538461539,0.31,0.6494361680015572
D7-p3,0.35,35,local,0.9038461538461539,0.31,0.5952139770015492
D7-p3,0.35,35,multistart,0.5480769230769231,0.32,0.600421147999441
D7-p3,0.35,35,elemental,0.9086538461538461,0.31,0.5262301789989579
D1-K2cross,0.3,36,exact,0.9245283018867925,0.29333333333333333,0.02838872100255685
D1-K2cross,0.3,36,local,0.9245283018867925,0.29333333333333333,0.04744898599892622
D1-K2cross,0.3,36,multistart,0.9245283018867925,0.29333333333333333,0.08713707100105239
D1-K2cross,0.3,36,elemental,0.9245283018867925,0.29333333333333333,0.02242727799966815
D1-K2cross,0.35,36,exact,0.919047619047619,0.3,0.030589822003094014
D1-K2cross,0.35,36,local,0.919047619047619,0.3,0.047038487002282636
D1-K2cross,0.35,36,multistart,0.919047619047619,0.3,0.10875583500092034
D1-K2cross,0.35,36,elemental,0.919047619047619,0.3,0.019424227000854444
D7-p3,0.3,36,exact,0.9198113207547169,0.33,0.59493576100067
D7-p3,0.3,36,local,0.9245283018867925,0.33,0.5317217040028481
D7-p3,0.3,36,multistart,0.9198113207547169,0.33,0.5971459620013775
D7-p3,0.3,36,elemental,0.9198113207547169,0.33,0.48693575099969166
D7-p3,0.35,36,exact,0.8936170212765957,0.37333333333333335,0.6672270099988964
D7-p3,0.35,36,local,0.5638297872340425,0.22666666666666666,0.5588270410007681
D7-p3,0.35,36,multistart,0.8936170212765957,0.37333333333333335,0.6095361369989405
D7-p3,0.35,36,elemental,0.5851063829787234,0.20666666666666667,0.536870457999612
D1-K2cross,0.3,37,exact,0.9120370370370371,0.28,0.030537211998307612
D1-K2cross,0.3,37,local,0.9120370370370371,0.28,0.05171902800066164
D1-K2cross,0.3,37,multistart,0.9074074074074074,0.28,0.10137792400200851
D1-K2cross,0.3,37,elemental,0.9074074074074074,0.28,0.02120872300292831
D1-K2cross,0.35,37,exact,0.8963730569948186,0.3566666666666667,0.030226240000047255
D1-K2cross,0.35,37,local,0.5025906735751295,0.3566666666666667,0.0409692899993388
D1-K2cross,0.35,37,multistart,0.8963730569948186,0.3566666666666667,0.09571861400036141
D1-K2cross,0.35,37,elemental,0.8963730569948186,0.3566666666666667,0.021377010001742747
D7-p3,0.3,37,exact,0.9041095890410958,0.27,0.5963883240001451
D7-p3,0.3,37,local,0.9041095890410958,0.27,0.5557526869997673
D7-p3,0.3,37,multistart,0.908675799086758,0.27,0.6228970110023511
D7-p3,0.3,37,elemental,0.908675799086758,0.27,0.5125428020000982
D7-p3,0.35,37,exact,0.8789473684210526,0.37333333333333335,0.5988585570012219
D7-p3,0.35,37,local,0.8894736842105263,0.37333333333333335,0.533301912000752
D7-p3,0.35,37,multistart,0.8842105263157894,0.37,0.6078043819979939
D7-p3,0.35,37,elemental,0.5473684210526316,0.21333333333333335,0.5296706749977602
D1-K2cross,0.3,38,exact,0.9183673469387755,0.3466666666666667,0.02864933800083236
D1-K2cross,0.3,38,local,0.9183673469387755,0.3466666666666667,0.04383764200247242
D1-K2cross,0.3,38,multistart,0.9183673469387755,0.3466666666666667,0.09389325600204756
D1-K2cross,0.3,38,elemental,0.9183673469387755,0.3466666666666667,0.020567062001646264
D1-K2cross,0.35,38,exact,0.9310344827586207,0.3233333333333333,0.03042929400180583
D1-K2cross,0.35,38,local,0.9310344827586207,0.3233333333333333,0.0424934620023123
D1-K2cross,0.35,38,multistart,0.9310344827586207,0.3233333333333333,0.09719347699865466
D1-K2cross,0.35,38,elemental,0.9310344827586207,0.3233333333333333,0.019836505998682696
D7-p3,0.3,38,exact,0.9158878504672897,0.29333333333333333,0.6208714409985987
D7-p3,0.3,38,local,0.9158878504672897,0.29333333333333333,0.5659398950010655
D7-p3,0.3,38,multistart,0.9158878504672897,0.29333333333333333,0.6094302330020582
D7-p3,0.3,38,elemental,0.602803738317757,0.2833333333333333,0.5005955810011073
D7-p3,0.35,38,exact,0.8878048780487805,0.31666666666666665,0.6184110779977345
D7-p3,0.35,38,local,0.8878048780487805,0.31666666666666665,0.5402998360004858
D7-p3,0.35,38,multistart,0.8829268292682927,0.31666666666666665,0.6023239669993927
D7-p3,0.35,38,elemental,0.8975609756097561,0.31666666666666665,0.5951162349992956
D1-K2cross,0.3,39,exact,0.9241706161137441,0.2966666666666667,0.02822278500025277
D1-K2cross,0.3,39,local,0.9241706161137441,0.2966666666666667,0.043420818001322914
D1-K2cross,0.3,39,multistart,0.9241706161137441,0.2966666666666667,0.09949718499774463
D1-K2cross,0.3,39,elemental,0.9241706161137441,0.2966666666666667,0.02015858899903833
D1-K2cross,0.35,39,exact,0.9195979899497487,0.33666666666666667,0.028229732997715473
D1-K2cross,0.35,39,local,0.9195979899497487,0.33666666666666667,0.042747421000967734
D1-K2cross,0.35,39,multistart,0.9195979899497487,0.33666666666666667,0.09703543000068748
D1-K2cross,0.35,39,elemental,0.9195979899497487,0.33666666666666667,0.019424761998379836
D7-p3,0.3,39,exact,0.8959276018099548,0.2633333333333333,0.5868420019978657
D7-p3,0.3,39,local,0.9004524886877828,0.2633333333333333,0.575000730001193
D7-p3,0.3,39,multistart,0.9004524886877828,0.2633333333333333,0.5796888490003766
D7-p3,0.3,39,elemental,0.502262443438914,0.2633333333333333,0.5439104039978702
D7-p3,0.35,39,exact,0.9203980099502488,0.3433333333333333,0.6895674879997387
D7-p3,0.35,39,local,0.9253731343283582,0.3333333333333333,0.6086974419995386
D7-p3,0.35,39,multistart,0.9104477611940298,0.3466666666666667,0.7139596249980968
D7-p3,0.35,39,elemental,0.9104477611940298,0.3333333333333333,0.5551736450033786
D1-K2cross,0.3,40,exact,0.9182692307692307,0.30666666666666664,0.031308489000366535
D1-K2cross,0.3,40,local,0.9182692307692307,0.30666666666666664,0.05477419000089867
D1-K2cross,0.3,40,multistart,0.9182692307692307,0.30666666666666664,0.11906170300062513
D1-K2cross,0.3,40,elemental,0.9182692307692307,0.30666666666666664,0.025293044000136433
D1-K2cross,0.35,40,exact,0.9203980099502488,0.33,0.033161911997012794
D1-K2cross,0.35,40,local,0.9203980099502488,0.33,0.04973940999843762
D1-K2cross,0.35,40,multistart,0.9203980099502488,0.33,0.10550778399920091
D1-K2cross,0.35,40,elemental,0.9203980099502488,0.33,0.02355837999857613
D7-p3,0.3,40,exact,0.9245283018867925,0.29333333333333333,0.709710235001694
D7-p3,0.3,40,local,0.5235849056603774,0.29333333333333333,0.5697830760000215
D7-p3,0.3,40,multistart,0.9150943396226415,0.29333333333333333,0.6376547119980387
D7-p3,0.3,40,elemental,0.9198113207547169,0.29333333333333333,0.5493631720019039
D7-p3,0.35,40,exact,0.582010582010582,0.22333333333333333,0.6116040119995887
D7-p3,0.35,40,local,0.544973544973545,0.19666666666666666,0.5227818889979972
D7-p3,0.35,40,multistart,0.8994708994708994,0.37333333333333335,0.5726112330012256
D7-p3,0.35,40,elemental,0.5343915343915344,0.21,0.47523702699982096
D1-K2cross,0.3,41,exact,0.9174757281553398,0.31333333333333335,0.03366949400151498
D1-K2cross,0.3,41,local,0.9174757281553398,0.31333333333333335,0.05307765600082348
D1-K2cross,0.3,41,multistart,0.9174757281553398,0.31333333333333335,0.10181427899806295
D1-K2cross,0.3,41,elemental,0.9174757281553398,0.31333333333333335,0.020340315000794362
D1-K2cross,0.35,41,exact,0.9222797927461139,0.3566666666666667,0.027719674002582906
D1-K2cross,0.35,41,local,0.9222797927461139,0.3566666666666667,0.04741621399807627
D1-K2cross,0.35,41,multistart,0.9222797927461139,0.3566666666666667,0.1054843689998961
D1-K2cross,0.35,41,elemental,0.9222797927461139,0.3566666666666667,0.02122136800244334
D7-p3,0.3,41,exact,0.8980582524271845,0.31333333333333335,0.5734182630003488
D7-p3,0.3,41,local,0.8980582524271845,0.31333333333333335,0.5034706799997366
D7-p3,0.3,41,multistart,0.8980582524271845,0.31333333333333335,0.5790356309989875
D7-p3,0.3,41,elemental,0.8883495145631068,0.31333333333333335,0.514532944001985
D7-p3,0.35,41,exact,0.9090909090909091,0.34,0.5697850069991546
D7-p3,0.35,41,local,0.9141414141414141,0.34,0.5229608790032216
D7-p3,0.35,41,multistart,0.9090909090909091,0.34,0.6201378430014302
D7-p3,0.35,41,elemental,0.9040404040404041,0.34,0.49858054599826573
D1-K2cross,0.3,42,exact,0.883495145631068,0.31333333333333335,0.0267659029996139
D1-K2cross,0.3,42,local,0.883495145631068,0.31333333333333335,0.043845765001606196
D1-K2cross,0.3,42,multistart,0.883495145631068,0.31333333333333335,0.09272903899909579
D1-K2cross,0.3,42,elemental,0.883495145631068,0.31333333333333335,0.019457988000795012
D1-K2cross,0.35,42,exact,0.8916256157635468,0.3233333333333333,0.028013585997541668
D1-K2cross,0.35,42,local,0.8916256157635468,0.3233333333333333,0.041993441998783965
D1-K2cross,0.35,42,multistart,0.8916256157635468,0.3233333333333333,0.09588264899866772
D1-K2cross,0.35,42,elemental,0.8916256157635468,0.3233333333333333,0.02022621400101343
D7-p3,0.3,42,exact,0.9223744292237442,0.27,0.6781662499997765
D7-p3,0.3,42,local,0.9223744292237442,0.27,0.5649747110001044
D7-p3,0.3,42,multistart,0.9223744292237442,0.27,0.6495990129988058
D7-p3,0.3,42,elemental,0.9223744292237442,0.27,0.5854813830010244
D7-p3,0.35,42,exact,0.9202127659574468,0.37333333333333335,0.6338443350032321
D7-p3,0.35,42,local,0.9202127659574468,0.37333333333333335,0.5737567699979991
D7-p3,0.35,42,multistart,0.9202127659574468,0.37333333333333335,0.5775404380001419
D7-p3,0.35,42,elemental,0.5904255319148937,0.19666666666666666,0.5130840969977726
D1-K2cross,0.3,43,exact,0.8980582524271845,0.31333333333333335,0.02596577200165484
D1-K2cross,0.3,43,local,0.8980582524271845,0.31333333333333335,0.04384867200133158
D1-K2cross,0.3,43,multistart,0.8980582524271845,0.31333333333333335,0.10432108299937681
D1-K2cross,0.3,43,elemental,0.8980582524271845,0.31333333333333335,0.01942130499810446
D1-K2cross,0.35,43,exact,0.949438202247191,0.4066666666666667,0.029166935000830563
D1-K2cross,0.35,43,local,0.949438202247191,0.4066666666666667,0.04476723599873367
D1-K2cross,0.35,43,multistart,0.949438202247191,0.4066666666666667,0.09403330900022411
D1-K2cross,0.35,43,elemental,0.949438202247191,0.4066666666666667,0.01933783999993466
D7-p3,0.3,43,exact,0.9124423963133641,0.27666666666666667,0.6301045040017925
D7-p3,0.3,43,local,0.9216589861751152,0.27666666666666667,0.5558139740023762
D7-p3,0.3,43,multistart,0.9124423963133641,0.27666666666666667,0.5996639490003872
D7-p3,0.3,43,elemental,0.9262672811059908,0.27666666666666667,0.5557892190008715
D7-p3,0.35,43,exact,0.92,0.3433333333333333,0.6540715129995078
D7-p3,0.35,43,local,0.92,0.3433333333333333,0.5762511969987827
D7-p3,0.35,43,multistart,0.92,0.3433333333333333,0.6277749450018746
D7-p3,0.35,43,elemental,0.545,0.21,0.5558118139997532
D1-K2cross,0.3,44,exact,0.9310344827586207,0.3233333333333333,0.030622161000792403
D1-K2cross,0.3,44,local,0.9359605911330049,0.3233333333333333,0.04813325600116514
D1-K2cross,0.3,44,multistart,0.9359605911330049,0.3233333333333333,0.10195837700302945
D1-K2cross,0.3,44,elemental,0.9310344827586207,0.3233333333333333,0.02142353099770844
D1-K2cross,0.35,44,exact,0.9365853658536586,0.31666666666666665,0.028523398003017064
D1-K2cross,0.35,44,local,0.9365853658536586,0.31666666666666665,0.04093738499796018
D1-K2cross,0.35,44,multistart,0.9365853658536586,0.31666666666666665,0.08943016899866052
D1-K2cross,0.35,44,elemental,0.9365853658536586,0.31666666666666665,0.01939821700216271
D7-p3,0.3,44,exact,0.8755980861244019,0.30333333333333334,0.6018238059987198
D7-p3,0.3,44,local,0.8755980861244019,0.30333333333333334,0.5892385039987857
D7-p3,0.3,44,multistart,0.8755980861244019,0.30333333333333334,0.6232284789984988
D7-p3,0.3,44,elemental,0.8755980861244019,0.30333333333333334,0.48999362899849075
D7-p3,0.35,44,exact,0.532258064516129,0.18666666666666668,0.607062027000211
D7-p3,0.35,44,local,0.9139784946236559,0.38,0.5457950589989196
D7-p3,0.35,44,multistart,0.9032258064516129,0.38,0.5733230090008874
D7-p3,0.35,44,elemental,0.553763440860215,0.19,0.5303277040002286
D1-K2cross,0.3,45,exact,0.9220183486238532,0.2733333333333333,0.028854549000243424
D1-K2cross,0.3,45,local,0.9220183486238532,0.2733333333333333,0.04247938600019552
D1-K2cross,0.3,45,multistart,0.9220183486238532,0.2733333333333333,0.09299593099785852
D1-K2cross,0.3,45,elemental,0.9220183486238532,0.2733333333333333,0.01960146900091786
D1-K2cross,0.35,45,exact,0.9033816425120773,0.31,0.026981187002093066
D1-K2cross,0.35,45,local,0.9033816425120773,0.31,0.041811265000433195
D1-K2cross,0.35,45,multistart,0.9130434782608695,0.31,0.09594653800013475
D1-K2cross,0.35,45,elemental,0.9033816425120773,0.31,0.019881914999132277
D7-p3,0.3,45,exact,0.8811881188118812,0.33,0.5831290520000039
D7-p3,0.3,45,local,0.5247524752475248,0.17,0.5455355889971543
D7-p3,0.3,45,multistart,0.8811881188118812,0.33,0.6012113859978854
D7-p3,0.3,45,elemental,0.8910891089108911,0.33,0.5285412250013906
D7-p3,0.35,45,exact,0.9117647058823529,0.3233333333333333,0.6377405630009889
D7-p3,0.35,45,local,0.9117647058823529,0.32,0.5571947890020965
D7-p3,0.35,45,multistart,0.9166666666666666,0.32,0.5889944579976145
D7-p3,0.35,45,elemental,0.9215686274509803,0.32,0.4959505139995599
D1-K2cross,0.3,46,exact,0.9375,0.30666666666666664,0.026684346001275117
D1-K2cross,0.3,46,local,0.9423076923076923,0.30666666666666664,0.04340525200314005
D1-K2cross,0.3,46,multistart,0.9423076923076923,0.30666666666666664,0.08709170500151231
D1-K2cross,0.3,46,elemental,0.9375,0.30666666666666664,0.017949753000721103
D1-K2cross,0.35,46,exact,0.9447236180904522,0.33666666666666667,0.02262696199977654
D1-K2cross,0.35,46,local,0.9447236180904522,0.33666666666666667,0.041181199998391094
D1-K2cross,0.35,46,multistart,0.9447236180904522,0.33666666666666667,0.09793549700043513
D1-K2cross,0.35,46,elemental,0.9447236180904522,0.33666666666666667,0.019237769000028493
D7-p3,0.3,46,exact,0.8846153846153846,0.31,0.6128080470007262
D7-p3,0.3,46,local,0.8798076923076923,0.31,0.5926716240028327
D7-p3,0.3,46,multistart,0.8605769230769231,0.30666666666666664,0.6624799099990923
D7-p3,0.3,46,elemental,0.8798076923076923,0.31,0.5651904510013992
D7-p3,0.35,46,exact,0.5139664804469274,0.22,0.5967245409992756
D7-p3,0.35,46,local,0.5251396648044693,0.24333333333333335,0.5553753940002935
D7-p3,0.35,46,multistart,0.8994413407821229,0.4033333333333333,0.6016483080020407
D7-p3,0.35,46,elemental,0.8994413407821229,0.4033333333333333,0.5249899059999734
D1-K2cross,0.3,47,exact,0.9305555555555556,0.28,0.029229922998638358
D1-K2cross,0.3,47,local,0.9305555555555556,0.28,0.04718576799859875
D1-K2cross,0.3,47,multistart,0.9305555555555556,0.28,0.09266814999864437
D1-K2cross,0.3,47,elemental,0.9305555555555556,0.28,0.02024032300323597
D1-K2cross,0.35,47,exact,0.9119170984455959,0.3566666666666667,0.028259693997824797
D1-K2cross,0.35,47,local,0.9119170984455959,0.3566666666666667,0.042092870997294085
D1-K2cross,0.35,47,multistart,0.9119170984455959,0.3566666666666667,0.08493541500138235
D1-K2cross,0.35,47,elemental,0.9119170984455959,0.3566666666666667,0.019269412998255575
D7-p3,0.3,47,exact,0.9069767441860465,0.2833333333333333,0.5726938680018065
D7-p3,0.3,47,local,0.9069767441860465,0.2833333333333333,0.5286147330007225
D7-p3,0.3,47,multistart,0.9069767441860465,0.2833333333333333,0.595021616001759
D7-p3,0.3,47,elemental,0.9069767441860465,0.2833333333333333,0.4992502210006933
D7-p3,0.35,47,exact,0.8814432989690721,0.35333333333333333,0.6033150559997011
D7-p3,0.35,47,local,0.8814432989690721,0.35333333333333333,0.5477904170002148
D7-p3,0.35,47,multistart,0.8814432989690721,0.35333333333333333,0.5924260430001596
D7-p3,0.35,47,elemental,0.8814432989690721,0.35333333333333333,0.49353034000159823
D1-K2cross,0.3,48,exact,0.9323671497584541,0.31,0.028372181997838197
D1-K2cross,0.3,48,local,0.9323671497584541,0.31,0.039168211002106545
D1-K2cross,0.3,48,multistart,0.9371980676328503,0.31,0.09423488900210941
D1-K2cross,0.3,48,elemental,0.9371980676328503,0.31,0.01979004500026349
D1-K2cross,0.35,48,exact,0.9113300492610837,0.3233333333333333,0.02791823300140095
D1-K2cross,0.35,48,local,0.9113300492610837,0.3233333333333333,0.041905564998160116
D1-K2cross,0.35,48,multistart,0.9113300492610837,0.3233333333333333,0.09270615199784515
D1-K2cross,0.35,48,elemental,0.9113300492610837,0.3233333333333333,0.019724306999705732
D7-p3,0.3,48,exact,0.9203980099502488,0.3333333333333333,0.605583320997539
D7-p3,0.3,48,local,0.9104477611940298,0.3333333333333333,0.5766073099985078
D7-p3,0.3,48,multistart,0.9154228855721394,0.33666666666666667,0.6107925210017129
D7-p3,0.3,48,elemental,0.9104477611940298,0.3333333333333333,0.5483802669987199
D7-p3,0.35,48,exact,0.9297297297297298,0.43,0.6283807209983934
D7-p3,0.35,48,local,0.5405405405405406,0.22333333333333333,0.5138002690000576
D7-p3,0.35,48,multistart,0.9297297297297298,0.43333333333333335,0.6394005500005733
D7-p3,0.35,48,elemental,0.572972972972973,0.36333333333333334,0.5648991990019567
D1-K2cross,0.3,49,exact,0.9142857142857143,0.3,0.030542533997504506
D1-K2cross,0.3,49,local,0.9142857142857143,0.3,0.043715403000533115
D1-K2cross,0.3,49,multistart,0.9142857142857143,0.3,0.10568332499678945
D1-K2cross,0.3,49,elemental,0.9142857142857143,0.3,0.023595521997776814
D1-K2cross,0.35,49,exact,0.9,0.36666666666666664,0.03007201000218629
D1-K2cross,0.35,49,local,0.9,0.36666666666666664,0.04652252099913312
D1-K2cross,0.35,49,multistart,0.9,0.36666666666666664,0.1000690079999913
D1-K2cross,0.35,49,elemental,0.9,0.36666666666666664,0.019847940999170532
D7-p3,0.3,49,exact,0.9396984924623115,0.33666666666666667,0.6255433080004877
D7-p3,0.3,49,local,0.9396984924623115,0.33666666666666667,0.560585646002437
D7-p3,0.3,49,multistart,0.9396984924623115,0.33666666666666667,0.6570826689967362
D7-p3,0.3,49,elemental,0.9396984924623115,0.3433333333333333,0.5120372759993188
D7-p3,0.35,49,exact,0.8756476683937824,0.3566666666666667,0.5816735859989421
D7-p3,0.35,49,local,0.8756476683937824,0.3566666666666667,0.5259135839987721
D7-p3,0.35,49,multistart,0.8756476683937824,0.3566666666666667,0.5603147449983226
D7-p3,0.35,49,elemental,0.8756476683937824,0.3566666666666667,0.4992152979975799
