design,eps,rep,unit,alg1,base,min_w=0.4,min_w=0.6,wide=2,wide=4,min_frac=0.02,min_frac=0.05,restr=8,restr=20,margin/2,margin*2,max_alpha=0.25,max_alpha=0.40
H1-K2cross-t3,0.0,0,H1-K2cross-t3_e00_r000,0.9333333333333333,0.9333333333333333,0.9333333333333333,0.9333333333333333,0.9333333333333333,0.9333333333333333,0.9333333333333333,0.9333333333333333,0.9333333333333333,0.9333333333333333,0.9333333333333333,0.9333333333333333,0.9333333333333333,0.9333333333333333
H1-K2cross-t3,0.1,0,H1-K2cross-t3_e10_r000,0.937037037037037,0.937037037037037,0.937037037037037,0.937037037037037,0.937037037037037,0.937037037037037,0.937037037037037,0.937037037037037,0.937037037037037,0.937037037037037,0.937037037037037,0.937037037037037,0.937037037037037,0.937037037037037
H1-K2cross-t3,0.2,0,H1-K2cross-t3_e20_r000,0.9471544715447154,0.9471544715447154,0.9471544715447154,0.9471544715447154,0.9471544715447154,0.9471544715447154,0.9471544715447154,0.9471544715447154,0.9471544715447154,0.9471544715447154,0.9471544715447154,0.9471544715447154,0.9471544715447154,0.9471544715447154
H2-unequal-t3,0.0,0,H2-unequal-t3_e00_r000,0.9333333333333333,0.9333333333333333,0.9333333333333333,0.9333333333333333,0.9333333333333333,0.9333333333333333,0.9333333333333333,0.9333333333333333,0.9333333333333333,0.9333333333333333,0.9333333333333333,0.9333333333333333,0.9333333333333333,0.9333333333333333
H2-unequal-t3,0.1,0,H2-unequal-t3_e10_r000,0.9084249084249084,0.9084249084249084,0.9084249084249084,0.9084249084249084,0.9084249084249084,0.9084249084249084,0.9084249084249084,0.9084249084249084,0.9084249084249084,0.9084249084249084,0.9084249084249084,0.9084249084249084,0.9084249084249084,0.9084249084249084
H2-unequal-t3,0.2,0,H2-unequal-t3_e20_r000,0.9191489361702128,0.9191489361702128,0.9191489361702128,0.9191489361702128,0.9191489361702128,0.9191489361702128,0.9191489361702128,0.9191489361702128,0.9191489361702128,0.9191489361702128,0.9191489361702128,0.9191489361702128,0.9191489361702128,0.9191489361702128
H1-K2cross-t3,0.0,1,H1-K2cross-t3_e00_r001,0.9366666666666666,0.9366666666666666,0.9366666666666666,0.9366666666666666,0.9366666666666666,0.9366666666666666,0.9366666666666666,0.9366666666666666,0.9366666666666666,0.9366666666666666,0.9366666666666666,0.9366666666666666,0.9366666666666666,0.9366666666666666
H1-K2cross-t3,0.1,1,H1-K2cross-t3_e10_r001,0.9277566539923955,0.9277566539923955,0.9277566539923955,0.9277566539923955,0.9277566539923955,0.9277566539923955,0.9277566539923955,0.9277566539923955,0.9277566539923955,0.9277566539923955,0.9277566539923955,0.9277566539923955,0.9277566539923955,0.9277566539923955
H1-K2cross-t3,0.2,1,H1-K2cross-t3_e20_r001,0.9218106995884774,0.9218106995884774,0.9218106995884774,0.9218106995884774,0.9218106995884774,0.9218106995884774,0.9218106995884774,0.9218106995884774,0.9218106995884774,0.9218106995884774,0.9218106995884774,0.9218106995884774,0.9218106995884774,0.9218106995884774
H2-unequal-t3,0.0,1,H2-unequal-t3_e00_r001,0.93,0.93,0.93,0.93,0.93,0.93,0.93,0.93,0.93,0.93,0.93,0.93,0.93,0.93
H2-unequal-t3,0.1,1,H2-unequal-t3_e10_r001,0.8984962406015038,0.8984962406015038,0.8984962406015038,0.8984962406015038,0.8984962406015038,0.8984962406015038,0.8984962406015038,0.8984962406015038,0.8984962406015038,0.8984962406015038,0.8984962406015038,0.8984962406015038,0.8984962406015038,0.8984962406015038
H2-unequal-t3,0.2,1,H2-unequal-t3_e20_r001,0.9037656903765691,0.9037656903765691,0.9037656903765691,0.9037656903765691,0.9037656903765691,0.9037656903765691,0.9037656903765691,0.9037656903765691,0.9037656903765691,0.9037656903765691,0.9037656903765691,0.9037656903765691,0.9037656903765691,0.9037656903765691
H1-K2cross-t3,0.0,2,H1-K2cross-t3_e00_r002,0.94,0.94,0.94,0.94,0.94,0.94,0.94,0.94,0.94,0.94,0.94,0.94,0.94,0.94
H1-K2cross-t3,0.1,2,H1-K2cross-t3_e10_r002,0.9487179487179487,0.9487179487179487,0.9487179487179487,0.9487179487179487,0.9487179487179487,0.9487179487179487,0.9487179487179487,0.9487179487179487,0.9487179487179487,0.9487179487179487,0.9487179487179487,0.9487179487179487,0.9487179487179487,0.9487179487179487
H1-K2cross-t3,0.2,2,H1-K2cross-t3_e20_r002,0.9467213114754098,0.9467213114754098,0.9467213114754098,0.9467213114754098,0.9467213114754098,0.9467213114754098,0.9467213114754098,0.9467213114754098,0.9467213114754098,0.9467213114754098,0.9467213114754098,0.9467213114754098,0.9467213114754098,0.9467213114754098
H2-unequal-t3,0.0,2,H2-unequal-t3_e00_r002,0.9433333333333334,0.9433333333333334,0.9433333333333334,0.9433333333333334,0.9433333333333334,0.9433333333333334,0.9433333333333334,0.9433333333333334,0.9433333333333334,0.9433333333333334,0.9433333333333334,0.9433333333333334,0.9433333333333334,0.9433333333333334
H2-unequal-t3,0.1,2,H2-unequal-t3_e10_r002,0.9076923076923077,0.9076923076923077,0.9076923076923077,0.9076923076923077,0.9076923076923077,0.9076923076923077,0.9076923076923077,0.9076923076923077,0.9076923076923077,0.9076923076923077,0.9076923076923077,0.9076923076923077,0.9076923076923077,0.9076923076923077
H2-unequal-t3,0.2,2,H2-unequal-t3_e20_r002,0.9327731092436975,0.9327731092436975,0.9327731092436975,0.9327731092436975,0.9327731092436975,0.9327731092436975,0.9327731092436975,0.9327731092436975,0.9327731092436975,0.9327731092436975,0.9327731092436975,0.9327731092436975,0.9327731092436975,0.9327731092436975
H1-K2cross-t3,0.0,3,H1-K2cross-t3_e00_r003,0.9433333333333334,0.9433333333333334,0.9433333333333334,0.9433333333333334,0.9433333333333334,0.9433333333333334,0.9433333333333334,0.9433333333333334,0.9433333333333334,0.9433333333333334,0.9433333333333334,0.9433333333333334,0.9433333333333334,0.9433333333333334
H1-K2cross-t3,0.1,3,H1-K2cross-t3_e10_r003,0.9328358208955224,0.9328358208955224,0.9328358208955224,0.9328358208955224,0.9328358208955224,0.9328358208955224,0.9328358208955224,0.9328358208955224,0.9328358208955224,0.9328358208955224,0.9328358208955224,0.9328358208955224,0.9328358208955224,0.9328358208955224
H1-K2cross-t3,0.2,3,H1-K2cross-t3_e20_r003,0.9,0.9,0.9,0.9,0.9,0.9,0.9,0.9,0.9,0.9,0.9,0.9,0.9,0.9
H2-unequal-t3,0.0,3,H2-unequal-t3_e00_r003,0.9266666666666666,0.9266666666666666,0.9266666666666666,0.9266666666666666,0.9266666666666666,0.9266666666666666,0.9266666666666666,0.9266666666666666,0.9266666666666666,0.9266666666666666,0.9266666666666666,0.9266666666666666,0.9266666666666666,0.9266666666666666
H2-unequal-t3,0.1,3,H2-unequal-t3_e10_r003,0.9485294117647058,0.9485294117647058,0.9485294117647058,0.9485294117647058,0.9485294117647058,0.9485294117647058,0.9485294117647058,0.9485294117647058,0.9485294117647058,0.9485294117647058,0.9485294117647058,0.9485294117647058,0.9485294117647058,0.9485294117647058
H2-unequal-t3,0.2,3,H2-unequal-t3_e20_r003,0.9791666666666666,0.9791666666666666,0.9791666666666666,0.9791666666666666,0.9791666666666666,0.9791666666666666,0.9791666666666666,0.9791666666666666,0.9791666666666666,0.9791666666666666,0.9791666666666666,0.9791666666666666,0.9791666666666666,0.9791666666666666
H1-K2cross-t3,0.0,4,H1-K2cross-t3_e00_r004,0.9366666666666666,0.9366666666666666,0.9366666666666666,0.9366666666666666,0.9366666666666666,0.9366666666666666,0.9366666666666666,0.9366666666666666,0.9366666666666666,0.9366666666666666,0.9366666666666666,0.9366666666666666,0.9366666666666666,0.9366666666666666
H1-K2cross-t3,0.1,4,H1-K2cross-t3_e10_r004,0.9330985915492958,0.9330985915492958,0.9330985915492958,0.9330985915492958,0.9330985915492958,0.9330985915492958,0.9330985915492958,0.9330985915492958,0.9330985915492958,0.9330985915492958,0.9330985915492958,0.9330985915492958,0.9330985915492958,0.9330985915492958
H1-K2cross-t3,0.2,4,H1-K2cross-t3_e20_r004,0.9314516129032258,0.9314516129032258,0.9314516129032258,0.9314516129032258,0.9314516129032258,0.9314516129032258,0.9314516129032258,0.9314516129032258,0.9314516129032258,0.9314516129032258,0.9314516129032258,0.9314516129032258,0.9314516129032258,0.9314516129032258
H2-unequal-t3,0.0,4,H2-unequal-t3_e00_r004,0.9666666666666667,0.9666666666666667,0.9666666666666667,0.9666666666666667,0.9666666666666667,0.9666666666666667,0.9666666666666667,0.9666666666666667,0.9666666666666667,0.9666666666666667,0.9666666666666667,0.9666666666666667,0.9666666666666667,0.9666666666666667
H2-unequal-t3,0.1,4,H2-unequal-t3_e10_r004,0.927536231884058,0.927536231884058,0.927536231884058,0.927536231884058,0.927536231884058,0.927536231884058,0.927536231884058,0.927536231884058,0.927536231884058,0.927536231884058,0.927536231884058,0.927536231884058,0.927536231884058,0.927536231884058
H2-unequal-t3,0.2,4,H2-unequal-t3_e20_r004,0.9473684210526315,0.9473684210526315,0.9473684210526315,0.9473684210526315,0.9473684210526315,0.9473684210526315,0.9473684210526315,0.9473684210526315,0.9473684210526315,0.9473684210526315,0.9473684210526315,0.9473684210526315,0.9473684210526315,0.9473684210526315
H1-K2cross-t3,0.0,5,H1-K2cross-t3_e00_r005,0.93,0.93,0.93,0.93,0.93,0.93,0.93,0.93,0.93,0.93,0.93,0.93,0.93,0.93
H1-K2cross-t3,0.1,5,H1-K2cross-t3_e10_r005,0.9076923076923077,0.9076923076923077,0.9076923076923077,0.9076923076923077,0.9076923076923077,0.9076923076923077,0.9076923076923077,0.9076923076923077,0.9076923076923077,0.9076923076923077,0.9076923076923077,0.9076923076923077,0.9076923076923077,0.9076923076923077
H1-K2cross-t3,0.2,5,H1-K2cross-t3_e20_r005,0.9554655870445344,0.9554655870445344,0.9554655870445344,0.9554655870445344,0.9554655870445344,0.9554655870445344,0.9554655870445344,0.9554655870445344,0.9554655870445344,0.9554655870445344,0.9554655870445344,0.9554655870445344,0.9554655870445344,0.9554655870445344
H2-unequal-t3,0.0,5,H2-unequal-t3_e00_r005,0.9566666666666667,0.9566666666666667,0.9566666666666667,0.9566666666666667,0.9566666666666667,0.9566666666666667,0.9566666666666667,0.9566666666666667,0.9566666666666667,0.9566666666666667,0.9566666666666667,0.9566666666666667,0.9566666666666667,0.9566666666666667
H2-unequal-t3,0.1,5,H2-unequal-t3_e10_r005,0.9298892988929889,0.9298892988929889,0.9298892988929889,0.9298892988929889,0.9298892988929889,0.9298892988929889,0.9298892988929889,0.9298892988929889,0.9298892988929889,0.9298892988929889,0.9298892988929889,0.9298892988929889,0.9298892988929889,0.9298892988929889
H2-unequal-t3,0.2,5,H2-unequal-t3_e20_r005,0.9311740890688259,0.9311740890688259,0.9311740890688259,0.9311740890688259,0.9311740890688259,0.9311740890688259,0.9311740890688259,0.9311740890688259,0.9311740890688259,0.9311740890688259,0.9311740890688259,0.9311740890688259,0.9311740890688259,0.9311740890688259
H1-K2cross-t3,0.0,6,H1-K2cross-t3_e00_r006,0.9266666666666666,0.9266666666666666,0.9266666666666666,0.9266666666666666,0.9266666666666666,0.9266666666666666,0.9266666666666666,0.9266666666666666,0.9266666666666666,0.9266666666666666,0.9266666666666666,0.9266666666666666,0.9266666666666666,0.9266666666666666
H1-K2cross-t3,0.1,6,H1-K2cross-t3_e10_r006,0.9309090909090909,0.9309090909090909,0.9309090909090909,0.9309090909090909,0.9309090909090909,0.9309090909090909,0.9309090909090909,0.9309090909090909,0.9309090909090909,0.9309090909090909,0.9309090909090909,0.9309090909090909,0.9309090909090909,0.9309090909090909
H1-K2cross-t3,0.2,6,H1-K2cross-t3_e20_r006,0.9367088607594937,0.9367088607594937,0.9367088607594937,0.9367088607594937,0.9367088607594937,0.9367088607594937,0.9367088607594937,0.9367088607594937,0.9367088607594937,0.9367088607594937,0.9367088607594937,0.9367088607594937,0.9367088607594937,0.9367088607594937
H2-unequal-t3,0.0,6,H2-unequal-t3_e00_r006,0.92,0.92,0.92,0.92,0.92,0.92,0.92,0.92,0.92,0.92,0.92,0.92,0.92,0.92
H2-unequal-t3,0.1,6,H2-unequal-t3_e10_r006,0.9236363636363636,0.9236363636363636,0.9236363636363636,0.9236363636363636,0.9236363636363636,0.9236363636363636,0.9236363636363636,0.9236363636363636,0.9236363636363636,0.9236363636363636,0.9236363636363636,0.9236363636363636,0.9236363636363636,0.9236363636363636
H2-unequal-t3,0.2,6,H2-unequal-t3_e20_r006,0.9230769230769231,0.9230769230769231,0.9230769230769231,0.9230769230769231,0.9230769230769231,0.9230769230769231,0.9230769230769231,0.9230769230769231,0.9230769230769231,0.9230769230769231,0.9230769230769231,0.9230769230769231,0.9230769230769231,0.9230769230769231
H1-K2cross-t3,0.0,7,H1-K2cross-t3_e00_r007,0.91,0.91,0.91,0.91,0.91,0.91,0.91,0.91,0.91,0.91,0.91,0.91,0.91,0.91
H1-K2cross-t3,0.1,7,H1-K2cross-t3_e10_r007,0.9350180505415162,0.9350180505415162,0.9350180505415162,0.9350180505415162,0.9350180505415162,0.9350180505415162,0.9350180505415162,0.9350180505415162,0.9350180505415162,0.9350180505415162,0.9350180505415162,0.9350180505415162,0.9350180505415162,0.9350180505415162
H1-K2cross-t3,0.2,7,H1-K2cross-t3_e20_r007,0.9466666666666667,0.9466666666666667,0.9466666666666667,0.9466666666666667,0.9466666666666667,0.9466666666666667,0.9466666666666667,0.9466666666666667,0.9466666666666667,0.9466666666666667,0.9466666666666667,0.9466666666666667,0.9466666666666667,0.9466666666666667
H2-unequal-t3,0.0,7,H2-unequal-t3_e00_r007,0.9166666666666666,0.9166666666666666,0.9166666666666666,0.9166666666666666,0.9166666666666666,0.9166666666666666,0.9166666666666666,0.9166666666666666,0.9166666666666666,0.9166666666666666,0.9166666666666666,0.9166666666666666,0.9166666666666666,0.9166666666666666
H2-unequal-t3,0.1,7,H2-unequal-t3_e10_r007,0.9205776173285198,0.9205776173285198,0.9205776173285198,0.9205776173285198,0.9205776173285198,0.9205776173285198,0.9205776173285198,0.9205776173285198,0.9205776173285198,0.9205776173285198,0.9205776173285198,0.9205776173285198,0.9205776173285198,0.9205776173285198
H2-unequal-t3,0.2,7,H2-unequal-t3_e20_r007,0.9267241379310345,0.9267241379310345,0.9267241379310345,0.9267241379310345,0.9267241379310345,0.9267241379310345,0.9267241379310345,0.9267241379310345,0.9267241379310345,0.9267241379310345,0.9267241379310345,0.9267241379310345,0.9267241379310345,0.9267241379310345
H1-K2cross-t3,0.0,8,H1-K2cross-t3_e00_r008,0.9266666666666666,0.9266666666666666,0.9266666666666666,0.9266666666666666,0.9266666666666666,0.9266666666666666,0.9266666666666666,0.9266666666666666,0.9266666666666666,0.9266666666666666,0.9266666666666666,0.9266666666666666,0.9266666666666666,0.9266666666666666
H1-K2cross-t3,0.1,8,H1-K2cross-t3_e10_r008,0.946969696969697,0.946969696969697,0.946969696969697,0.946969696969697,0.946969696969697,0.946969696969697,0.946969696969697,0.946969696969697,0.946969696969697,0.946969696969697,0.946969696969697,0.946969696969697,0.946969696969697,0.946969696969697
H1-K2cross-t3,0.2,8,H1-K2cross-t3_e20_r008,0.9087136929460581,0.9087136929460581,0.9087136929460581,0.9087136929460581,0.9087136929460581,0.9087136929460581,0.9087136929460581,0.9087136929460581,0.9087136929460581,0.9087136929460581,0.9087136929460581,0.9087136929460581,0.9087136929460581,0.9087136929460581
H2-unequal-t3,0.0,8,H2-unequal-t3_e00_r008,0.9166666666666666,0.9166666666666666,0.9166666666666666,0.9166666666666666,0.9166666666666666,0.9166666666666666,0.9166666666666666,0.9166666666666666,0.9166666666666666,0.9166666666666666,0.9166666666666666,0.9166666666666666,0.9166666666666666,0.9166666666666666
H2-unequal-t3,0.1,8,H2-unequal-t3_e10_r008,0.92,0.92,0.92,0.92,0.92,0.92,0.92,0.92,0.92,0.92,0.92,0.92,0.92,0.92
H2-unequal-t3,0.2,8,H2-unequal-t3_e20_r008,0.920704845814978,0.920704845814978,0.920704845814978,0.920704845814978,0.920704845814978,0.920704845814978,0.920704845814978,0.920704845814978,0.920704845814978,0.920704845814978,0.920704845814978,0.920704845814978,0.920704845814978,0.920704845814978
H1-K2cross-t3,0.0,9,H1-K2cross-t3_e00_r009,0.91,0.91,0.91,0.91,0.91,0.91,0.91,0.91,0.91,0.91,0.91,0.91,0.91,0.91
H1-K2cross-t3,0.1,9,H1-K2cross-t3_e10_r009,0.9485294117647058,0.9485294117647058,0.9485294117647058,0.9485294117647058,0.9485294117647058,0.9485294117647058,0.9485294117647058,0.9485294117647058,0.9485294117647058,0.9485294117647058,0.9485294117647058,0.9485294117647058,0.9485294117647058,0.9485294117647058
H1-K2cross-t3,0.2,9,H1-K2cross-t3_e20_r009,0.9208333333333333,0.9208333333333333,0.9208333333333333,0.9208333333333333,0.9208333333333333,0.9208333333333333,0.9208333333333333,0.9208333333333333,0.9208333333333333,0.9208333333333333,0.9208333333333333,0.9208333333333333,0.9208333333333333,0.9208333333333333
H2-unequal-t3,0.0,9,H2-unequal-t3_e00_r009,0.94,0.94,0.94,0.94,0.94,0.94,0.94,0.94,0.94,0.94,0.94,0.94,0.94,0.94
H2-unequal-t3,0.1,9,H2-unequal-t3_e10_r009,0.9372549019607843,0.9372549019607843,0.9372549019607843,0.9372549019607843,0.9372549019607843,0.9372549019607843,0.9372549019607843,0.9372549019607843,0.9372549019607843,0.9372549019607843,0.9372549019607843,0.9372549019607843,0.9372549019607843,0.9372549019607843
H2-unequal-t3,0.2,9,H2-unequal-t3_e20_r009,0.9259259259259259,0.9259259259259259,0.9259259259259259,0.9259259259259259,0.9259259259259259,0.9259259259259259,0.9259259259259259,0.9259259259259259,0.9259259259259259,0.9259259259259259,0.9259259259259259,0.9259259259259259,0.9259259259259259,0.9259259259259259
H1-K2cross-t3,0.0,10,H1-K2cross-t3_e00_r010,0.9066666666666666,0.9066666666666666,0.9066666666666666,0.9066666666666666,0.9066666666666666,0.9066666666666666,0.9066666666666666,0.9066666666666666,0.9066666666666666,0.9066666666666666,0.9066666666666666,0.9066666666666666,0.9066666666666666,0.9066666666666666
H1-K2cross-t3,0.1,10,H1-K2cross-t3_e10_r010,0.9402985074626866,0.9402985074626866,0.9402985074626866,0.9402985074626866,0.9402985074626866,0.9402985074626866,0.9402985074626866,0.9402985074626866,0.9402985074626866,0.9402985074626866,0.9402985074626866,0.9402985074626866,0.9402985074626866,0.9402985074626866
H1-K2cross-t3,0.2,10,H1-K2cross-t3_e20_r010,0.9146341463414634,0.9146341463414634,0.9146341463414634,0.9146341463414634,0.9146341463414634,0.9146341463414634,0.9146341463414634,0.9146341463414634,0.9146341463414634,0.9146341463414634,0.9146341463414634,0.9146341463414634,0.9146341463414634,0.9146341463414634
H2-unequal-t3,0.0,10,H2-unequal-t3_e00_r010,0.9333333333333333,0.9333333333333333,0.9333333333333333,0.9333333333333333,0.9333333333333333,0.9333333333333333,0.9333333333333333,0.9333333333333333,0.9333333333333333,0.9333333333333333,0.9333333333333333,0.9333333333333333,0.9333333333333333,0.9333333333333333
H2-unequal-t3,0.1,10,H2-unequal-t3_e10_r010,0.9360902255639098,0.9360902255639098,0.9360902255639098,0.9360902255639098,0.9360902255639098,0.9360902255639098,0.9360902255639098,0.9360902255639098,0.9360902255639098,0.9360902255639098,0.9360902255639098,0.9360902255639098,0.9360902255639098,0.9360902255639098
H2-unequal-t3,0.2,10,H2-unequal-t3_e20_r010,0.9349593495934959,0.9349593495934959,0.9349593495934959,0.9349593495934959,0.9349593495934959,0.9349593495934959,0.9349593495934959,0.9349593495934959,0.9349593495934959,0.9349593495934959,0.9349593495934959,0.9349593495934959,0.9349593495934959,0.9349593495934959
H1-K2cross-t3,0.0,11,H1-K2cross-t3_e00_r011,0.92,0.92,0.92,0.92,0.92,0.92,0.92,0.92,0.92,0.92,0.92,0.92,0.92,0.92
H1-K2cross-t3,0.1,11,H1-K2cross-t3_e10_r011,0.9163498098859315,0.9163498098859315,0.9163498098859315,0.9163498098859315,0.9163498098859315,0.9163498098859315,0.9163498098859315,0.9163498098859315,0.9163498098859315,0.9163498098859315,0.9163498098859315,0.9163498098859315,0.9163498098859315,0.9163498098859315
H1-K2cross-t3,0.2,11,H1-K2cross-t3_e20_r011,0.9181034482758621,0.9181034482758621,0.9181034482758621,0.9181034482758621,0.9181034482758621,0.9181034482758621,0.9181034482758621,0.9181034482758621,0.9181034482758621,0.9181034482758621,0.9181034482758621,0.9181034482758621,0.9181034482758621,0.9181034482758621
H2-unequal-t3,0.0,11,H2-unequal-t3_e00_r011,0.94,0.94,0.94,0.94,0.94,0.94,0.94,0.94,0.94,0.94,0.94,0.94,0.94,0.94
H2-unequal-t3,0.1,11,H2-unequal-t3_e10_r011,0.9148148148148149,0.9148148148148149,0.9148148148148149,0.9148148148148149,0.9148148148148149,0.9148148148148149,0.9148148148148149,0.9148148148148149,0.9148148148148149,0.9148148148148149,0.9148148148148149,0.9148148148148149,0.9148148148148149,0.9148148148148149
H2-unequal-t3,0.2,11,H2-unequal-t3_e20_r011,0.9333333333333333,0.9333333333333333,0.9333333333333333,0.9333333333333333,0.9333333333333333,0.9333333333333333,0.9333333333333333,0.9333333333333333,0.9333333333333333,0.9333333333333333,0.9333333333333333,0.9333333333333333,0.9333333333333333,0.9333333333333333
H1-K2cross-t3,0.0,12,H1-K2cross-t3_e00_r012,0.93,0.93,0.93,0.93,0.93,0.93,0.93,0.93,0.93,0.93,0.93,0.93,0.93,0.93
H1-K2cross-t3,0.1,12,H1-K2cross-t3_e10_r012,0.9285714285714286,0.9285714285714286,0.9285714285714286,0.9285714285714286,0.9285714285714286,0.9285714285714286,0.9285714285714286,0.9285714285714286,0.9285714285714286,0.9285714285714286,0.9285714285714286,0.9285714285714286,0.9285714285714286,0.9285714285714286
H1-K2cross-t3,0.2,12,H1-K2cross-t3_e20_r012,0.9218106995884774,0.9218106995884774,0.9218106995884774,0.9218106995884774,0.9218106995884774,0.9218106995884774,0.9218106995884774,0.9218106995884774,0.9218106995884774,0.9218106995884774,0.9218106995884774,0.9218106995884774,0.9218106995884774,0.9218106995884774
H2-unequal-t3,0.0,12,H2-unequal-t3_e00_r012,0.9333333333333333,0.9333333333333333,0.9333333333333333,0.9333333333333333,0.9333333333333333,0.9333333333333333,0.9333333333333333,0.9333333333333333,0.9333333333333333,0.9333333333333333,0.9333333333333333,0.9333333333333333,0.9333333333333333,0.9333333333333333
H2-unequal-t3,0.1,12,H2-unequal-t3_e10_r012,0.947565543071161,0.947565543071161,0.947565543071161,0.947565543071161,0.947565543071161,0.947565543071161,0.947565543071161,0.947565543071161,0.947565543071161,0.947565543071161,0.947565543071161,0.947565543071161,0.947565543071161,0.947565543071161
H2-unequal-t3,0.2,12,H2-unequal-t3_e20_r012,0.9110169491525424,0.9110169491525424,0.9110169491525424,0.9110169491525424,0.9110169491525424,0.9110169491525424,0.9110169491525424,0.9110169491525424,0.9110169491525424,0.9110169491525424,0.9110169491525424,0.9110169491525424,0.9110169491525424,0.9110169491525424
H1-K2cross-t3,0.0,13,H1-K2cross-t3_e00_r013,0.9433333333333334,0.9433333333333334,0.9433333333333334,0.9433333333333334,0.9433333333333334,0.9433333333333334,0.9433333333333334,0.9433333333333334,0.9433333333333334,0.9433333333333334,0.9433333333333334,0.9433333333333334,0.9433333333333334,0.9433333333333334
H1-K2cross-t3,0.1,13,H1-K2cross-t3_e10_r013,0.9325842696629213,0.9325842696629213,0.9325842696629213,0.9325842696629213,0.9325842696629213,0.9325842696629213,0.9325842696629213,0.9325842696629213,0.9325842696629213,0.9325842696629213,0.9325842696629213,0.9325842696629213,0.9325842696629213,0.9325842696629213
H1-K2cross-t3,0.2,13,H1-K2cross-t3_e20_r013,0.9352226720647774,0.9352226720647774,0.9352226720647774,0.9352226720647774,0.9352226720647774,0.9352226720647774,0.9352226720647774,0.9352226720647774,0.9352226720647774,0.9352226720647774,0.9352226720647774,0.9352226720647774,0.9352226720647774,0.9352226720647774
H2-unequal-t3,0.0,13,H2-unequal-t3_e00_r013,0.9366666666666666,0.9366666666666666,0.9366666666666666,0.9366666666666666,0.9366666666666666,0.9366666666666666,0.9366666666666666,0.9366666666666666,0.9366666666666666,0.9366666666666666,0.9366666666666666,0.9366666666666666,0.9366666666666666,0.9366666666666666
H2-unequal-t3,0.1,13,H2-unequal-t3_e10_r013,0.9007633587786259,0.9007633587786259,0.9007633587786259,0.9007633587786259,0.9007633587786259,0.9007633587786259,0.9007633587786259,0.9007633587786259,0.9007633587786259,0.9007633587786259,0.9007633587786259,0.9007633587786259,0.9007633587786259,0.9007633587786259
H2-unequal-t3,0.2,13,H2-unequal-t3_e20_r013,0.9358974358974359,0.9358974358974359,0.9358974358974359,0.9358974358974359,0.9358974358974359,0.9358974358974359,0.9358974358974359,0.9358974358974359,0.9358974358974359,0.9358974358974359,0.9358974358974359,0.9358974358974359,0.9358974358974359,0.9358974358974359
H1-K2cross-t3,0.0,14,H1-K2cross-t3_e00_r014,0.9,0.9,0.9,0.9,0.9,0.9,0.9,0.9,0.9,0.9,0.9,0.9,0.9,0.9
H1-K2cross-t3,0.1,14,H1-K2cross-t3_e10_r014,0.9320754716981132,0.9320754716981132,0.9320754716981132,0.9320754716981132,0.9320754716981132,0.9320754716981132,0.9320754716981132,0.9320754716981132,0.9320754716981132,0.9320754716981132,0.9320754716981132,0.9320754716981132,0.9320754716981132,0.9320754716981132
H1-K2cross-t3,0.2,14,H1-K2cross-t3_e20_r014,0.9364406779661016,0.9364406779661016,0.9364406779661016,0.9364406779661016,0.9364406779661016,0.9364406779661016,0.9364406779661016,0.9364406779661016,0.9364406779661016,0.9364406779661016,0.9364406779661016,0.9364406779661016,0.9364406779661016,0.9364406779661016
H2-unequal-t3,0.0,14,H2-unequal-t3_e00_r014,0.9366666666666666,0.9366666666666666,0.9366666666666666,0.9366666666666666,0.9366666666666666,0.9366666666666666,0.9366666666666666,0.9366666666666666,0.9366666666666666,0.9366666666666666,0.9366666666666666,0.9366666666666666,0.9366666666666666,0.9366666666666666
H2-unequal-t3,0.1,14,H2-unequal-t3_e10_r014,0.9256505576208178,0.9256505576208178,0.9256505576208178,0.9256505576208178,0.9256505576208178,0.9256505576208178,0.9256505576208178,0.9256505576208178,0.9256505576208178,0.9256505576208178,0.9256505576208178,0.9256505576208178,0.9256505576208178,0.9256505576208178
H2-unequal-t3,0.2,14,H2-unequal-t3_e20_r014,0.9181034482758621,0.9181034482758621,0.9181034482758621,0.9181034482758621,0.9181034482758621,0.9181034482758621,0.9181034482758621,0.9181034482758621,0.9181034482758621,0.9181034482758621,0.9181034482758621,0.9181034482758621,0.9181034482758621,0.9181034482758621
H1-K2cross-t3,0.0,15,H1-K2cross-t3_e00_r015,0.9033333333333333,0.9033333333333333,0.9033333333333333,0.9033333333333333,0.9033333333333333,0.9033333333333333,0.9033333333333333,0.9033333333333333,0.9033333333333333,0.9033333333333333,0.9033333333333333,0.9033333333333333,0.9033333333333333,0.9033333333333333
H1-K2cross-t3,0.1,15,H1-K2cross-t3_e10_r015,0.9552238805970149,0.9552238805970149,0.9552238805970149,0.9552238805970149,0.9552238805970149,0.9552238805970149,0.9552238805970149,0.9552238805970149,0.9552238805970149,0.9552238805970149,0.9552238805970149,0.9552238805970149,0.9552238805970149,0.9552238805970149
H1-K2cross-t3,0.2,15,H1-K2cross-t3_e20_r015,0.941908713692946,0.941908713692946,0.941908713692946,0.941908713692946,0.941908713692946,0.941908713692946,0.941908713692946,0.941908713692946,0.941908713692946,0.941908713692946,0.941908713692946,0.941908713692946,0.941908713692946,0.941908713692946
H2-unequal-t3,0.0,15,H2-unequal-t3_e00_r015,0.9233333333333333,0.9233333333333333,0.9233333333333333,0.9233333333333333,0.9233333333333333,0.9233333333333333,0.9233333333333333,0.9233333333333333,0.9233333333333333,0.9233333333333333,0.9233333333333333,0.9233333333333333,0.9233333333333333,0.9233333333333333
H2-unequal-t3,0.1,15,H2-unequal-t3_e10_r015,0.9135338345864662,0.9135338345864662,0.9135338345864662,0.9135338345864662,0.9135338345864662,0.9135338345864662,0.9135338345864662,0.9135338345864662,0.9135338345864662,0.9135338345864662,0.9135338345864662,0.9135338345864662,0.9135338345864662,0.9135338345864662
H2-unequal-t3,0.2,15,H2-unequal-t3_e20_r015,0.9336099585062241,0.9336099585062241,0.9336099585062241,0.9336099585062241,0.9336099585062241,0.9336099585062241,0.9336099585062241,0.9336099585062241,0.9336099585062241,0.9336099585062241,0.9336099585062241,0.9336099585062241,0.9336099585062241,0.9336099585062241
H1-K2cross-t3,0.0,16,H1-K2cross-t3_e00_r016,0.94,0.94,0.94,0.94,0.94,0.94,0.94,0.94,0.94,0.94,0.94,0.94,0.94,0.94
H1-K2cross-t3,0.1,16,H1-K2cross-t3_e10_r016,0.943609022556391,0.943609022556391,0.943609022556391,0.943609022556391,0.943609022556391,0.943609022556391,0.943609022556391,0.943609022556391,0.943609022556391,0.943609022556391,0.943609022556391,0.943609022556391,0.943609022556391,0.943609022556391
H1-K2cross-t3,0.2,16,H1-K2cross-t3_e20_r016,0.9291666666666667,0.9291666666666667,0.9291666666666667,0.9291666666666667,0.9291666666666667,0.9291666666666667,0.9291666666666667,0.9291666666666667,0.9291666666666667,0.9291666666666667,0.9291666666666667,0.9291666666666667,0.9291666666666667,0.9291666666666667
H2-unequal-t3,0.0,16,H2-unequal-t3_e00_r016,0.9266666666666666,0.9266666666666666,0.9266666666666666,0.9266666666666666,0.9266666666666666,0.9266666666666666,0.9266666666666666,0.9266666666666666,0.9266666666666666,0.9266666666666666,0.9266666666666666,0.9266666666666666,0.9266666666666666,0.9266666666666666
H2-unequal-t3,0.1,16,H2-unequal-t3_e10_r016,0.9464285714285714,0.9464285714285714,0.9464285714285714,0.9464285714285714,0.9464285714285714,0.9464285714285714,0.9464285714285714,0.9464285714285714,0.9464285714285714,0.9464285714285714,0.9464285714285714,0.9464285714285714,0.9464285714285714,0.9464285714285714
H2-unequal-t3,0.2,16,H2-unequal-t3_e20_r016,0.9539748953974896,0.9539748953974896,0.9539748953974896,0.9539748953974896,0.9539748953974896,0.9539748953974896,0.9539748953974896,0.9539748953974896,0.9539748953974896,0.9539748953974896,0.9539748953974896,0.9539748953974896,0.9539748953974896,0.9539748953974896
H1-K2cross-t3,0.0,17,H1-K2cross-t3_e00_r017,0.94,0.94,0.94,0.94,0.94,0.94,0.94,0.94,0.94,0.94,0.94,0.94,0.94,0.94
H1-K2cross-t3,0.1,17,H1-K2cross-t3_e10_r017,0.9124087591240876,0.9124087591240876,0.9124087591240876,0.9124087591240876,0.9124087591240876,0.9124087591240876,0.9124087591240876,0.9124087591240876,0.9124087591240876,0.9124087591240876,0.9124087591240876,0.9124087591240876,0.9124087591240876,0.9124087591240876
H1-K2cross-t3,0.2,17,H1-K2cross-t3_e20_r017,0.9482758620689655,0.9482758620689655,0.9482758620689655,0.9482758620689655,0.9482758620689655,0.9482758620689655,0.9482758620689655,0.9482758620689655,0.9482758620689655,0.9482758620689655,0.9482758620689655,0.9482758620689655,0.9482758620689655,0.9482758620689655
H2-unequal-t3,0.0,17,H2-unequal-t3_e00_r017,0.93,0.93,0.93,0.93,0.93,0.93,0.93,0.93,0.93,0.93,0.93,0.93,0.93,0.93
H2-unequal-t3,0.1,17,H2-unequal-t3_e10_r017,0.9473684210526315,0.9473684210526315,0.9473684210526315,0.9473684210526315,0.9473684210526315,0.9473684210526315,0.9473684210526315,0.9473684210526315,0.9473684210526315,0.9473684210526315,0.9473684210526315,0.9473684210526315,0.9473684210526315,0.9473684210526315
H2-unequal-t3,0.2,17,H2-unequal-t3_e20_r017,0.9362549800796812,0.9362549800796812,0.9362549800796812,0.9362549800796812,0.9362549800796812,0.9362549800796812,0.9362549800796812,0.9362549800796812,0.9362549800796812,0.9362549800796812,0.9362549800796812,0.9362549800796812,0.9362549800796812,0.9362549800796812
H1-K2cross-t3,0.0,18,H1-K2cross-t3_e00_r018,0.9,0.9,0.9,0.9,0.9,0.9,0.9,0.9,0.9,0.9,0.9,0.9,0.9,0.9
H1-K2cross-t3,0.1,18,H1-K2cross-t3_e10_r018,0.922509225092251,0.922509225092251,0.922509225092251,0.922509225092251,0.922509225092251,0.922509225092251,0.922509225092251,0.922509225092251,0.922509225092251,0.922509225092251,0.922509225092251,0.922509225092251,0.922509225092251,0.922509225092251
H1-K2cross-t3,0.2,18,H1-K2cross-t3_e20_r018,0.9367088607594937,0.9367088607594937,0.9367088607594937,0.9367088607594937,0.9367088607594937,0.9367088607594937,0.9367088607594937,0.9367088607594937,0.9367088607594937,0.9367088607594937,0.9367088607594937,0.9367088607594937,0.9367088607594937,0.9367088607594937
H2-unequal-t3,0.0,18,H2-unequal-t3_e00_r018,0.91,0.91,0.91,0.91,0.91,0.91,0.91,0.91,0.91,0.91,0.91,0.91,0.91,0.91
H2-unequal-t3,0.1,18,H2-unequal-t3_e10_r018,0.9440298507462687,0.9440298507462687,0.9440298507462687,0.9440298507462687,0.9440298507462687,0.9440298507462687,0.9440298507462687,0.9440298507462687,0.9440298507462687,0.9440298507462687,0.9440298507462687,0.9440298507462687,0.9440298507462687,0.9440298507462687
H2-unequal-t3,0.2,18,H2-unequal-t3_e20_r018,0.9180327868852459,0.9180327868852459,0.9180327868852459,0.9180327868852459,0.9180327868852459,0.9180327868852459,0.9180327868852459,0.9180327868852459,0.9180327868852459,0.9180327868852459,0.9180327868852459,0.9180327868852459,0.9180327868852459,0.9180327868852459
H1-K2cross-t3,0.0,19,H1-K2cross-t3_e00_r019,0.9166666666666666,0.9166666666666666,0.9166666666666666,0.9166666666666666,0.9166666666666666,0.9166666666666666,0.9166666666666666,0.9166666666666666,0.9166666666666666,0.9166666666666666,0.9166666666666666,0.9166666666666666,0.9166666666666666,0.9166666666666666
H1-K2cross-t3,0.1,19,H1-K2cross-t3_e10_r019,0.9558823529411765,0.9558823529411765,0.9558823529411765,0.9558823529411765,0.9558823529411765,0.9558823529411765,0.9558823529411765,0.9558823529411765,0.9558823529411765,0.9558823529411765,0.9558823529411765,0.9558823529411765,0.9558823529411765,0.9558823529411765
H1-K2cross-t3,0.2,19,H1-K2cross-t3_e20_r019,0.9382716049382716,0.9382716049382716,0.9382716049382716,0.9382716049382716,0.9382716049382716,0.9382716049382716,0.9382716049382716,0.9382716049382716,0.9382716049382716,0.9382716049382716,0.9382716049382716,0.9382716049382716,0.9382716049382716,0.9382716049382716
H2-unequal-t3,0.0,19,H2-unequal-t3_e00_r019,0.9466666666666667,0.9466666666666667,0.9466666666666667,0.9466666666666667,0.9466666666666667,0.9466666666666667,0.9466666666666667,0.9466666666666667,0.9466666666666667,0.9466666666666667,0.9466666666666667,0.9466666666666667,0.9466666666666667,0.9466666666666667
H2-unequal-t3,0.1,19,H2-unequal-t3_e10_r019,0.9372693726937269,0.9372693726937269,0.9372693726937269,0.9372693726937269,0.9372693726937269,0.9372693726937269,0.9372693726937269,0.9372693726937269,0.9372693726937269,0.9372693726937269,0.9372693726937269,0.9372693726937269,0.9372693726937269,0.9372693726937269
H2-unequal-t3,0.2,19,H2-unequal-t3_e20_r019,0.9399141630901288,0.9399141630901288,0.9399141630901288,0.9399141630901288,0.9399141630901288,0.9399141630901288,0.9399141630901288,0.9399141630901288,0.9399141630901288,0.9399141630901288,0.9399141630901288,0.9399141630901288,0.9399141630901288,0.9399141630901288
H1-K2cross-t3,0.0,20,H1-K2cross-t3_e00_r020,0.9166666666666666,0.9166666666666666,0.9166666666666666,0.9166666666666666,0.9166666666666666,0.9166666666666666,0.9166666666666666,0.9166666666666666,0.9166666666666666,0.9166666666666666,0.9166666666666666,0.9166666666666666,0.9166666666666666,0.9166666666666666
H1-K2cross-t3,0.1,20,H1-K2cross-t3_e10_r020,0.924812030075188,0.924812030075188,0.924812030075188,0.924812030075188,0.924812030075188,0.924812030075188,0.924812030075188,0.924812030075188,0.924812030075188,0.924812030075188,0.924812030075188,0.924812030075188,0.924812030075188,0.924812030075188
H1-K2cross-t3,0.2,20,H1-K2cross-t3_e20_r020,0.9612068965517241,0.9612068965517241,0.9612068965517241,0.9612068965517241,0.9612068965517241,0.9612068965517241,0.9612068965517241,0.9612068965517241,0.9612068965517241,0.9612068965517241,0.9612068965517241,0.9612068965517241,0.9612068965517241,0.9612068965517241
H2-unequal-t3,0.0,20,H2-unequal-t3_e00_r020,0.94,0.94,0.94,0.94,0.94,0.94,0.94,0.94,0.94,0.94,0.94,0.94,0.94,0.94
H2-unequal-t3,0.1,20,H2-unequal-t3_e10_r020,0.9338235294117647,0.9338235294117647,0.9338235294117647,0.9338235294117647,0.9338235294117647,0.9338235294117647,0.9338235294117647,0.9338235294117647,0.9338235294117647,0.9338235294117647,0.9338235294117647,0.9338235294117647,0.9338235294117647,0.9338235294117647
H2-unequal-t3,0.2,20,H2-unequal-t3_e20_r020,0.9456066945606695,0.9456066945606695,0.9456066945606695,0.9456066945606695,0.9456066945606695,0.9456066945606695,0.9456066945606695,0.9456066945606695,0.9456066945606695,0.9456066945606695,0.9456066945606695,0.9456066945606695,0.9456066945606695,0.9456066945606695
H1-K2cross-t3,0.0,21,H1-K2cross-t3_e00_r021,0.93,0.93,0.93,0.93,0.93,0.93,0.93,0.93,0.93,0.93,0.93,0.93,0.93,0.93
H1-K2cross-t3,0.1,21,H1-K2cross-t3_e10_r021,0.9310344827586207,0.9310344827586207,0.9310344827586207,0.9310344827586207,0.9310344827586207,0.9310344827586207,0.9310344827586207,0.9310344827586207,0.9310344827586207,0.9310344827586207,0.9310344827586207,0.9310344827586207,0.9310344827586207,0.9310344827586207
H1-K2cross-t3,0.2,21,H1-K2cross-t3_e20_r021,0.9513274336283186,0.9513274336283186,0.9513274336283186,0.9513274336283186,0.9513274336283186,0.9513274336283186,0.9513274336283186,0.9513274336283186,0.9513274336283186,0.9513274336283186,0.9513274336283186,0.9513274336283186,0.9513274336283186,0.9513274336283186
H2-unequal-t3,0.0,21,H2-unequal-t3_e00_r021,0.92,0.92,0.92,0.92,0.92,0.92,0.92,0.92,0.92,0.92,0.92,0.92,0.92,0.92
H2-unequal-t3,0.1,21,H2-unequal-t3_e10_r021,0.9360902255639098,0.9360902255639098,0.9360902255639098,0.9360902255639098,0.9360902255639098,0.9360902255639098,0.9360902255639098,0.9360902255639098,0.9360902255639098,0.9360902255639098,0.9360902255639098,0.9360902255639098,0.9360902255639098,0.9360902255639098
H2-unequal-t3,0.2,21,H2-unequal-t3_e20_r021,0.936,0.936,0.936,0.936,0.936,0.936,0.936,0.936,0.936,0.936,0.936,0.936,0.936,0.936
H1-K2cross-t3,0.0,22,H1-K2cross-t3_e00_r022,0.9133333333333333,0.9133333333333333,0.9133333333333333,0.9133333333333333,0.9133333333333333,0.9133333333333333,0.9133333333333333,0.9133333333333333,0.9133333333333333,0.9133333333333333,0.9133333333333333,0.9133333333333333,0.9133333333333333,0.9133333333333333
H1-K2cross-t3,0.1,22,H1-K2cross-t3_e10_r022,0.9147286821705426,0.9147286821705426,0.9147286821705426,0.9147286821705426,0.9147286821705426,0.9147286821705426,0.9147286821705426,0.9147286821705426,0.9147286821705426,0.9147286821705426,0.9147286821705426,0.9147286821705426,0.9147286821705426,0.9147286821705426
H1-K2cross-t3,0.2,22,H1-K2cross-t3_e20_r022,0.934156378600823,0.934156378600823,0.934156378600823,0.934156378600823,0.934156378600823,0.934156378600823,0.934156378600823,0.934156378600823,0.934156378600823,0.934156378600823,0.934156378600823,0.934156378600823,0.934156378600823,0.934156378600823
H2-unequal-t3,0.0,22,H2-unequal-t3_e00_r022,0.9433333333333334,0.9433333333333334,0.9433333333333334,0.9433333333333334,0.9433333333333334,0.9433333333333334,0.9433333333333334,0.9433333333333334,0.9433333333333334,0.9433333333333334,0.9433333333333334,0.9433333333333334,0.9433333333333334,0.9433333333333334
H2-unequal-t3,0.1,22,H2-unequal-t3_e10_r022,0.9301470588235294,0.9301470588235294,0.9301470588235294,0.9301470588235294,0.9301470588235294,0.9301470588235294,0.9301470588235294,0.9301470588235294,0.9301470588235294,0.9301470588235294,0.9301470588235294,0.9301470588235294,0.9301470588235294,0.9301470588235294
H2-unequal-t3,0.2,22,H2-unequal-t3_e20_r022,0.7043478260869566,0.7043478260869566,0.7043478260869566,0.7043478260869566,0.7043478260869566,0.7043478260869566,0.7043478260869566,0.7043478260869566,0.7043478260869566,0.7043478260869566,0.7043478260869566,0.7043478260869566,0.7043478260869566,0.7043478260869566
H1-K2cross-t3,0.0,23,H1-K2cross-t3_e00_r023,0.9333333333333333,0.9333333333333333,0.9333333333333333,0.9333333333333333,0.9333333333333333,0.9333333333333333,0.9333333333333333,0.9333333333333333,0.9333333333333333,0.9333333333333333,0.9333333333333333,0.9333333333333333,0.9333333333333333,0.9333333333333333
H1-K2cross-t3,0.1,23,H1-K2cross-t3_e10_r023,0.9527272727272728,0.9527272727272728,0.9527272727272728,0.9527272727272728,0.9527272727272728,0.9527272727272728,0.9527272727272728,0.9527272727272728,0.9527272727272728,0.9527272727272728,0.9527272727272728,0.9527272727272728,0.9527272727272728,0.9527272727272728
H1-K2cross-t3,0.2,23,H1-K2cross-t3_e20_r023,0.9380165289256198,0.9380165289256198,0.9380165289256198,0.9380165289256198,0.9380165289256198,0.9380165289256198,0.9380165289256198,0.9380165289256198,0.9380165289256198,0.9380165289256198,0.9380165289256198,0.9380165289256198,0.9380165289256198,0.9380165289256198
H2-unequal-t3,0.0,23,H2-unequal-t3_e00_r023,0.9533333333333334,0.9533333333333334,0.9533333333333334,0.9533333333333334,0.9533333333333334,0.9533333333333334,0.9533333333333334,0.9533333333333334,0.9533333333333334,0.9533333333333334,0.9533333333333334,0.9533333333333334,0.9533333333333334,0.9533333333333334
H2-unequal-t3,0.1,23,H2-unequal-t3_e10_r023,0.9267399267399268,0.9267399267399268,0.9267399267399268,0.9267399267399268,0.9267399267399268,0.9267399267399268,0.9267399267399268,0.9267399267399268,0.9267399267399268,0.9267399267399268,0.9267399267399268,0.9267399267399268,0.9267399267399268,0.9267399267399268
H2-unequal-t3,0.2,23,H2-unequal-t3_e20_r023,0.9246861924686193,0.9246861924686193,0.9246861924686193,0.9246861924686193,0.9246861924686193,0.9246861924686193,0.9246861924686193,0.9246861924686193,0.9246861924686193,0.9246861924686193,0.9246861924686193,0.9246861924686193,0.9246861924686193,0.9246861924686193
H1-K2cross-t3,0.0,24,H1-K2cross-t3_e00_r024,0.93,0.93,0.93,0.93,0.93,0.93,0.93,0.93,0.93,0.93,0.93,0.93,0.93,0.93
H1-K2cross-t3,0.1,24,H1-K2cross-t3_e10_r024,0.9438202247191011,0.9438202247191011,0.9438202247191011,0.9438202247191011,0.9438202247191011,0.9438202247191011,0.9438202247191011,0.9438202247191011,0.9438202247191011,0.9438202247191011,0.9438202247191011,0.9438202247191011,0.9438202247191011,0.9438202247191011
H1-K2cross-t3,0.2,24,H1-K2cross-t3_e20_r024,0.9253112033195021,0.9253112033195021,0.9253112033195021,0.9253112033195021,0.9253112033195021,0.9253112033195021,0.9253112033195021,0.9253112033195021,0.9253112033195021,0.9253112033195021,0.9253112033195021,0.9253112033195021,0.9253112033195021,0.9253112033195021
H2-unequal-t3,0.0,24,H2-unequal-t3_e00_r024,0.93,0.93,0.93,0.93,0.93,0.93,0.93,0.93,0.93,0.93,0.93,0.93,0.93,0.93
H2-unequal-t3,0.1,24,H2-unequal-t3_e10_r024,0.9501915708812261,0.9501915708812261,0.9501915708812261,0.9501915708812261,0.9501915708812261,0.9501915708812261,0.9501915708812261,0.9501915708812261,0.9501915708812261,0.9501915708812261,0.9501915708812261,0.9501915708812261,0.9501915708812261,0.9501915708812261
H2-unequal-t3,0.2,24,H2-unequal-t3_e20_r024,0.968,0.968,0.968,0.968,0.968,0.968,0.968,0.968,0.968,0.968,0.968,0.968,0.968,0.968
H1-K2cross-t3,0.0,25,H1-K2cross-t3_e00_r025,0.94,0.94,0.94,0.94,0.94,0.94,0.94,0.94,0.94,0.94,0.94,0.94,0.94,0.94
H1-K2cross-t3,0.1,25,H1-K2cross-t3_e10_r025,0.9496402877697842,0.9496402877697842,0.9496402877697842,0.9496402877697842,0.9496402877697842,0.9496402877697842,0.9496402877697842,0.9496402877697842,0.9496402877697842,0.9496402877697842,0.9496402877697842,0.9496402877697842,0.9496402877697842,0.9496402877697842
H1-K2cross-t3,0.2,25,H1-K2cross-t3_e20_r025,0.9240506329113924,0.9240506329113924,0.9240506329113924,0.9240506329113924,0.9240506329113924,0.9240506329113924,0.9240506329113924,0.9240506329113924,0.9240506329113924,0.9240506329113924,0.9240506329113924,0.9240506329113924,0.9240506329113924,0.9240506329113924
H2-unequal-t3,0.0,25,H2-unequal-t3_e00_r025,0.9466666666666667,0.9466666666666667,0.9466666666666667,0.9466666666666667,0.9466666666666667,0.9466666666666667,0.9466666666666667,0.9466666666666667,0.9466666666666667,0.9466666666666667,0.9466666666666667,0.9466666666666667,0.9466666666666667,0.9466666666666667
H2-unequal-t3,0.1,25,H2-unequal-t3_e10_r025,0.9597069597069597,0.9597069597069597,0.9597069597069597,0.9597069597069597,0.9597069597069597,0.9597069597069597,0.9597069597069597,0.9597069597069597,0.9597069597069597,0.9597069597069597,0.9597069597069597,0.9597069597069597,0.9597069597069597,0.9597069597069597
H2-unequal-t3,0.2,25,H2-unequal-t3_e20_r025,0.9537815126050421,0.9537815126050421,0.9537815126050421,0.9537815126050421,0.9537815126050421,0.9537815126050421,0.9537815126050421,0.9537815126050421,0.9537815126050421,0.9537815126050421,0.9537815126050421,0.9537815126050421,0.9537815126050421,0.9537815126050421
H1-K2cross-t3,0.0,26,H1-K2cross-t3_e00_r026,0.9333333333333333,0.9333333333333333,0.9333333333333333,0.9333333333333333,0.9333333333333333,0.9333333333333333,0.9333333333333333,0.9333333333333333,0.9333333333333333,0.9333333333333333,0.9333333333333333,0.9333333333333333,0.9333333333333333,0.9333333333333333
H1-K2cross-t3,0.1,26,H1-K2cross-t3_e10_r026,0.9191176470588235,0.9191176470588235,0.9191176470588235,0.9191176470588235,0.9191176470588235,0.9191176470588235,0.9191176470588235,0.9191176470588235,0.9191176470588235,0.9191176470588235,0.9191176470588235,0.9191176470588235,0.9191176470588235,0.9191176470588235
H1-K2cross-t3,0.2,26,H1-K2cross-t3_e20_r026,0.924,0.924,0.924,0.924,0.924,0.924,0.924,0.924,0.924,0.924,0.924,0.924,0.924,0.924
H2-unequal-t3,0.0,26,H2-unequal-t3_e00_r026,0.9266666666666666,0.9266666666666666,0.9266666666666666,0.9266666666666666,0.9266666666666666,0.9266666666666666,0.9266666666666666,0.9266666666666666,0.9266666666666666,0.9266666666666666,0.9266666666666666,0.9266666666666666,0.9266666666666666,0.9266666666666666
H2-unequal-t3,0.1,26,H2-unequal-t3_e10_r026,0.9219330855018587,0.9219330855018587,0.9219330855018587,0.9219330855018587,0.9219330855018587,0.9219330855018587,0.9219330855018587,0.9219330855018587,0.9219330855018587,0.9219330855018587,0.9219330855018587,0.9219330855018587,0.9219330855018587,0.9219330855018587
H2-unequal-t3,0.2,26,H2-unequal-t3_e20_r026,0.9495798319327731,0.9495798319327731,0.9495798319327731,0.9495798319327731,0.9495798319327731,0.9495798319327731,0.9495798319327731,0.9495798319327731,0.9495798319327731,0.9495798319327731,0.9495798319327731,0.9495798319327731,0.9495798319327731,0.9495798319327731
H1-K2cross-t3,0.0,27,H1-K2cross-t3_e00_r027,0.92,0.92,0.92,0.92,0.92,0.92,0.92,0.92,0.92,0.92,0.92,0.92,0.92,0.92
H1-K2cross-t3,0.1,27,H1-K2cross-t3_e10_r027,0.9471698113207547,0.9471698113207547,0.9471698113207547,0.9471698113207547,0.9471698113207547,0.9471698113207547,0.9471698113207547,0.9471698113207547,0.9471698113207547,0.9471698113207547,0.9471698113207547,0.9471698113207547,0.9471698113207547,0.9471698113207547
H1-K2cross-t3,0.2,27,H1-K2cross-t3_e20_r027,0.9279661016949152,0.9279661016949152,0.9279661016949152,0.9279661016949152,0.9279661016949152,0.9279661016949152,0.9279661016949152,0.9279661016949152,0.9279661016949152,0.9279661016949152,0.9279661016949152,0.9279661016949152,0.9279661016949152,0.9279661016949152
H2-unequal-t3,0.0,27,H2-unequal-t3_e00_r027,0.91,0.91,0.91,0.91,0.91,0.91,0.91,0.91,0.91,0.91,0.91,0.91,0.91,0.91
H2-unequal-t3,0.1,27,H2-unequal-t3_e10_r027,0.9363295880149812,0.9363295880149812,0.9363295880149812,0.9363295880149812,0.9363295880149812,0.9363295880149812,0.9363295880149812,0.9363295880149812,0.9363295880149812,0.9363295880149812,0.9363295880149812,0.9363295880149812,0.9363295880149812,0.9363295880149812
H2-unequal-t3,0.2,27,H2-unequal-t3_e20_r027,0.9273504273504274,0.9273504273504274,0.9273504273504274,0.9273504273504274,0.9273504273504274,0.9273504273504274,0.9273504273504274,0.9273504273504274,0.9273504273504274,0.9273504273504274,0.9273504273504274,0.9273504273504274,0.9273504273504274,0.9273504273504274
H1-K2cross-t3,0.0,28,H1-K2cross-t3_e00_r028,0.9366666666666666,0.9366666666666666,0.9366666666666666,0.9366666666666666,0.9366666666666666,0.9366666666666666,0.9366666666666666,0.9366666666666666,0.9366666666666666,0.9366666666666666,0.9366666666666666,0.9366666666666666,0.9366666666666666,0.9366666666666666
H1-K2cross-t3,0.1,28,H1-K2cross-t3_e10_r028,0.9444444444444444,0.9444444444444444,0.9444444444444444,0.9444444444444444,0.9444444444444444,0.9444444444444444,0.9444444444444444,0.9444444444444444,0.9444444444444444,0.9444444444444444,0.9444444444444444,0.9444444444444444,0.9444444444444444,0.9444444444444444
H1-K2cross-t3,0.2,28,H1-K2cross-t3_e20_r028,0.922077922077922,0.922077922077922,0.922077922077922,0.922077922077922,0.922077922077922,0.922077922077922,0.922077922077922,0.922077922077922,0.922077922077922,0.922077922077922,0.922077922077922,0.922077922077922,0.922077922077922,0.922077922077922
H2-unequal-t3,0.0,28,H2-unequal-t3_e00_r028,0.9266666666666666,0.9266666666666666,0.9266666666666666,0.9266666666666666,0.9266666666666666,0.9266666666666666,0.9266666666666666,0.9266666666666666,0.9266666666666666,0.9266666666666666,0.9266666666666666,0.9266666666666666,0.9266666666666666,0.9266666666666666
H2-unequal-t3,0.1,28,H2-unequal-t3_e10_r028,0.945054945054945,0.945054945054945,0.945054945054945,0.945054945054945,0.945054945054945,0.945054945054945,0.945054945054945,0.945054945054945,0.945054945054945,0.945054945054945,0.945054945054945,0.945054945054945,0.945054945054945,0.945054945054945
H2-unequal-t3,0.2,28,H2-unequal-t3_e20_r028,0.907258064516129,0.907258064516129,0.907258064516129,0.907258064516129,0.907258064516129,0.907258064516129,0.907258064516129,0.907258064516129,0.907258064516129,0.907258064516129,0.907258064516129,0.907258064516129,0.907258064516129,0.907258064516129
H1-K2cross-t3,0.0,29,H1-K2cross-t3_e00_r029,0.9066666666666666,0.9066666666666666,0.9066666666666666,0.9066666666666666,0.9066666666666666,0.9066666666666666,0.9066666666666666,0.9066666666666666,0.9066666666666666,0.9066666666666666,0.9066666666666666,0.9066666666666666,0.9066666666666666,0.9066666666666666
H1-K2cross-t3,0.1,29,H1-K2cross-t3_e10_r029,0.9442379182156134,0.9442379182156134,0.9442379182156134,0.9442379182156134,0.9442379182156134,0.9442379182156134,0.9442379182156134,0.9442379182156134,0.9442379182156134,0.9442379182156134,0.9442379182156134,0.9442379182156134,0.9442379182156134,0.9442379182156134
H1-K2cross-t3,0.2,29,H1-K2cross-t3_e20_r029,0.9383259911894273,0.9383259911894273,0.9383259911894273,0.9383259911894273,0.9383259911894273,0.9383259911894273,0.9383259911894273,0.9383259911894273,0.9383259911894273,0.9383259911894273,0.9383259911894273,0.9383259911894273,0.9383259911894273,0.9383259911894273
H2-unequal-t3,0.0,29,H2-unequal-t3_e00_r029,0.9133333333333333,0.9133333333333333,0.9133333333333333,0.9133333333333333,0.9133333333333333,0.9133333333333333,0.9133333333333333,0.9133333333333333,0.9133333333333333,0.9133333333333333,0.9133333333333333,0.9133333333333333,0.9133333333333333,0.9133333333333333
H2-unequal-t3,0.1,29,H2-unequal-t3_e10_r029,0.9440298507462687,0.9440298507462687,0.9440298507462687,0.9440298507462687,0.9440298507462687,0.9440298507462687,0.9440298507462687,0.9440298507462687,0.9440298507462687,0.9440298507462687,0.9440298507462687,0.9440298507462687,0.9440298507462687,0.9440298507462687
H2-unequal-t3,0.2,29,H2-unequal-t3_e20_r029,0.9349593495934959,0.9349593495934959,0.9349593495934959,0.9349593495934959,0.9349593495934959,0.9349593495934959,0.9349593495934959,0.9349593495934959,0.9349593495934959,0.9349593495934959,0.9349593495934959,0.9349593495934959,0.9349593495934959,0.9349593495934959
H1-K2cross-t3,0.0,30,H1-K2cross-t3_e00_r030,0.9066666666666666,0.9066666666666666,0.9066666666666666,0.9066666666666666,0.9066666666666666,0.9066666666666666,0.9066666666666666,0.9066666666666666,0.9066666666666666,0.9066666666666666,0.9066666666666666,0.9066666666666666,0.9066666666666666,0.9066666666666666
H1-K2cross-t3,0.1,30,H1-K2cross-t3_e10_r030,0.948339483394834,0.948339483394834,0.948339483394834,0.948339483394834,0.948339483394834,0.948339483394834,0.948339483394834,0.948339483394834,0.948339483394834,0.948339483394834,0.948339483394834,0.948339483394834,0.948339483394834,0.948339483394834
H1-K2cross-t3,0.2,30,H1-K2cross-t3_e20_r030,0.9020408163265307,0.9020408163265307,0.9020408163265307,0.9020408163265307,0.9020408163265307,0.9020408163265307,0.9020408163265307,0.9020408163265307,0.9020408163265307,0.9020408163265307,0.9020408163265307,0.9020408163265307,0.9020408163265307,0.9020408163265307
H2-unequal-t3,0.0,30,H2-unequal-t3_e00_r030,0.91,0.91,0.91,0.91,0.91,0.91,0.91,0.91,0.91,0.91,0.91,0.91,0.91,0.91
H2-unequal-t3,0.1,30,H2-unequal-t3_e10_r030,0.9222222222222223,0.9222222222222223,0.9222222222222223,0.9222222222222223,0.9222222222222223,0.9222222222222223,0.9222222222222223,0.9222222222222223,0.9222222222222223,0.9222222222222223,0.9222222222222223,0.9222222222222223,0.9222222222222223,0.9222222222222223
H2-unequal-t3,0.2,30,H2-unequal-t3_e20_r030,0.9311740890688259,0.9311740890688259,0.9311740890688259,0.9311740890688259,0.9311740890688259,0.9311740890688259,0.9311740890688259,0.9311740890688259,0.9311740890688259,0.9311740890688259,0.9311740890688259,0.9311740890688259,0.9311740890688259,0.9311740890688259
H1-K2cross-t3,0.0,31,H1-K2cross-t3_e00_r031,0.9533333333333334,0.9533333333333334,0.9533333333333334,0.9533333333333334,0.9533333333333334,0.9533333333333334,0.9533333333333334,0.9533333333333334,0.9533333333333334,0.9533333333333334,0.9533333333333334,0.9533333333333334,0.9533333333333334,0.9533333333333334
H1-K2cross-t3,0.1,31,H1-K2cross-t3_e10_r031,0.9514925373134329,0.9514925373134329,0.9514925373134329,0.9514925373134329,0.9514925373134329,0.9514925373134329,0.9514925373134329,0.9514925373134329,0.9514925373134329,0.9514925373134329,0.9514925373134329,0.9514925373134329,0.9514925373134329,0.9514925373134329
H1-K2cross-t3,0.2,31,H1-K2cross-t3_e20_r031,0.9121338912133892,0.9121338912133892,0.9121338912133892,0.9121338912133892,0.9121338912133892,0.9121338912133892,0.9121338912133892,0.9121338912133892,0.9121338912133892,0.9121338912133892,0.9121338912133892,0.9121338912133892,0.9121338912133892,0.9121338912133892
H2-unequal-t3,0.0,31,H2-unequal-t3_e00_r031,0.9466666666666667,0.9466666666666667,0.9466666666666667,0.9466666666666667,0.9466666666666667,0.9466666666666667,0.9466666666666667,0.9466666666666667,0.9466666666666667,0.9466666666666667,0.9466666666666667,0.9466666666666667,0.9466666666666667,0.9466666666666667
H2-unequal-t3,0.1,31,H2-unequal-t3_e10_r031,0.9115384615384615,0.9115384615384615,0.9115384615384615,0.9115384615384615,0.9115384615384615,0.9115384615384615,0.9115384615384615,0.9115384615384615,0.9115384615384615,0.9115384615384615,0.9115384615384615,0.9115384615384615,0.9115384615384615,0.9115384615384615
H2-unequal-t3,0.2,31,H2-unequal-t3_e20_r031,0.9159663865546218,0.9159663865546218,0.9159663865546218,0.9159663865546218,0.9159663865546218,0.9159663865546218,0.9159663865546218,0.9159663865546218,0.9159663865546218,0.9159663865546218,0.9159663865546218,0.9159663865546218,0.9159663865546218,0.9159663865546218
H1-K2cross-t3,0.0,32,H1-K2cross-t3_e00_r032,0.9366666666666666,0.9366666666666666,0.9366666666666666,0.9366666666666666,0.9366666666666666,0.9366666666666666,0.9366666666666666,0.9366666666666666,0.9366666666666666,0.9366666666666666,0.9366666666666666,0.9366666666666666,0.9366666666666666,0.9366666666666666
H1-K2cross-t3,0.1,32,H1-K2cross-t3_e10_r032,0.927007299270073,0.927007299270073,0.927007299270073,0.927007299270073,0.927007299270073,0.927007299270073,0.927007299270073,0.927007299270073,0.927007299270073,0.927007299270073,0.927007299270073,0.927007299270073,0.927007299270073,0.927007299270073
H1-K2cross-t3,0.2,32,H1-K2cross-t3_e20_r032,0.95,0.95,0.95,0.95,0.95,0.95,0.95,0.95,0.95,0.95,0.95,0.95,0.95,0.95
H2-unequal-t3,0.0,32,H2-unequal-t3_e00_r032,0.9266666666666666,0.9266666666666666,0.9266666666666666,0.9266666666666666,0.9266666666666666,0.9266666666666666,0.9266666666666666,0.9266666666666666,0.9266666666666666,0.9266666666666666,0.9266666666666666,0.9266666666666666,0.9266666666666666,0.9266666666666666
H2-unequal-t3,0.1,32,H2-unequal-t3_e10_r032,0.9427480916030534,0.9427480916030534,0.9427480916030534,0.9427480916030534,0.9427480916030534,0.9427480916030534,0.9427480916030534,0.9427480916030534,0.9427480916030534,0.9427480916030534,0.9427480916030534,0.9427480916030534,0.9427480916030534,0.9427480916030534
H2-unequal-t3,0.2,32,H2-unequal-t3_e20_r032,0.9227642276422764,0.9227642276422764,0.9227642276422764,0.9227642276422764,0.9227642276422764,0.9227642276422764,0.9227642276422764,0.9227642276422764,0.9227642276422764,0.9227642276422764,0.9227642276422764,0.9227642276422764,0.9227642276422764,0.9227642276422764
H1-K2cross-t3,0.0,33,H1-K2cross-t3_e00_r033,0.9433333333333334,0.9433333333333334,0.9433333333333334,0.9433333333333334,0.9433333333333334,0.9433333333333334,0.9433333333333334,0.9433333333333334,0.9433333333333334,0.9433333333333334,0.9433333333333334,0.9433333333333334,0.9433333333333334,0.9433333333333334
H1-K2cross-t3,0.1,33,H1-K2cross-t3_e10_r033,0.9363295880149812,0.9363295880149812,0.9363295880149812,0.9363295880149812,0.9363295880149812,0.9363295880149812,0.9363295880149812,0.9363295880149812,0.9363295880149812,0.9363295880149812,0.9363295880149812,0.9363295880149812,0.9363295880149812,0.9363295880149812
H1-K2cross-t3,0.2,33,H1-K2cross-t3_e20_r033,0.919831223628692,0.919831223628692,0.919831223628692,0.919831223628692,0.919831223628692,0.919831223628692,0.919831223628692,0.919831223628692,0.919831223628692,0.919831223628692,0.919831223628692,0.919831223628692,0.919831223628692,0.919831223628692
H2-unequal-t3,0.0,33,H2-unequal-t3_e00_r033,0.8833333333333333,0.8833333333333333,0.8833333333333333,0.8833333333333333,0.8833333333333333,0.8833333333333333,0.8833333333333333,0.8833333333333333,0.8833333333333333,0.8833333333333333,0.8833333333333333,0.8833333333333333,0.8833333333333333,0.8833333333333333
H2-unequal-t3,0.1,33,H2-unequal-t3_e10_r033,0.9368029739776952,0.9368029739776952,0.9368029739776952,0.9368029739776952,0.9368029739776952,0.9368029739776952,0.9368029739776952,0.9368029739776952,0.9368029739776952,0.9368029739776952,0.9368029739776952,0.9368029739776952,0.9368029739776952,0.9368029739776952
H2-unequal-t3,0.2,33,H2-unequal-t3_e20_r033,0.9147982062780269,0.9147982062780269,0.9147982062780269,0.9147982062780269,0.9147982062780269,0.9147982062780269,0.9147982062780269,0.9147982062780269,0.9147982062780269,0.9147982062780269,0.9147982062780269,0.9147982062780269,0.9147982062780269,0.9147982062780269
H1-K2cross-t3,0.0,34,H1-K2cross-t3_e00_r034,0.9566666666666667,0.9566666666666667,0.9566666666666667,0.9566666666666667,0.9566666666666667,0.9566666666666667,0.9566666666666667,0.9566666666666667,0.9566666666666667,0.9566666666666667,0.9566666666666667,0.9566666666666667,0.9566666666666667,0.9566666666666667
H1-K2cross-t3,0.1,34,H1-K2cross-t3_e10_r034,0.9405204460966543,0.9405204460966543,0.9405204460966543,0.9405204460966543,0.9405204460966543,0.9405204460966543,0.9405204460966543,0.9405204460966543,0.9405204460966543,0.9405204460966543,0.9405204460966543,0.9405204460966543,0.9405204460966543,0.9405204460966543
H1-K2cross-t3,0.2,34,H1-K2cross-t3_e20_r034,0.9435483870967742,0.9435483870967742,0.9435483870967742,0.9435483870967742,0.9435483870967742,0.9435483870967742,0.9435483870967742,0.9435483870967742,0.9435483870967742,0.9435483870967742,0.9435483870967742,0.9435483870967742,0.9435483870967742,0.9435483870967742
H2-unequal-t3,0.0,34,H2-unequal-t3_e00_r034,0.93,0.93,0.93,0.93,0.93,0.93,0.93,0.93,0.93,0.93,0.93,0.93,0.93,0.93
H2-unequal-t3,0.1,34,H2-unequal-t3_e10_r034,0.9230769230769231,0.9230769230769231,0.9230769230769231,0.9230769230769231,0.9230769230769231,0.9230769230769231,0.9230769230769231,0.9230769230769231,0.9230769230769231,0.9230769230769231,0.9230769230769231,0.9230769230769231,0.9230769230769231,0.9230769230769231
H2-unequal-t3,0.2,34,H2-unequal-t3_e20_r034,0.9327731092436975,0.9327731092436975,0.9327731092436975,0.9327731092436975,0.9327731092436975,0.9327731092436975,0.9327731092436975,0.9327731092436975,0.9327731092436975,0.9327731092436975,0.9327731092436975,0.9327731092436975,0.9327731092436975,0.9327731092436975
H1-K2cross-t3,0.0,35,H1-K2cross-t3_e00_r035,0.9433333333333334,0.9433333333333334,0.9433333333333334,0.9433333333333334,0.9433333333333334,0.9433333333333334,0.9433333333333334,0.9433333333333334,0.9433333333333334,0.9433333333333334,0.9433333333333334,0.9433333333333334,0.9433333333333334,0.9433333333333334
H1-K2cross-t3,0.1,35,H1-K2cross-t3_e10_r035,0.9130434782608695,0.9130434782608695,0.9130434782608695,0.9130434782608695,0.9130434782608695,0.9130434782608695,0.9130434782608695,0.9130434782608695,0.9130434782608695,0.9130434782608695,0.9130434782608695,0.9130434782608695,0.9130434782608695,0.9130434782608695
H1-K2cross-t3,0.2,35,H1-K2cross-t3_e20_r035,0.9090909090909091,0.9090909090909091,0.9090909090909091,0.9090909090909091,0.9090909090909091,0.9090909090909091,0.9090909090909091,0.9090909090909091,0.9090909090909091,0.9090909090909091,0.9090909090909091,0.9090909090909091,0.9090909090909091,0.9090909090909091
H2-unequal-t3,0.0,35,H2-unequal-t3_e00_r035,0.93,0.93,0.93,0.93,0.93,0.93,0.93,0.93,0.93,0.93,0.93,0.93,0.93,0.93
H2-unequal-t3,0.1,35,H2-unequal-t3_e10_r035,0.9372693726937269,0.9372693726937269,0.9372693726937269,0.9372693726937269,0.9372693726937269,0.9372693726937269,0.9372693726937269,0.9372693726937269,0.9372693726937269,0.9372693726937269,0.9372693726937269,0.9372693726937269,0.9372693726937269,0.9372693726937269
H2-unequal-t3,0.2,35,H2-unequal-t3_e20_r035,0.9246861924686193,0.9246861924686193,0.9246861924686193,0.9246861924686193,0.9246861924686193,0.9246861924686193,0.9246861924686193,0.9246861924686193,0.9246861924686193,0.9246861924686193,0.9246861924686193,0.9246861924686193,0.9246861924686193,0.9246861924686193
H1-K2cross-t3,0.0,36,H1-K2cross-t3_e00_r036,0.93,0.93,0.93,0.93,0.93,0.93,0.93,0.93,0.93,0.93,0.93,0.93,0.93,0.93
H1-K2cross-t3,0.1,36,H1-K2cross-t3_e10_r036,0.9320754716981132,0.9320754716981132,0.9320754716981132,0.9320754716981132,0.9320754716981132,0.9320754716981132,0.9320754716981132,0.9320754716981132,0.9320754716981132,0.9320754716981132,0.9320754716981132,0.9320754716981132,0.9320754716981132,0.9320754716981132
H1-K2cross-t3,0.2,36,H1-K2cross-t3_e20_r036,0.9508196721311475,0.9508196721311475,0.9508196721311475,0.9508196721311475,0.9508196721311475,0.9508196721311475,0.9508196721311475,0.9508196721311475,0.9508196721311475,0.9508196721311475,0.9508196721311475,0.9508196721311475,0.9508196721311475,0.9508196721311475
H2-unequal-t3,0.0,36,H2-unequal-t3_e00_r036,0.9433333333333334,0.9433333333333334,0.9433333333333334,0.9433333333333334,0.9433333333333334,0.9433333333333334,0.9433333333333334,0.9433333333333334,0.9433333333333334,0.9433333333333334,0.9433333333333334,0.9433333333333334,0.9433333333333334,0.9433333333333334
H2-unequal-t3,0.1,36,H2-unequal-t3_e10_r036,0.9356060606060606,0.9356060606060606,0.9356060606060606,0.9356060606060606,0.9356060606060606,0.9356060606060606,0.9356060606060606,0.9356060606060606,0.9356060606060606,0.9356060606060606,0.9356060606060606,0.9356060606060606,0.9356060606060606,0.9356060606060606
H2-unequal-t3,0.2,36,H2-unequal-t3_e20_r036,0.9047619047619048,0.9047619047619048,0.9047619047619048,0.9047619047619048,0.9047619047619048,0.9047619047619048,0.9047619047619048,0.9047619047619048,0.9047619047619048,0.9047619047619048,0.9047619047619048,0.9047619047619048,0.9047619047619048,0.9047619047619048
H1-K2cross-t3,0.0,37,H1-K2cross-t3_e00_r037,0.9033333333333333,0.9033333333333333,0.9033333333333333,0.9033333333333333,0.9033333333333333,0.9033333333333333,0.9033333333333333,0.9033333333333333,0.9033333333333333,0.9033333333333333,0.9033333333333333,0.9033333333333333,0.9033333333333333,0.9033333333333333
H1-K2cross-t3,0.1,37,H1-K2cross-t3_e10_r037,0.9227941176470589,0.9227941176470589,0.9227941176470589,0.9227941176470589,0.9227941176470589,0.9227941176470589,0.9227941176470589,0.9227941176470589,0.9227941176470589,0.9227941176470589,0.9227941176470589,0.9227941176470589,0.9227941176470589,0.9227941176470589
H1-K2cross-t3,0.2,37,H1-K2cross-t3_e20_r037,0.9434782608695652,0.9434782608695652,0.9434782608695652,0.9434782608695652,0.9434782608695652,0.9434782608695652,0.9434782608695652,0.9434782608695652,0.9434782608695652,0.9434782608695652,0.9434782608695652,0.9434782608695652,0.9434782608695652,0.9434782608695652
H2-unequal-t3,0.0,37,H2-unequal-t3_e00_r037,0.9433333333333334,0.9433333333333334,0.9433333333333334,0.9433333333333334,0.9433333333333334,0.9433333333333334,0.9433333333333334,0.9433333333333334,0.9433333333333334,0.9433333333333334,0.9433333333333334,0.9433333333333334,0.9433333333333334,0.9433333333333334
H2-unequal-t3,0.1,37,H2-unequal-t3_e10_r037,0.9425287356321839,0.9425287356321839,0.9425287356321839,0.9425287356321839,0.9425287356321839,0.9425287356321839,0.9425287356321839,0.9425287356321839,0.9425287356321839,0.9425287356321839,0.9425287356321839,0.9425287356321839,0.9425287356321839,0.9425287356321839
H2-unequal-t3,0.2,37,H2-unequal-t3_e20_r037,0.9271255060728745,0.9271255060728745,0.9271255060728745,0.9271255060728745,0.9271255060728745,0.9271255060728745,0.9271255060728745,0.9271255060728745,0.9271255060728745,0.9271255060728745,0.9271255060728745,0.9271255060728745,0.9271255060728745,0.9271255060728745
H1-K2cross-t3,0.0,38,H1-K2cross-t3_e00_r038,0.95,0.95,0.95,0.95,0.95,0.95,0.95,0.95,0.95,0.95,0.95,0.95,0.95,0.95
H1-K2cross-t3,0.1,38,H1-K2cross-t3_e10_r038,0.895910780669145,0.895910780669145,0.895910780669145,0.895910780669145,0.895910780669145,0.895910780669145,0.895910780669145,0.895910780669145,0.895910780669145,0.895910780669145,0.895910780669145,0.895910780669145,0.895910780669145,0.895910780669145
H1-K2cross-t3,0.2,38,H1-K2cross-t3_e20_r038,0.9282868525896414,0.9282868525896414,0.9282868525896414,0.9282868525896414,0.9282868525896414,0.9282868525896414,0.9282868525896414,0.9282868525896414,0.9282868525896414,0.9282868525896414,0.9282868525896414,0.9282868525896414,0.9282868525896414,0.9282868525896414
H2-unequal-t3,0.0,38,H2-unequal-t3_e00_r038,0.9566666666666667,0.9566666666666667,0.9566666666666667,0.9566666666666667,0.9566666666666667,0.9566666666666667,0.9566666666666667,0.9566666666666667,0.9566666666666667,0.9566666666666667,0.9566666666666667,0.9566666666666667,0.9566666666666667,0.9566666666666667
H2-unequal-t3,0.1,38,H2-unequal-t3_e10_r038,0.948905109489051,0.948905109489051,0.948905109489051,0.948905109489051,0.948905109489051,0.948905109489051,0.948905109489051,0.948905109489051,0.948905109489051,0.948905109489051,0.948905109489051,0.948905109489051,0.948905109489051,0.948905109489051
H2-unequal-t3,0.2,38,H2-unequal-t3_e20_r038,0.9516129032258065,0.9516129032258065,0.9516129032258065,0.9516129032258065,0.9516129032258065,0.9516129032258065,0.9516129032258065,0.9516129032258065,0.9516129032258065,0.9516129032258065,0.9516129032258065,0.9516129032258065,0.9516129032258065,0.9516129032258065
H1-K2cross-t3,0.0,39,H1-K2cross-t3_e00_r039,0.9266666666666666,0.9266666666666666,0.9266666666666666,0.9266666666666666,0.9266666666666666,0.9266666666666666,0.9266666666666666,0.9266666666666666,0.9266666666666666,0.9266666666666666,0.9266666666666666,0.9266666666666666,0.9266666666666666,0.9266666666666666
H1-K2cross-t3,0.1,39,H1-K2cross-t3_e10_r039,0.943609022556391,0.943609022556391,0.943609022556391,0.943609022556391,0.943609022556391,0.943609022556391,0.943609022556391,0.943609022556391,0.943609022556391,0.943609022556391,0.943609022556391,0.943609022556391,0.943609022556391,0.943609022556391
H1-K2cross-t3,0.2,39,H1-K2cross-t3_e20_r039,0.9576271186440678,0.9576271186440678,0.9576271186440678,0.9576271186440678,0.9576271186440678,0.9576271186440678,0.9576271186440678,0.9576271186440678,0.9576271186440678,0.9576271186440678,0.9576271186440678,0.9576271186440678,0.9576271186440678,0.9576271186440678
H2-unequal-t3,0.0,39,H2-unequal-t3_e00_r039,0.9466666666666667,0.9466666666666667,0.9466666666666667,0.9466666666666667,0.9466666666666667,0.9466666666666667,0.9466666666666667,0.9466666666666667,0.9466666666666667,0.9466666666666667,0.9466666666666667,0.9466666666666667,0.9466666666666667,0.9466666666666667
H2-unequal-t3,0.1,39,H2-unequal-t3_e10_r039,0.927797833935018,0.927797833935018,0.927797833935018,0.927797833935018,0.927797833935018,0.927797833935018,0.927797833935018,0.927797833935018,0.927797833935018,0.927797833935018,0.927797833935018,0.927797833935018,0.927797833935018,0.927797833935018
H2-unequal-t3,0.2,39,H2-unequal-t3_e20_r039,0.9387755102040817,0.9387755102040817,0.9387755102040817,0.9387755102040817,0.9387755102040817,0.9387755102040817,0.9387755102040817,0.9387755102040817,0.9387755102040817,0.9387755102040817,0.9387755102040817,0.9387755102040817,0.9387755102040817,0.9387755102040817
H1-K2cross-t3,0.0,40,H1-K2cross-t3_e00_r040,0.93,0.93,0.93,0.93,0.93,0.93,0.93,0.93,0.93,0.93,0.93,0.93,0.93,0.93
H1-K2cross-t3,0.1,40,H1-K2cross-t3_e10_r040,0.9402985074626866,0.9402985074626866,0.9402985074626866,0.9402985074626866,0.9402985074626866,0.9402985074626866,0.9402985074626866,0.9402985074626866,0.9402985074626866,0.9402985074626866,0.9402985074626866,0.9402985074626866,0.9402985074626866,0.9402985074626866
H1-K2cross-t3,0.2,40,H1-K2cross-t3_e20_r040,0.9399141630901288,0.9399141630901288,0.9399141630901288,0.9399141630901288,0.9399141630901288,0.9399141630901288,0.9399141630901288,0.9399141630901288,0.9399141630901288,0.9399141630901288,0.9399141630901288,0.9399141630901288,0.9399141630901288,0.9399141630901288
H2-unequal-t3,0.0,40,H2-unequal-t3_e00_r040,0.9666666666666667,0.9666666666666667,0.9666666666666667,0.9666666666666667,0.9666666666666667,0.9666666666666667,0.9666666666666667,0.9666666666666667,0.9666666666666667,0.9666666666666667,0.9666666666666667,0.9666666666666667,0.9666666666666667,0.9666666666666667
H2-unequal-t3,0.1,40,H2-unequal-t3_e10_r040,0.8897058823529411,0.8897058823529411,0.8897058823529411,0.8897058823529411,0.8897058823529411,0.8897058823529411,0.8897058823529411,0.8897058823529411,0.8897058823529411,0.8897058823529411,0.8897058823529411,0.8897058823529411,0.8897058823529411,0.8897058823529411
H2-unequal-t3,0.2,40,H2-unequal-t3_e20_r040,0.9414225941422594,0.9414225941422594,0.9414225941422594,0.9414225941422594,0.9414225941422594,0.9414225941422594,0.9414225941422594,0.9414225941422594,0.9414225941422594,0.9414225941422594,0.9414225941422594,0.9414225941422594,0.9414225941422594,0.9414225941422594
H1-K2cross-t3,0.0,41,H1-K2cross-t3_e00_r041,0.95,0.95,0.95,0.95,0.95,0.95,0.95,0.95,0.95,0.95,0.95,0.95,0.95,0.95
H1-K2cross-t3,0.1,41,H1-K2cross-t3_e10_r041,0.9377289377289377,0.9377289377289377,0.9377289377289377,0.9377289377289377,0.9377289377289377,0.9377289377289377,0.9377289377289377,0.9377289377289377,0.9377289377289377,0.9377289377289377,0.9377289377289377,0.9377289377289377,0.9377289377289377,0.9377289377289377
H1-K2cross-t3,0.2,41,H1-K2cross-t3_e20_r041,0.922077922077922,0.922077922077922,0.922077922077922,0.922077922077922,0.922077922077922,0.922077922077922,0.922077922077922,0.922077922077922,0.922077922077922,0.922077922077922,0.922077922077922,0.922077922077922,0.922077922077922,0.922077922077922
H2-unequal-t3,0.0,41,H2-unequal-t3_e00_r041,0.94,0.94,0.94,0.94,0.94,0.94,0.94,0.94,0.94,0.94,0.94,0.94,0.94,0.94
H2-unequal-t3,0.1,41,H2-unequal-t3_e10_r041,0.937037037037037,0.937037037037037,0.937037037037037,0.937037037037037,0.937037037037037,0.937037037037037,0.937037037037037,0.937037037037037,0.937037037037037,0.937037037037037,0.937037037037037,0.937037037037037,0.937037037037037,0.937037037037037
H2-unequal-t3,0.2,41,H2-unequal-t3_e20_r041,0.9176954732510288,0.9176954732510288,0.9176954732510288,0.9176954732510288,0.9176954732510288,0.9176954732510288,0.9176954732510288,0.9176954732510288,0.9176954732510288,0.9176954732510288,0.9176954732510288,0.9176954732510288,0.9176954732510288,0.9176954732510288
H1-K2cross-t3,0.0,42,H1-K2cross-t3_e00_r042,0.9366666666666666,0.9366666666666666,0.9366666666666666,0.9366666666666666,0.9366666666666666,0.9366666666666666,0.9366666666666666,0.9366666666666666,0.9366666666666666,0.9366666666666666,0.9366666666666666,0.9366666666666666,0.9366666666666666,0.9366666666666666
H1-K2cross-t3,0.1,42,H1-K2cross-t3_e10_r042,0.9288389513108615,0.9288389513108615,0.9288389513108615,0.9288389513108615,0.9288389513108615,0.9288389513108615,0.9288389513108615,0.9288389513108615,0.9288389513108615,0.9288389513108615,0.9288389513108615,0.9288389513108615,0.9288389513108615,0.9288389513108615
H1-K2cross-t3,0.2,42,H1-K2cross-t3_e20_r042,0.926829268292683,0.926829268292683,0.926829268292683,0.926829268292683,0.926829268292683,0.926829268292683,0.926829268292683,0.926829268292683,0.926829268292683,0.926829268292683,0.926829268292683,0.926829268292683,0.926829268292683,0.926829268292683
H2-unequal-t3,0.0,42,H2-unequal-t3_e00_r042,0.9333333333333333,0.9333333333333333,0.9333333333333333,0.9333333333333333,0.9333333333333333,0.9333333333333333,0.9333333333333333,0.9333333333333333,0.9333333333333333,0.9333333333333333,0.9333333333333333,0.9333333333333333,0.9333333333333333,0.9333333333333333
H2-unequal-t3,0.1,42,H2-unequal-t3_e10_r042,0.8981132075471698,0.8981132075471698,0.8981132075471698,0.8981132075471698,0.8981132075471698,0.8981132075471698,0.8981132075471698,0.8981132075471698,0.8981132075471698,0.8981132075471698,0.8981132075471698,0.8981132075471698,0.8981132075471698,0.8981132075471698
H2-unequal-t3,0.2,42,H2-unequal-t3_e20_r042,0.9330543933054394,0.9330543933054394,0.9330543933054394,0.9330543933054394,0.9330543933054394,0.9330543933054394,0.9330543933054394,0.9330543933054394,0.9330543933054394,0.9330543933054394,0.9330543933054394,0.9330543933054394,0.9330543933054394,0.9330543933054394
H1-K2cross-t3,0.0,43,H1-K2cross-t3_e00_r043,0.9166666666666666,0.9166666666666666,0.9166666666666666,0.9166666666666666,0.9166666666666666,0.9166666666666666,0.9166666666666666,0.9166666666666666,0.9166666666666666,0.9166666666666666,0.9166666666666666,0.9166666666666666,0.9166666666666666,0.9166666666666666
H1-K2cross-t3,0.1,43,H1-K2cross-t3_e10_r043,0.953405017921147,0.953405017921147,0.953405017921147,0.953405017921147,0.953405017921147,0.953405017921147,0.953405017921147,0.953405017921147,0.953405017921147,0.953405017921147,0.953405017921147,0.953405017921147,0.953405017921147,0.953405017921147
H1-K2cross-t3,0.2,43,H1-K2cross-t3_e20_r043,0.9625,0.9625,0.9625,0.9625,0.9625,0.9625,0.9625,0.9625,0.9625,0.9625,0.9625,0.9625,0.9625,0.9625
H2-unequal-t3,0.0,43,H2-unequal-t3_e00_r043,0.9466666666666667,0.9466666666666667,0.9466666666666667,0.9466666666666667,0.9466666666666667,0.9466666666666667,0.9466666666666667,0.9466666666666667,0.9466666666666667,0.9466666666666667,0.9466666666666667,0.9466666666666667,0.9466666666666667,0.9466666666666667
H2-unequal-t3,0.1,43,H2-unequal-t3_e10_r043,0.9411764705882353,0.9411764705882353,0.9411764705882353,0.9411764705882353,0.9411764705882353,0.9411764705882353,0.9411764705882353,0.9411764705882353,0.9411764705882353,0.9411764705882353,0.9411764705882353,0.9411764705882353,0.9411764705882353,0.9411764705882353
H2-unequal-t3,0.2,43,H2-unequal-t3_e20_r043,0.9375,0.9375,0.9375,0.9375,0.9375,0.9375,0.9375,0.9375,0.9375,0.9375,0.9375,0.9375,0.9375,0.9375
H1-K2cross-t3,0.0,44,H1-K2cross-t3_e00_r044,0.93,0.93,0.93,0.93,0.93,0.93,0.93,0.93,0.93,0.93,0.93,0.93,0.93,0.93
H1-K2cross-t3,0.1,44,H1-K2cross-t3_e10_r044,0.9407407407407408,0.9407407407407408,0.9407407407407408,0.9407407407407408,0.9407407407407408,0.9407407407407408,0.9407407407407408,0.9407407407407408,0.9407407407407408,0.9407407407407408,0.9407407407407408,0.9407407407407408,0.9407407407407408,0.9407407407407408
H1-K2cross-t3,0.2,44,H1-K2cross-t3_e20_r044,0.9125,0.9125,0.9125,0.9125,0.9125,0.9125,0.9125,0.9125,0.9125,0.9125,0.9125,0.9125,0.9125,0.9125
H2-unequal-t3,0.0,44,H2-unequal-t3_e00_r044,0.9433333333333334,0.9433333333333334,0.9433333333333334,0.9433333333333334,0.9433333333333334,0.9433333333333334,0.9433333333333334,0.9433333333333334,0.9433333333333334,0.9433333333333334,0.9433333333333334,0.9433333333333334,0.9433333333333334,0.9433333333333334
H2-unequal-t3,0.1,44,H2-unequal-t3_e10_r044,0.9288389513108615,0.9288389513108615,0.9288389513108615,0.9288389513108615,0.9288389513108615,0.9288389513108615,0.9288389513108615,0.9288389513108615,0.9288389513108615,0.9288389513108615,0.9288389513108615,0.9288389513108615,0.9288389513108615,0.9288389513108615
H2-unequal-t3,0.2,44,H2-unequal-t3_e20_r044,0.907563025210084,0.907563025210084,0.907563025210084,0.907563025210084,0.907563025210084,0.907563025210084,0.907563025210084,0.907563025210084,0.907563025210084,0.907563025210084,0.907563025210084,0.907563025210084,0.907563025210084,0.907563025210084
H1-K2cross-t3,0.0,45,H1-K2cross-t3_e00_r045,0.9333333333333333,0.9333333333333333,0.9333333333333333,0.9333333333333333,0.9333333333333333,0.9333333333333333,0.9333333333333333,0.9333333333333333,0.9333333333333333,0.9333333333333333,0.9333333333333333,0.9333333333333333,0.9333333333333333,0.9333333333333333
H1-K2cross-t3,0.1,45,H1-K2cross-t3_e10_r045,0.9288389513108615,0.9288389513108615,0.9288389513108615,0.9288389513108615,0.9288389513108615,0.9288389513108615,0.9288389513108615,0.9288389513108615,0.9288389513108615,0.9288389513108615,0.9288389513108615,0.9288389513108615,0.9288389513108615,0.9288389513108615
H1-K2cross-t3,0.2,45,H1-K2cross-t3_e20_r045,0.9342105263157895,0.9342105263157895,0.9342105263157895,0.9342105263157895,0.9342105263157895,0.9342105263157895,0.9342105263157895,0.9342105263157895,0.9342105263157895,0.9342105263157895,0.9342105263157895,0.9342105263157895,0.9342105263157895,0.9342105263157895
H2-unequal-t3,0.0,45,H2-unequal-t3_e00_r045,0.92,0.92,0.92,0.92,0.92,0.92,0.92,0.92,0.92,0.92,0.92,0.92,0.92,0.92
H2-unequal-t3,0.1,45,H2-unequal-t3_e10_r045,0.9219330855018587,0.9219330855018587,0.9219330855018587,0.9219330855018587,0.9219330855018587,0.9219330855018587,0.9219330855018587,0.9219330855018587,0.9219330855018587,0.9219330855018587,0.9219330855018587,0.9219330855018587,0.9219330855018587,0.9219330855018587
H2-unequal-t3,0.2,45,H2-unequal-t3_e20_r045,0.944206008583691,0.944206008583691,0.944206008583691,0.944206008583691,0.944206008583691,0.944206008583691,0.944206008583691,0.944206008583691,0.944206008583691,0.944206008583691,0.944206008583691,0.944206008583691,0.944206008583691,0.944206008583691
H1-K2cross-t3,0.0,46,H1-K2cross-t3_e00_r046,0.9133333333333333,0.9133333333333333,0.9133333333333333,0.9133333333333333,0.9133333333333333,0.9133333333333333,0.9133333333333333,0.9133333333333333,0.9133333333333333,0.9133333333333333,0.9133333333333333,0.9133333333333333,0.9133333333333333,0.9133333333333333
H1-K2cross-t3,0.1,46,H1-K2cross-t3_e10_r046,0.9402985074626866,0.9402985074626866,0.9402985074626866,0.9402985074626866,0.9402985074626866,0.9402985074626866,0.9402985074626866,0.9402985074626866,0.9402985074626866,0.9402985074626866,0.9402985074626866,0.9402985074626866,0.9402985074626866,0.9402985074626866
H1-K2cross-t3,0.2,46,H1-K2cross-t3_e20_r046,0.9364406779661016,0.9364406779661016,0.9364406779661016,0.9364406779661016,0.9364406779661016,0.9364406779661016,0.9364406779661016,0.9364406779661016,0.9364406779661016,0.9364406779661016,0.9364406779661016,0.9364406779661016,0.9364406779661016,0.9364406779661016
H2-unequal-t3,0.0,46,H2-unequal-t3_e00_r046,0.9266666666666666,0.9266666666666666,0.9266666666666666,0.9266666666666666,0.9266666666666666,0.9266666666666666,0.9266666666666666,0.9266666666666666,0.9266666666666666,0.9266666666666666,0.9266666666666666,0.9266666666666666,0.9266666666666666,0.9266666666666666
H2-unequal-t3,0.1,46,H2-unequal-t3_e10_r046,0.9490909090909091,0.9490909090909091,0.9490909090909091,0.9490909090909091,0.9490909090909091,0.9490909090909091,0.9490909090909091,0.9490909090909091,0.9490909090909091,0.9490909090909091,0.9490909090909091,0.9490909090909091,0.9490909090909091,0.9490909090909091
H2-unequal-t3,0.2,46,H2-unequal-t3_e20_r046,0.9369747899159664,0.9369747899159664,0.9369747899159664,0.9369747899159664,0.9369747899159664,0.9369747899159664,0.9369747899159664,0.9369747899159664,0.9369747899159664,0.9369747899159664,0.9369747899159664,0.9369747899159664,0.9369747899159664,0.9369747899159664
H1-K2cross-t3,0.0,47,H1-K2cross-t3_e00_r047,0.9266666666666666,0.9266666666666666,0.9266666666666666,0.9266666666666666,0.9266666666666666,0.9266666666666666,0.9266666666666666,0.9266666666666666,0.9266666666666666,0.9266666666666666,0.9266666666666666,0.9266666666666666,0.9266666666666666,0.9266666666666666
H1-K2cross-t3,0.1,47,H1-K2cross-t3_e10_r047,0.9288389513108615,0.9288389513108615,0.9288389513108615,0.9288389513108615,0.9288389513108615,0.9288389513108615,0.9288389513108615,0.9288389513108615,0.9288389513108615,0.9288389513108615,0.9288389513108615,0.9288389513108615,0.9288389513108615,0.9288389513108615
H1-K2cross-t3,0.2,47,H1-K2cross-t3_e20_r047,0.8776371308016878,0.8776371308016878,0.8776371308016878,0.8776371308016878,0.8776371308016878,0.8776371308016878,0.8776371308016878,0.8776371308016878,0.8776371308016878,0.8776371308016878,0.8776371308016878,0.8776371308016878,0.8776371308016878,0.8776371308016878
H2-unequal-t3,0.0,47,H2-unequal-t3_e00_r047,0.9233333333333333,0.9233333333333333,0.9233333333333333,0.9233333333333333,0.9233333333333333,0.9233333333333333,0.9233333333333333,0.9233333333333333,0.9233333333333333,0.9233333333333333,0.9233333333333333,0.9233333333333333,0.9233333333333333,0.9233333333333333
H2-unequal-t3,0.1,47,H2-unequal-t3_e10_r047,0.9256505576208178,0.9256505576208178,0.9256505576208178,0.9256505576208178,0.9256505576208178,0.9256505576208178,0.9256505576208178,0.9256505576208178,0.9256505576208178,0.9256505576208178,0.9256505576208178,0.9256505576208178,0.9256505576208178,0.9256505576208178
H2-unequal-t3,0.2,47,H2-unequal-t3_e20_r047,0.9380165289256198,0.9380165289256198,0.9380165289256198,0.9380165289256198,0.9380165289256198,0.9380165289256198,0.9380165289256198,0.9380165289256198,0.9380165289256198,0.9380165289256198,0.9380165289256198,0.9380165289256198,0.9380165289256198,0.9380165289256198
H1-K2cross-t3,0.0,48,H1-K2cross-t3_e00_r048,0.92,0.92,0.92,0.92,0.92,0.92,0.92,0.92,0.92,0.92,0.92,0.92,0.92,0.92
H1-K2cross-t3,0.1,48,H1-K2cross-t3_e10_r048,0.9306569343065694,0.9306569343065694,0.9306569343065694,0.9306569343065694,0.9306569343065694,0.9306569343065694,0.9306569343065694,0.9306569343065694,0.9306569343065694,0.9306569343065694,0.9306569343065694,0.9306569343065694,0.9306569343065694,0.9306569343065694
H1-K2cross-t3,0.2,48,H1-K2cross-t3_e20_r048,0.9163179916317992,0.9163179916317992,0.9163179916317992,0.9163179916317992,0.9163179916317992,0.9163179916317992,0.9163179916317992,0.9163179916317992,0.9163179916317992,0.9163179916317992,0.9163179916317992,0.9163179916317992,0.9163179916317992,0.9163179916317992
H2-unequal-t3,0.0,48,H2-unequal-t3_e00_r048,0.92,0.92,0.92,0.92,0.92,0.92,0.92,0.92,0.92,0.92,0.92,0.92,0.92,0.92
H2-unequal-t3,0.1,48,H2-unequal-t3_e10_r048,0.929368029739777,0.929368029739777,0.929368029739777,0.929368029739777,0.929368029739777,0.929368029739777,0.929368029739777,0.929368029739777,0.929368029739777,0.929368029739777,0.929368029739777,0.929368029739777,0.929368029739777,0.929368029739777
H2-unequal-t3,0.2,48,H2-unequal-t3_e20_r048,0.9036144578313253,0.9036144578313253,0.9036144578313253,0.9036144578313253,0.9036144578313253,0.9036144578313253,0.9036144578313253,0.9036144578313253,0.9036144578313253,0.9036144578313253,0.9036144578313253,0.9036144578313253,0.9036144578313253,0.9036144578313253
H1-K2cross-t3,0.0,49,H1-K2cross-t3_e00_r049,0.91,0.91,0.91,0.91,0.91,0.91,0.91,0.91,0.91,0.91,0.91,0.91,0.91,0.91
H1-K2cross-t3,0.1,49,H1-K2cross-t3_e10_r049,0.9118773946360154,0.9118773946360154,0.9118773946360154,0.9118773946360154,0.9118773946360154,0.9118773946360154,0.9118773946360154,0.9118773946360154,0.9118773946360154,0.9118773946360154,0.9118773946360154,0.9118773946360154,0.9118773946360154,0.9118773946360154
H1-K2cross-t3,0.2,49,H1-K2cross-t3_e20_r049,0.9152542372881356,0.9152542372881356,0.9152542372881356,0.9152542372881356,0.9152542372881356,0.9152542372881356,0.9152542372881356,0.9152542372881356,0.9152542372881356,0.9152542372881356,0.9152542372881356,0.9152542372881356,0.9152542372881356,0.9152542372881356
H2-unequal-t3,0.0,49,H2-unequal-t3_e00_r049,0.93,0.93,0.93,0.93,0.93,0.93,0.93,0.93,0.93,0.93,0.93,0.93,0.93,0.93
H2-unequal-t3,0.1,49,H2-unequal-t3_e10_r049,0.9323843416370107,0.9323843416370107,0.9323843416370107,0.9323843416370107,0.9323843416370107,0.9323843416370107,0.9323843416370107,0.9323843416370107,0.9323843416370107,0.9323843416370107,0.9323843416370107,0.9323843416370107,0.9323843416370107,0.9323843416370107
H2-unequal-t3,0.2,49,H2-unequal-t3_e20_r049,0.919831223628692,0.919831223628692,0.919831223628692,0.919831223628692,0.919831223628692,0.919831223628692,0.919831223628692,0.919831223628692,0.919831223628692,0.919831223628692,0.919831223628692,0.919831223628692,0.919831223628692,0.919831223628692
