x1,y,z0,out
-0.4624392795,-0.9574636703,1,0
-0.913128365,0.247445362,2,0
-0.05387831864,6.985130611,3,0
-1.03974551,7.145442735,3,0
0.9318465877,5.833707806,3,0
-0.1644366318,-1.537863635,1,0
1.241375364,3.671599439,2,0
1.770421762,2.885788865,2,0
-1.893031948,2.746273386,3,0
2.662927054,10.40131623,0,1
-0.655518376,-5.368614896,0,0
0.2862352611,1.857649768,2,0
1.657885067,-4.799890714,0,0
0.8046572128,-0.7432743422,1,0
-2.358047923,-4.352110621,1,0
2.785685926,5.902414425,2,0
-1.569206903,-29.65784955,0,1
2.718907857,-1.907801867,0,0
-0.4660928981,-0.6571171366,1,0
2.002022068,-4.109370101,0,0
0.6564853232,0.7758873086,1,0
0.8010538652,5.921737271,3,0
-2.166220946,-0.01760488531,2,0
2.114456295,-0.9489002358,1,0
2.636200759,6.945661364,2,0
1.512640281,-4.428291403,0,0
1.941776421,4.863248543,2,0
-1.190283649,5.279137724,3,0
2.1576143,-1.29541081,0,0
0.5368671696,2.96546901,2,0
-0.3354222607,5.302475235,3,0
2.893891194,17.53430429,1,1
-1.217647532,0.3951592046,2,0
-0.542608817,4.916027136,3,0
-1.134301118,0.7404700934,2,0
1.277824631,8.216507984,3,0
-1.361854214,-0.3033526104,2,0
2.469039861,-1.870612115,0,0
-2.131810951,-1.8136299,2,0
0.005096704038,-0.3703747605,1,0
-1.00279212,-5.244550657,1,0
-0.5828464825,-23.34597144,3,1
2.289672712,23.44736148,2,1
-0.9727173417,-2.91706723,1,0
-2.249004408,-7.558611214,0,0
0.771862326,1.347008184,2,0
2.943553388,-3.285345943,0,0
2.904371097,5.753880773,2,0
-1.682053798,0.9763587881,2,0
-0.5325438646,-6.161993619,0,0
-2.713626696,3.204422407,3,0
2.069458582,-21.25550055,0,1
-1.512068459,-4.090024929,1,0
-2.504917068,0.02606749034,2,0
-2.279184723,26.80916105,2,1
-2.437969759,3.052673456,3,0
-0.6486068973,7.059602603,3,0
-0.5966944853,-1.159828521,1,0
-2.103695394,-4.449477465,1,0
-2.652271347,5.276332451,3,0
-2.827099272,-5.383415616,1,0
1.524953619,-5.261934438,0,0
-1.896433258,-0.4673542913,2,0
-2.203019393,4.471126586,3,0
2.271576786,5.91052009,2,0
0.06855163236,-5.048771739,0,0
-0.2659733311,5.431377552,3,0
-1.648401362,-4.443985785,1,0
-2.794300842,-6.011029725,1,0
-1.702835013,-7.704982043,0,0
2.185815492,5.0419891,2,0
1.775292364,7.345518645,3,0
-1.263823791,-0.2412004716,2,0
0.1318080179,6.928572137,3,0
-2.663949465,-0.5137661266,2,0
-1.33118878,-7.867662247,0,0
0.5387151086,6.496993557,3,0
0.08929383989,4.694808353,3,0
-0.4770569106,6.60643622,3,0
-1.313677799,4.901145187,3,0
1.404510098,-2.566972554,1,0
0.4982489829,-1.089099002,1,0
0.2218983726,-6.771757065,0,0
-2.504726808,3.922632692,3,0
-0.1488746575,2.165237331,2,0
-0.8284842052,-7.46928304,0,0
0.4131628011,5.929054643,3,0
-0.5616032771,3.45058662,3,0
-1.643612612,-8.667654576,0,0
-2.697438687,-3.989533831,1,0
-2.863624678,-3.286247011,1,0
-1.109568367,-5.501225312,0,0
2.448159583,10.25974234,3,0
-2.94102494,2.94630887,3,0
-2.42291052,24.89309295,1,1
0.777917715,-6.71215794,0,0
2.05992389,8.358361645,3,0
0.1170343023,-3.266813974,1,0
2.97066542,-3.586614428,0,0
1.66615189,5.142933149,3,0
-0.2353250522,6.031590474,3,0
-0.5444781732,1.152784012,2,0
-2.496541023,-7.550462653,0,0
0.29792376,4.990514315,3,0
-0.5585144425,3.830315207,3,0
-1.461959579,-26.0415305,1,1
0.4256095882,-2.648220609,1,0
-2.845286006,-4.18758393,1,0
-0.6710027998,4.783951113,3,0
-2.633396293,3.56210514,3,0
-0.5987688748,0.1848814254,2,0
2.664607983,-3.515614672,0,0
-0.8288591687,4.776900124,3,0
0.6132280972,0.4945592102,2,0
0.6822857457,25.63303387,2,1
-1.012722404,-3.16352549,1,0
0.01749217951,6.167803359,3,0
-0.4414037922,25.00466397,1,1
-2.874972737,1.30867825,3,0
-2.14893598,-3.910091955,1,0
0.6659180926,8.62730526,3,0
-1.144981002,-3.313076094,1,0
0.9177447645,-1.762891106,1,0
0.7582053283,9.025791642,3,0
1.234414297,5.898219849,3,0
-0.5762514855,-5.057157953,0,0
-0.8769670201,22.40256719,1,1
1.710863988,-5.523799607,0,0
1.630575609,5.428929353,2,0
0.224324609,-0.5656234075,1,0
-0.282520123,-1.331623997,1,0
-1.383105144,-7.653129973,0,0
-1.433462133,5.015136204,3,0
0.55045455,2.864680565,2,0
-0.8986758806,-6.859576961,0,0
2.850554066,2.559763483,1,0
0.09875385169,-3.85499736,0,0
0.2097684493,-19.08504951,2,1
-2.48735106,-9.336532251,0,0
-0.154084769,5.274050877,3,0
-1.165837908,0.6574709023,2,0
-1.294663725,3.969982496,3,0
2.962044703,1.080557741,1,0
2.9538288,-3.232357789,0,0
2.048131497,8.019715083,3,0
1.271560535,-4.492244342,0,0
2.6177739,7.892074602,3,0
-0.8835813681,-3.063915648,1,0
1.965445488,-1.414480353,1,0
1.225247797,3.272658318,2,0
-2.798384961,-5.411996263,1,0
-2.213593869,-2.338111177,1,0
2.358211277,27.57897078,3,1
-0.9828798632,4.783933405,3,0
2.308384556,-3.637488194,0,0
-2.840892857,-4.594449703,1,0
0.5760423975,-1.670923378,1,0
1.801061863,3.181020662,2,0
-1.389890831,-7.435448313,0,0
-1.522166115,-8.771669836,0,0
0.3558240003,4.666726343,3,0
1.969870181,-0.7322756736,1,0
-0.8022999695,-5.604942873,0,0
-1.907339422,-7.72295889,0,0
1.771094504,-5.838812366,0,0
2.719030822,2.527298079,1,0
-1.414691784,3.164381168,3,0
2.909812998,6.454345452,3,0
-1.650557828,-8.15724765,0,0
2.137528761,8.931473595,3,0
0.3402525378,2.303823506,2,0
-2.118472348,-5.631384608,1,0
2.323166892,-3.416600206,0,0
-0.9067905175,5.050482334,3,0
-2.861170622,-9.427144624,0,0
-0.7958775798,4.665873026,3,0
-0.2196471393,-1.999451698,1,0
1.916515303,-3.386319632,0,0
1.579044396,3.719705833,2,0
-1.569415846,-2.484595349,1,0
2.978294315,3.688530821,2,0
-0.07284399649,7.577803656,3,0
0.5335937939,5.723455253,3,0
2.980723314,0.1156554432,1,0
2.076968325,5.601275525,2,0
2.689556218,-4.002127038,0,0
-1.179939818,1.5805304,2,0
2.93664007,1.275562391,1,0
-0.3235169483,-1.515884066,1,0
0.4342541347,6.423257456,3,0
1.156297751,8.413435209,3,0
-2.647834047,-9.777413189,0,0
-2.1959154,-3.666073643,1,0
1.052366822,2.955679264,2,0
0.7202282519,-0.4409118238,1,0
-2.668122338,2.305546621,3,0
-0.9177635944,3.343487746,3,0
-1.521531979,-8.164765968,0,0
-0.6048746143,-6.337190083,0,0
-1.760459202,-3.207979226,1,0
0.1861872236,6.751596125,3,0
2.884587203,-4.519264743,0,0
-2.370882585,3.451265808,3,0
-0.4652649,-1.030622604,1,0
-0.2863263851,-2.502341271,1,0
-1.946695729,32.19044652,3,1
-0.127543623,-5.534713279,0,0
-1.481928105,-0.03069404388,2,0
1.041449198,23.70283999,3,1
1.015361854,5.326179478,2,0
-2.613653507,-34.43091608,0,1
0.2392676199,-1.745534698,1,0
0.565364772,7.339807219,3,0
0.4568947372,-6.696652255,0,0
0.1960951218,-1.364878599,1,0
2.481039358,-4.264851343,0,0
0.5896263292,-1.784473864,1,0
-1.988499446,-2.370427318,1,0
2.718003378,6.107752574,2,0
-2.542089358,4.324159911,3,0
1.089703735,0.1936059723,1,0
1.811533148,1.400027053,2,0
-1.949438676,-8.014675907,0,0
0.3091826394,-4.461578592,0,0
-1.013027318,-2.554465825,1,0
-2.649588952,3.950517747,3,0
-1.540066002,-6.854666108,0,0
-0.2216729822,7.125704067,3,0
-0.0250194513,6.424586527,3,0
2.483425619,3.293702133,2,0
-0.4437141948,-2.916425438,1,0
2.645833235,-3.310497498,0,0
-2.814151129,-1.251671496,2,0
-0.1295582682,-2.196673012,1,0
0.9392132288,2.853755896,2,0
-1.061412979,-8.13120044,0,0
1.80758624,3.393634594,2,0
0.2773751543,-6.349323634,0,0
-1.195410069,5.469036608,3,0
-0.7757583718,0.2519170958,2,0
-2.438864683,-9.19485343,0,0
2.770563314,-4.29109098,0,0
1.201468907,8.270889033,3,0
1.762181071,8.206349301,3,0
-0.8530153336,-8.818561063,0,0
0.1441691233,5.001378839,3,0
-1.57738101,4.25518136,3,0
-2.887436901,-1.167456193,2,0
2.571555012,0.5212316428,1,0
-0.9884578327,-4.035494177,1,0
2.405575453,-2.443826438,0,0
1.955072852,7.537649929,3,0
0.2564352692,-5.97875461,0,0
-2.655298984,-3.527951881,1,0
2.337087967,7.334461957,3,0
2.142366864,34.13227622,2,1
-2.031640071,-4.429429784,1,0
1.710910833,-0.5196819477,1,0
-0.4173473253,0.5028243815,2,0
1.032523913,6.825545219,3,0
2.466089578,0.7137056718,1,0
1.855726919,4.443617145,2,0
1.002495135,2.94789926,2,0
2.415606912,28.85938647,2,1
2.986280339,-15.86359739,2,1
-1.914889588,5.175054911,3,0
-0.6453972345,11.56985476,0,1
0.9799737805,4.838460893,2,0
0.368600498,-10.95819643,3,1
2.09137371,-3.588253991,0,0
1.435995158,-1.411281838,0,0
0.320252922,-5.596438256,0,0
-0.6991628802,-3.517368392,1,0
-0.01902606046,-2.553476454,1,0
2.575357108,9.977860369,3,0
-0.4292113227,3.800598983,3,0
1.194675018,26.38856183,2,1
-1.075418904,-28.32934738,0,1
-2.657671188,3.142687664,3,0
2.884217013,1.239841541,1,0
-0.5614915973,4.650905801,3,0
-0.1355949369,-0.1021820308,1,0
-1.45606775,-3.089710602,1,0
-0.4568988695,-5.42737153,0,0
0.4936304329,6.671591766,3,0
-1.853473017,4.339528307,3,0
1.235702302,-1.725519806,1,0
0.2822155159,-1.968723408,1,0
0.05454545778,-3.846318401,1,0
-1.679332057,4.968480336,3,0
1.7267253,-4.440765609,0,0
1.501120258,3.879798841,2,0
-0.2951074164,-2.434333397,1,0
0.5444062923,5.89534054,3,0
-1.972995522,3.6355262,3,0
2.131011684,6.866808183,3,0
-0.6681405159,-7.250910765,0,0
0.9138714352,-6.173037949,0,0
0.9766469919,-0.6752718296,1,0
-1.16552212,-6.610596272,0,0
2.419202434,-2.280131362,0,0
-2.669412009,0.1635818948,2,0
2.708998217,-6.486393881,0,0
-1.995005744,3.40927238,3,0
0.8055307899,6.475254816,3,0
0.3144977053,4.06799942,3,0
-1.165396028,-2.64390153,1,0
0.9555597107,-7.046356919,0,0
1.672891763,3.323764277,2,0
0.5799242489,16.56559997,0,1
-1.56126254,0.04780735921,2,0
0.7175490088,-2.307745864,1,0
1.236019781,2.60719813,2,0
0.5880176889,-1.100785314,1,0
-2.469711868,0.1351675864,2,0
-1.41856953,-6.822776592,0,0
-1.675251656,-0.6062665407,2,0
-2.427904349,-1.831331061,2,0
-2.126557318,1.761191571,3,0
-2.805226392,2.311787036,3,0
2.134292114,31.87245008,3,1
0.6234209252,-6.01315413,0,0
-1.13545541,4.767136407,3,0
1.930783631,0.7703753761,1,0
-1.653026136,-4.503340377,1,0
1.647947939,-0.3847062844,1,0
-1.85246224,-4.603507695,1,0
-0.07273343142,31.83074086,3,1
2.192001481,-4.027283117,0,0
-2.440993421,-9.265121893,0,0
2.090904238,3.432337691,2,0
0.2581093715,-6.590761948,0,0
-2.94640501,-2.93135907,2,0
0.5663744013,-1.351995665,1,0
-2.046823041,-0.4117572894,2,0
0.3695361216,-1.876288158,1,0
-2.113072498,3.221598338,3,0
1.454888937,-3.99184277,0,0
0.1744054918,-5.809489972,0,0
-1.334471411,-5.520952506,0,0
2.904334294,9.822478699,3,0
1.523947911,3.922502092,2,0
-1.399565775,-7.608377409,0,0
2.978776753,8.418909793,3,0
0.1552507872,-0.8026549065,1,0
0.4431714755,1.787143646,2,0
2.561382017,8.560022407,3,0
-1.59917303,3.512389315,3,0
2.473215577,5.639280594,3,0
-2.483954753,-6.924130982,0,0
1.130328683,-3.863449884,0,0
2.474773729,36.19775422,3,1
-0.8086964867,17.83943564,0,1
0.2059948661,-2.805817634,1,0
-1.371175801,-23.29770987,0,1
-2.692120918,4.557983886,3,0
0.9642992767,3.521860198,2,0
-0.6018605741,-20.26652472,3,1
-0.744839788,1.635656788,2,0
-1.705736782,0.1121642853,2,0
-2.706996113,-9.970034835,0,0
0.07119566674,-7.354264021,0,0
0.1952109163,23.24693622,2,1
-0.6022947326,1.909869029,2,0
1.63055265,-16.72697894,2,1
-0.01504818885,5.173572933,3,0
-1.50831194,-5.344075793,0,0
-1.148447079,1.799588209,2,0
-1.307097615,-4.849986014,1,0
0.3125332828,7.308581915,3,0
1.746326825,-17.02368997,3,1
2.652494089,-2.143665902,0,0
-1.966491206,1.045665695,2,0
-2.163976648,3.881255204,3,0
-0.7295536356,4.803811642,3,0
-2.621660051,-5.817215737,1,0
2.392548052,7.960233962,3,0
0.8821937105,3.938860891,2,0
-0.6346967324,7.155513954,3,0
-2.132673672,0.4901556645,2,0
-2.635505161,3.184625474,3,0
2.699110427,7.91002091,3,0
-2.098723456,2.747986877,3,0
2.293439977,-3.0562543,0,0
2.488851605,-0.9439696824,0,0
-1.972975394,-3.164039205,1,0
-2.723475505,-9.29934655,0,0
1.892202514,8.525338408,3,0
-0.8280566113,-7.117218765,0,0
-2.151411788,-5.490156577,1,0
-1.571259562,1.113523107,2,0
-2.855539759,-5.843269982,1,0
2.640220004,-2.893348999,0,0
0.8223195645,2.860159093,2,0
0.5301682655,24.59430817,3,1
0.1781958188,-3.270565733,1,0
2.669140608,3.208431705,1,0
-0.1078099942,7.344492882,3,0
1.174964445,3.098387689,2,0
2.222037961,-4.427333605,0,0
