design,eps,rep,cb,acc,ahat
D1-K2cross,0.1,0,3.0,0.915129151291513,0.1
D1-K2cross,0.1,0,4.0,0.915129151291513,0.1
D1-K2cross,0.1,0,5.0,0.915129151291513,0.1
D1-K2cross,0.2,0,3.0,0.9184549356223176,0.22333333333333333
D1-K2cross,0.2,0,4.0,0.9184549356223176,0.22333333333333333
D1-K2cross,0.2,0,5.0,0.9184549356223176,0.22333333333333333
D2-K3par,0.1,0,3.0,0.9087591240875912,0.08666666666666667
D2-K3par,0.1,0,4.0,0.9087591240875912,0.08666666666666667
D2-K3par,0.1,0,5.0,0.9087591240875912,0.08666666666666667
D2-K3par,0.2,0,3.0,0.9132231404958677,0.19333333333333333
D2-K3par,0.2,0,4.0,0.9256198347107438,0.19333333333333333
D2-K3par,0.2,0,5.0,0.6363636363636364,0.10333333333333333
D3-unequal,0.1,0,3.0,0.9217081850533808,0.07666666666666666
D3-unequal,0.1,0,4.0,0.9217081850533808,0.07666666666666666
D3-unequal,0.1,0,5.0,0.9217081850533808,0.07666666666666666
D3-unequal,0.2,0,3.0,0.8902439024390244,0.18333333333333332
D3-unequal,0.2,0,4.0,0.8902439024390244,0.18333333333333332
D3-unequal,0.2,0,5.0,0.8902439024390244,0.18333333333333332
D5-leverage,0.1,0,3.0,0.9222222222222223,0.11666666666666667
D5-leverage,0.1,0,4.0,0.9222222222222223,0.11666666666666667
D5-leverage,0.1,0,5.0,0.9222222222222223,0.11666666666666667
D5-leverage,0.2,0,3.0,0.8103448275862069,0.03666666666666667
D5-leverage,0.2,0,4.0,0.5086206896551724,0.14
D5-leverage,0.2,0,5.0,0.5086206896551724,0.14
D6-uniform,0.1,0,3.0,0.9070631970260223,0.10666666666666667
D6-uniform,0.1,0,4.0,0.9070631970260223,0.10666666666666667
D6-uniform,0.1,0,5.0,0.9070631970260223,0.10666666666666667
D6-uniform,0.2,0,3.0,0.9224489795918367,0.18333333333333332
D6-uniform,0.2,0,4.0,0.9224489795918367,0.18333333333333332
D6-uniform,0.2,0,5.0,0.9224489795918367,0.18333333333333332
D1-K2cross,0.1,1,3.0,0.9391634980988594,0.13333333333333333
D1-K2cross,0.1,1,4.0,0.9391634980988594,0.13333333333333333
D1-K2cross,0.1,1,5.0,0.9391634980988594,0.13333333333333333
D1-K2cross,0.2,1,3.0,0.9364406779661016,0.21333333333333335
D1-K2cross,0.2,1,4.0,0.9364406779661016,0.21333333333333335
D1-K2cross,0.2,1,5.0,0.9364406779661016,0.21333333333333335
D2-K3par,0.1,1,3.0,0.8876404494382022,0.11
D2-K3par,0.1,1,4.0,0.8876404494382022,0.11
D2-K3par,0.1,1,5.0,0.8876404494382022,0.11
D2-K3par,0.2,1,3.0,0.9190283400809717,0.17666666666666667
D2-K3par,0.2,1,4.0,0.9190283400809717,0.17666666666666667
D2-K3par,0.2,1,5.0,0.9190283400809717,0.17666666666666667
D3-unequal,0.1,1,3.0,0.9003690036900369,0.10333333333333333
D3-unequal,0.1,1,4.0,0.9003690036900369,0.10333333333333333
D3-unequal,0.1,1,5.0,0.9003690036900369,0.10333333333333333
D3-unequal,0.2,1,3.0,0.9227467811158798,0.22333333333333333
D3-unequal,0.2,1,4.0,0.9227467811158798,0.22333333333333333
D3-unequal,0.2,1,5.0,0.9227467811158798,0.22333333333333333
D5-leverage,0.1,1,3.0,0.8872727272727273,0.1
D5-leverage,0.1,1,4.0,0.8872727272727273,0.1
D5-leverage,0.1,1,5.0,0.8872727272727273,0.1
D5-leverage,0.2,1,3.0,0.9145299145299145,0.22
D5-leverage,0.2,1,4.0,0.5341880341880342,0.12333333333333334
D5-leverage,0.2,1,5.0,0.5341880341880342,0.12333333333333334
D6-uniform,0.1,1,3.0,0.909433962264151,0.12333333333333334
D6-uniform,0.1,1,4.0,0.909433962264151,0.12333333333333334
D6-uniform,0.1,1,5.0,0.909433962264151,0.12333333333333334
D6-uniform,0.2,1,3.0,0.905511811023622,0.15333333333333332
D6-uniform,0.2,1,4.0,0.905511811023622,0.15333333333333332
D6-uniform,0.2,1,5.0,0.905511811023622,0.15333333333333332
D1-K2cross,0.1,2,3.0,0.9267399267399268,0.09666666666666666
D1-K2cross,0.1,2,4.0,0.9267399267399268,0.09666666666666666
D1-K2cross,0.1,2,5.0,0.9267399267399268,0.09666666666666666
D1-K2cross,0.2,2,3.0,0.9414225941422594,0.20333333333333334
D1-K2cross,0.2,2,4.0,0.9414225941422594,0.20333333333333334
D1-K2cross,0.2,2,5.0,0.9414225941422594,0.20333333333333334
D2-K3par,0.1,2,3.0,0.8888888888888888,0.10333333333333333
D2-K3par,0.1,2,4.0,0.8851851851851852,0.10333333333333333
D2-K3par,0.1,2,5.0,0.8851851851851852,0.10333333333333333
D2-K3par,0.2,2,3.0,0.9090909090909091,0.19333333333333333
D2-K3par,0.2,2,4.0,0.9090909090909091,0.19333333333333333
D2-K3par,0.2,2,5.0,0.9090909090909091,0.19333333333333333
D3-unequal,0.1,2,3.0,0.8985507246376812,0.08666666666666667
D3-unequal,0.1,2,4.0,0.8985507246376812,0.08666666666666667
D3-unequal,0.1,2,5.0,0.8985507246376812,0.08666666666666667
D3-unequal,0.2,2,3.0,0.9166666666666666,0.21
D3-unequal,0.2,2,4.0,0.9166666666666666,0.21
D3-unequal,0.2,2,5.0,0.9166666666666666,0.21
D5-leverage,0.1,2,3.0,0.9007633587786259,0.12666666666666668
D5-leverage,0.1,2,4.0,0.9007633587786259,0.12666666666666668
D5-leverage,0.1,2,5.0,0.9007633587786259,0.12666666666666668
D5-leverage,0.2,2,3.0,0.9233870967741935,0.17333333333333334
D5-leverage,0.2,2,4.0,0.9233870967741935,0.17333333333333334
D5-leverage,0.2,2,5.0,0.5362903225806451,0.11
D6-uniform,0.1,2,3.0,0.917910447761194,0.10666666666666667
D6-uniform,0.1,2,4.0,0.917910447761194,0.10666666666666667
D6-uniform,0.1,2,5.0,0.917910447761194,0.10666666666666667
D6-uniform,0.2,2,3.0,0.8991935483870968,0.14666666666666667
D6-uniform,0.2,2,4.0,0.8991935483870968,0.15333333333333332
D6-uniform,0.2,2,5.0,0.8991935483870968,0.15333333333333332
D1-K2cross,0.1,3,3.0,0.9285714285714286,0.12
D1-K2cross,0.1,3,4.0,0.9285714285714286,0.12
D1-K2cross,0.1,3,5.0,0.9285714285714286,0.12
D1-K2cross,0.2,3,3.0,0.9294605809128631,0.2
D1-K2cross,0.2,3,4.0,0.9294605809128631,0.2
D1-K2cross,0.2,3,5.0,0.9294605809128631,0.2
D2-K3par,0.1,3,3.0,0.8909090909090909,0.08333333333333333
D2-K3par,0.1,3,4.0,0.8909090909090909,0.08333333333333333
D2-K3par,0.1,3,5.0,0.8909090909090909,0.08333333333333333
D2-K3par,0.2,3,3.0,0.9391304347826087,0.23333333333333334
D2-K3par,0.2,3,4.0,0.9391304347826087,0.23333333333333334
D2-K3par,0.2,3,5.0,0.6869565217391305,0.11
D3-unequal,0.1,3,3.0,0.8644688644688645,0.10333333333333333
D3-unequal,0.1,3,4.0,0.8644688644688645,0.10333333333333333
D3-unequal,0.1,3,5.0,0.8644688644688645,0.10333333333333333
D3-unequal,0.2,3,3.0,0.9045643153526971,0.19666666666666666
D3-unequal,0.2,3,4.0,0.9045643153526971,0.19666666666666666
D3-unequal,0.2,3,5.0,0.9045643153526971,0.19666666666666666
D5-leverage,0.1,3,3.0,0.9214285714285714,0.07333333333333333
D5-leverage,0.1,3,4.0,0.9214285714285714,0.07333333333333333
D5-leverage,0.1,3,5.0,0.9214285714285714,0.07333333333333333
D5-leverage,0.2,3,3.0,0.902834008097166,0.18333333333333332
D5-leverage,0.2,3,4.0,0.902834008097166,0.18333333333333332
D5-leverage,0.2,3,5.0,0.902834008097166,0.18333333333333332
D6-uniform,0.1,3,3.0,0.9044117647058824,0.09666666666666666
D6-uniform,0.1,3,4.0,0.9044117647058824,0.09666666666666666
D6-uniform,0.1,3,5.0,0.9044117647058824,0.09666666666666666
D6-uniform,0.2,3,3.0,0.8966942148760331,0.16666666666666666
D6-uniform,0.2,3,4.0,0.8966942148760331,0.16666666666666666
D6-uniform,0.2,3,5.0,0.8966942148760331,0.16666666666666666
D1-K2cross,0.1,4,3.0,0.915129151291513,0.10666666666666667
D1-K2cross,0.1,4,4.0,0.915129151291513,0.10666666666666667
D1-K2cross,0.1,4,5.0,0.915129151291513,0.10666666666666667
D1-K2cross,0.2,4,3.0,0.888,0.16666666666666666
D1-K2cross,0.2,4,4.0,0.888,0.16666666666666666
D1-K2cross,0.2,4,5.0,0.888,0.16666666666666666
D2-K3par,0.1,4,3.0,0.9236363636363636,0.08333333333333333
D2-K3par,0.1,4,4.0,0.9236363636363636,0.08333333333333333
D2-K3par,0.1,4,5.0,0.9236363636363636,0.08333333333333333
D2-K3par,0.2,4,3.0,0.9135802469135802,0.19
D2-K3par,0.2,4,4.0,0.9135802469135802,0.19
D2-K3par,0.2,4,5.0,0.9135802469135802,0.19
D3-unequal,0.1,4,3.0,0.908745247148289,0.13
D3-unequal,0.1,4,4.0,0.908745247148289,0.13
D3-unequal,0.1,4,5.0,0.908745247148289,0.13
D3-unequal,0.2,4,3.0,0.8866396761133604,0.18
D3-unequal,0.2,4,4.0,0.8866396761133604,0.18
D3-unequal,0.2,4,5.0,0.8866396761133604,0.18
D5-leverage,0.1,4,3.0,0.9125475285171103,0.13
D5-leverage,0.1,4,4.0,0.9125475285171103,0.13
D5-leverage,0.1,4,5.0,0.9125475285171103,0.13
D5-leverage,0.2,4,3.0,0.9300411522633745,0.19
D5-leverage,0.2,4,4.0,0.9300411522633745,0.19
D5-leverage,0.2,4,5.0,0.9300411522633745,0.19
D6-uniform,0.1,4,3.0,0.8981132075471698,0.11
D6-uniform,0.1,4,4.0,0.8981132075471698,0.11
D6-uniform,0.1,4,5.0,0.8981132075471698,0.11
D6-uniform,0.2,4,3.0,0.8652173913043478,0.16333333333333333
D6-uniform,0.2,4,4.0,0.5173913043478261,0.0033333333333333335
D6-uniform,0.2,4,5.0,0.5173913043478261,0.0033333333333333335
D1-K2cross,0.1,5,3.0,0.8981818181818182,0.09333333333333334
D1-K2cross,0.1,5,4.0,0.8981818181818182,0.09333333333333334
D1-K2cross,0.1,5,5.0,0.8981818181818182,0.09333333333333334
D1-K2cross,0.2,5,3.0,0.9256198347107438,0.2
D1-K2cross,0.2,5,4.0,0.9256198347107438,0.2
D1-K2cross,0.2,5,5.0,0.9256198347107438,0.2
D2-K3par,0.1,5,3.0,0.8880597014925373,0.10666666666666667
D2-K3par,0.1,5,4.0,0.8880597014925373,0.10666666666666667
D2-K3par,0.1,5,5.0,0.8880597014925373,0.10666666666666667
D2-K3par,0.2,5,3.0,0.9399141630901288,0.23
D2-K3par,0.2,5,4.0,0.9356223175965666,0.23
D2-K3par,0.2,5,5.0,0.6566523605150214,0.10666666666666667
D3-unequal,0.1,5,3.0,0.9222222222222223,0.10333333333333333
D3-unequal,0.1,5,4.0,0.9222222222222223,0.10333333333333333
D3-unequal,0.1,5,5.0,0.9222222222222223,0.10333333333333333
D3-unequal,0.2,5,3.0,0.8911290322580645,0.17666666666666667
D3-unequal,0.2,5,4.0,0.8911290322580645,0.17666666666666667
D3-unequal,0.2,5,5.0,0.8911290322580645,0.17666666666666667
D5-leverage,0.1,5,3.0,0.9148148148148149,0.10666666666666667
D5-leverage,0.1,5,4.0,0.9148148148148149,0.10666666666666667
D5-leverage,0.1,5,5.0,0.9148148148148149,0.10666666666666667
D5-leverage,0.2,5,3.0,0.9139344262295082,0.18666666666666668
D5-leverage,0.2,5,4.0,0.9221311475409836,0.18666666666666668
D5-leverage,0.2,5,5.0,0.9221311475409836,0.18666666666666668
D6-uniform,0.1,5,3.0,0.9,0.10666666666666667
D6-uniform,0.1,5,4.0,0.9,0.10666666666666667
D6-uniform,0.1,5,5.0,0.9,0.10666666666666667
D6-uniform,0.2,5,3.0,0.8704453441295547,0.17
D6-uniform,0.2,5,4.0,0.8704453441295547,0.16666666666666666
D6-uniform,0.2,5,5.0,0.8704453441295547,0.16666666666666666
D1-K2cross,0.1,6,3.0,0.921146953405018,0.07
D1-K2cross,0.1,6,4.0,0.921146953405018,0.07
D1-K2cross,0.1,6,5.0,0.921146953405018,0.07
D1-K2cross,0.2,6,3.0,0.902542372881356,0.21333333333333335
D1-K2cross,0.2,6,4.0,0.902542372881356,0.21333333333333335
D1-K2cross,0.2,6,5.0,0.902542372881356,0.21333333333333335
D2-K3par,0.1,6,3.0,0.6654545454545454,0.08666666666666667
D2-K3par,0.1,6,4.0,0.6654545454545454,0.08666666666666667
D2-K3par,0.1,6,5.0,0.9090909090909091,0.08666666666666667
D2-K3par,0.2,6,3.0,0.8925619834710744,0.19333333333333333
D2-K3par,0.2,6,4.0,0.8925619834710744,0.19333333333333333
D2-K3par,0.2,6,5.0,0.8966942148760331,0.19333333333333333
D3-unequal,0.1,6,3.0,0.9,0.11333333333333333
D3-unequal,0.1,6,4.0,0.9,0.11333333333333333
D3-unequal,0.1,6,5.0,0.9,0.11333333333333333
D3-unequal,0.2,6,3.0,0.9173553719008265,0.19333333333333333
D3-unequal,0.2,6,4.0,0.9256198347107438,0.19333333333333333
D3-unequal,0.2,6,5.0,0.9256198347107438,0.19333333333333333
D5-leverage,0.1,6,3.0,0.9325842696629213,0.12333333333333334
D5-leverage,0.1,6,4.0,0.9325842696629213,0.12333333333333334
D5-leverage,0.1,6,5.0,0.9325842696629213,0.12333333333333334
D5-leverage,0.2,6,3.0,0.9007936507936508,0.16
D5-leverage,0.2,6,4.0,0.9007936507936508,0.16
D5-leverage,0.2,6,5.0,0.9007936507936508,0.16
D6-uniform,0.1,6,3.0,0.9014598540145985,0.09
D6-uniform,0.1,6,4.0,0.9014598540145985,0.09
D6-uniform,0.1,6,5.0,0.9014598540145985,0.09
D6-uniform,0.2,6,3.0,0.9234042553191489,0.2
D6-uniform,0.2,6,4.0,0.9234042553191489,0.2
D6-uniform,0.2,6,5.0,0.9234042553191489,0.2
D1-K2cross,0.1,7,3.0,0.9428571428571428,0.06666666666666667
D1-K2cross,0.1,7,4.0,0.9428571428571428,0.06666666666666667
D1-K2cross,0.1,7,5.0,0.9428571428571428,0.06666666666666667
D1-K2cross,0.2,7,3.0,0.8898678414096917,0.24333333333333335
D1-K2cross,0.2,7,4.0,0.8898678414096917,0.24333333333333335
D1-K2cross,0.2,7,5.0,0.8898678414096917,0.24333333333333335
D2-K3par,0.1,7,3.0,0.8939393939393939,0.12
D2-K3par,0.1,7,4.0,0.8939393939393939,0.12
D2-K3par,0.1,7,5.0,0.8939393939393939,0.12
D2-K3par,0.2,7,3.0,0.9068825910931174,0.18666666666666668
D2-K3par,0.2,7,4.0,0.9068825910931174,0.18666666666666668
D2-K3par,0.2,7,5.0,0.9068825910931174,0.18666666666666668
D3-unequal,0.1,7,3.0,0.9527272727272728,0.09333333333333334
D3-unequal,0.1,7,4.0,0.9527272727272728,0.09333333333333334
D3-unequal,0.1,7,5.0,0.9527272727272728,0.09333333333333334
D3-unequal,0.2,7,3.0,0.9132231404958677,0.2
D3-unequal,0.2,7,4.0,0.9132231404958677,0.2
D3-unequal,0.2,7,5.0,0.9132231404958677,0.2
D5-leverage,0.1,7,3.0,0.9080882352941176,0.09666666666666666
D5-leverage,0.1,7,4.0,0.9080882352941176,0.09666666666666666
D5-leverage,0.1,7,5.0,0.9080882352941176,0.09666666666666666
D5-leverage,0.2,7,3.0,0.9308943089430894,0.18
D5-leverage,0.2,7,4.0,0.9308943089430894,0.18
D5-leverage,0.2,7,5.0,0.9349593495934959,0.02
D6-uniform,0.1,7,3.0,0.9444444444444444,0.10666666666666667
D6-uniform,0.1,7,4.0,0.9444444444444444,0.10666666666666667
D6-uniform,0.1,7,5.0,0.9444444444444444,0.10666666666666667
D6-uniform,0.2,7,3.0,0.9163179916317992,0.2
D6-uniform,0.2,7,4.0,0.9163179916317992,0.2
D6-uniform,0.2,7,5.0,0.9163179916317992,0.2
D1-K2cross,0.1,8,3.0,0.9157509157509157,0.09666666666666666
D1-K2cross,0.1,8,4.0,0.9157509157509157,0.09666666666666666
D1-K2cross,0.1,8,5.0,0.9157509157509157,0.09666666666666666
D1-K2cross,0.2,8,3.0,0.9409282700421941,0.21666666666666667
D1-K2cross,0.2,8,4.0,0.9367088607594937,0.21666666666666667
D1-K2cross,0.2,8,5.0,0.9367088607594937,0.21666666666666667
D2-K3par,0.1,8,3.0,0.9071428571428571,0.07666666666666666
D2-K3par,0.1,8,4.0,0.8964285714285715,0.08
D2-K3par,0.1,8,5.0,0.8964285714285715,0.08
D2-K3par,0.2,8,3.0,0.9390243902439024,0.18
D2-K3par,0.2,8,4.0,0.9390243902439024,0.18
D2-K3par,0.2,8,5.0,0.9390243902439024,0.18
D3-unequal,0.1,8,3.0,0.9250936329588015,0.11333333333333333
D3-unequal,0.1,8,4.0,0.9250936329588015,0.11333333333333333
D3-unequal,0.1,8,5.0,0.9250936329588015,0.11333333333333333
D3-unequal,0.2,8,3.0,0.9456066945606695,0.21333333333333335
D3-unequal,0.2,8,4.0,0.9456066945606695,0.21333333333333335
D3-unequal,0.2,8,5.0,0.9456066945606695,0.21333333333333335
D5-leverage,0.1,8,3.0,0.8917910447761194,0.11
D5-leverage,0.1,8,4.0,0.8917910447761194,0.11
D5-leverage,0.1,8,5.0,0.8917910447761194,0.11
D5-leverage,0.2,8,3.0,0.6939655172413793,0.05
D5-leverage,0.2,8,4.0,0.5,0.17666666666666667
D5-leverage,0.2,8,5.0,0.5,0.17666666666666667
D6-uniform,0.1,8,3.0,0.8933823529411765,0.09666666666666666
D6-uniform,0.1,8,4.0,0.8933823529411765,0.09666666666666666
D6-uniform,0.1,8,5.0,0.8933823529411765,0.09666666666666666
D6-uniform,0.2,8,3.0,0.9230769230769231,0.18333333333333332
D6-uniform,0.2,8,4.0,0.9352226720647774,0.18
D6-uniform,0.2,8,5.0,0.9352226720647774,0.18
D1-K2cross,0.1,9,3.0,0.9195402298850575,0.13333333333333333
D1-K2cross,0.1,9,4.0,0.9195402298850575,0.13333333333333333
D1-K2cross,0.1,9,5.0,0.9195402298850575,0.13333333333333333
D1-K2cross,0.2,9,3.0,0.8888888888888888,0.19
D1-K2cross,0.2,9,4.0,0.8888888888888888,0.19
D1-K2cross,0.2,9,5.0,0.8888888888888888,0.19
D2-K3par,0.1,9,3.0,0.8884758364312267,0.10666666666666667
D2-K3par,0.1,9,4.0,0.8884758364312267,0.10666666666666667
D2-K3par,0.1,9,5.0,0.8884758364312267,0.10666666666666667
D2-K3par,0.2,9,3.0,0.9094827586206896,0.22666666666666666
D2-K3par,0.2,9,4.0,0.9137931034482759,0.22666666666666666
D2-K3par,0.2,9,5.0,0.6681034482758621,0.12333333333333334
D3-unequal,0.1,9,3.0,0.8935361216730038,0.13
D3-unequal,0.1,9,4.0,0.8935361216730038,0.13
D3-unequal,0.1,9,5.0,0.8935361216730038,0.13
D3-unequal,0.2,9,3.0,0.9230769230769231,0.22
D3-unequal,0.2,9,4.0,0.9230769230769231,0.22
D3-unequal,0.2,9,5.0,0.9230769230769231,0.22
D5-leverage,0.1,9,3.0,0.9060150375939849,0.12
D5-leverage,0.1,9,4.0,0.9060150375939849,0.12
D5-leverage,0.1,9,5.0,0.9060150375939849,0.12
D5-leverage,0.2,9,3.0,0.9233870967741935,0.17333333333333334
D5-leverage,0.2,9,4.0,0.9233870967741935,0.17333333333333334
D5-leverage,0.2,9,5.0,0.9233870967741935,0.17333333333333334
D6-uniform,0.1,9,3.0,0.935361216730038,0.12333333333333334
D6-uniform,0.1,9,4.0,0.935361216730038,0.12333333333333334
D6-uniform,0.1,9,5.0,0.935361216730038,0.12333333333333334
D6-uniform,0.2,9,3.0,0.9336099585062241,0.18666666666666668
D6-uniform,0.2,9,4.0,0.9294605809128631,0.18666666666666668
D6-uniform,0.2,9,5.0,0.9294605809128631,0.19666666666666666
D1-K2cross,0.1,10,3.0,0.8703703703703703,0.10666666666666667
D1-K2cross,0.1,10,4.0,0.8703703703703703,0.10666666666666667
D1-K2cross,0.1,10,5.0,0.8703703703703703,0.10666666666666667
D1-K2cross,0.2,10,3.0,0.933920704845815,0.24333333333333335
D1-K2cross,0.2,10,4.0,0.933920704845815,0.24333333333333335
D1-K2cross,0.2,10,5.0,0.933920704845815,0.24333333333333335
D2-K3par,0.1,10,3.0,0.940959409594096,0.09666666666666666
D2-K3par,0.1,10,4.0,0.940959409594096,0.09666666666666666
D2-K3par,0.1,10,5.0,0.940959409594096,0.09666666666666666
D2-K3par,0.2,10,3.0,0.905982905982906,0.22
D2-K3par,0.2,10,4.0,0.905982905982906,0.22
D2-K3par,0.2,10,5.0,0.6623931623931624,0.08666666666666667
D3-unequal,0.1,10,3.0,0.9210526315789473,0.11666666666666667
D3-unequal,0.1,10,4.0,0.9210526315789473,0.11666666666666667
D3-unequal,0.1,10,5.0,0.9210526315789473,0.11666666666666667
D3-unequal,0.2,10,3.0,0.9055793991416309,0.22666666666666666
D3-unequal,0.2,10,4.0,0.9055793991416309,0.22666666666666666
D3-unequal,0.2,10,5.0,0.9055793991416309,0.22666666666666666
D5-leverage,0.1,10,3.0,0.9250936329588015,0.12
D5-leverage,0.1,10,4.0,0.9250936329588015,0.12
D5-leverage,0.1,10,5.0,0.9250936329588015,0.12
D5-leverage,0.2,10,3.0,0.8995983935742972,0.17333333333333334
D5-leverage,0.2,10,4.0,0.8995983935742972,0.17333333333333334
D5-leverage,0.2,10,5.0,0.8995983935742972,0.17333333333333334
D6-uniform,0.1,10,3.0,0.9,0.09666666666666666
D6-uniform,0.1,10,4.0,0.9,0.09666666666666666
D6-uniform,0.1,10,5.0,0.9,0.09666666666666666
D6-uniform,0.2,10,3.0,0.8947368421052632,0.17666666666666667
D6-uniform,0.2,10,4.0,0.8947368421052632,0.17666666666666667
D6-uniform,0.2,10,5.0,0.8947368421052632,0.17666666666666667
D1-K2cross,0.1,11,3.0,0.9198473282442748,0.13
D1-K2cross,0.1,11,4.0,0.9198473282442748,0.13
D1-K2cross,0.1,11,5.0,0.9198473282442748,0.13
D1-K2cross,0.2,11,3.0,0.9145299145299145,0.22333333333333333
D1-K2cross,0.2,11,4.0,0.9145299145299145,0.22333333333333333
D1-K2cross,0.2,11,5.0,0.9145299145299145,0.22333333333333333
D2-K3par,0.1,11,3.0,0.9011406844106464,0.12333333333333334
D2-K3par,0.1,11,4.0,0.8973384030418251,0.12333333333333334
D2-K3par,0.1,11,5.0,0.8935361216730038,0.12333333333333334
D2-K3par,0.2,11,3.0,0.8987341772151899,0.21
D2-K3par,0.2,11,4.0,0.8987341772151899,0.21
D2-K3par,0.2,11,5.0,0.6666666666666666,0.08666666666666667
D3-unequal,0.1,11,3.0,0.9037037037037037,0.12
D3-unequal,0.1,11,4.0,0.9037037037037037,0.12
D3-unequal,0.1,11,5.0,0.9037037037037037,0.12
D3-unequal,0.2,11,3.0,0.9029535864978903,0.21333333333333335
D3-unequal,0.2,11,4.0,0.9029535864978903,0.21333333333333335
D3-unequal,0.2,11,5.0,0.9029535864978903,0.21333333333333335
D5-leverage,0.1,11,3.0,0.9176029962546817,0.11666666666666667
D5-leverage,0.1,11,4.0,0.9176029962546817,0.11666666666666667
D5-leverage,0.1,11,5.0,0.9176029962546817,0.11666666666666667
D5-leverage,0.2,11,3.0,0.907563025210084,0.20666666666666667
D5-leverage,0.2,11,4.0,0.907563025210084,0.20666666666666667
D5-leverage,0.2,11,5.0,0.8697478991596639,0.006666666666666667
D6-uniform,0.1,11,3.0,0.9166666666666666,0.08666666666666667
D6-uniform,0.1,11,4.0,0.9166666666666666,0.08666666666666667
D6-uniform,0.1,11,5.0,0.9166666666666666,0.08666666666666667
D6-uniform,0.2,11,3.0,0.8728070175438597,0.12
D6-uniform,0.2,11,4.0,0.8728070175438597,0.12
D6-uniform,0.2,11,5.0,0.8728070175438597,0.12
D1-K2cross,0.1,12,3.0,0.9288389513108615,0.11666666666666667
D1-K2cross,0.1,12,4.0,0.9288389513108615,0.11666666666666667
D1-K2cross,0.1,12,5.0,0.9288389513108615,0.11666666666666667
D1-K2cross,0.2,12,3.0,0.9033613445378151,0.20666666666666667
D1-K2cross,0.2,12,4.0,0.9033613445378151,0.20666666666666667
D1-K2cross,0.2,12,5.0,0.9033613445378151,0.20666666666666667
D2-K3par,0.1,12,3.0,0.9318181818181818,0.12
D2-K3par,0.1,12,4.0,0.9318181818181818,0.12
D2-K3par,0.1,12,5.0,0.9318181818181818,0.12
D2-K3par,0.2,12,3.0,0.9230769230769231,0.22
D2-K3par,0.2,12,4.0,0.9230769230769231,0.22
D2-K3par,0.2,12,5.0,0.9230769230769231,0.22
D3-unequal,0.1,12,3.0,0.9007352941176471,0.10333333333333333
D3-unequal,0.1,12,4.0,0.9007352941176471,0.10333333333333333
D3-unequal,0.1,12,5.0,0.9007352941176471,0.10333333333333333
D3-unequal,0.2,12,3.0,0.8729508196721312,0.18666666666666668
D3-unequal,0.2,12,4.0,0.8729508196721312,0.18666666666666668
D3-unequal,0.2,12,5.0,0.8729508196721312,0.18666666666666668
D5-leverage,0.1,12,3.0,0.9111111111111111,0.1
D5-leverage,0.1,12,4.0,0.9111111111111111,0.1
D5-leverage,0.1,12,5.0,0.9111111111111111,0.1
D5-leverage,0.2,12,3.0,0.5129310344827587,0.13
D5-leverage,0.2,12,4.0,0.5129310344827587,0.12666666666666668
D5-leverage,0.2,12,5.0,0.5129310344827587,0.12666666666666668
D6-uniform,0.1,12,3.0,0.9368029739776952,0.10333333333333333
D6-uniform,0.1,12,4.0,0.9368029739776952,0.10333333333333333
D6-uniform,0.1,12,5.0,0.9368029739776952,0.10333333333333333
D6-uniform,0.2,12,3.0,0.864406779661017,0.18666666666666668
D6-uniform,0.2,12,4.0,0.8686440677966102,0.18666666666666668
D6-uniform,0.2,12,5.0,0.5466101694915254,0.0
D1-K2cross,0.1,13,3.0,0.9042145593869731,0.14
D1-K2cross,0.1,13,4.0,0.9042145593869731,0.14
D1-K2cross,0.1,13,5.0,0.9042145593869731,0.14
D1-K2cross,0.2,13,3.0,0.9191489361702128,0.21666666666666667
D1-K2cross,0.2,13,4.0,0.9191489361702128,0.21666666666666667
D1-K2cross,0.2,13,5.0,0.9191489361702128,0.21666666666666667
D2-K3par,0.1,13,3.0,0.8782287822878229,0.09666666666666666
D2-K3par,0.1,13,4.0,0.8782287822878229,0.09666666666666666
D2-K3par,0.1,13,5.0,0.8782287822878229,0.09666666666666666
D2-K3par,0.2,13,3.0,0.8859649122807017,0.24
D2-K3par,0.2,13,4.0,0.8771929824561403,0.24
D2-K3par,0.2,13,5.0,0.618421052631579,0.12333333333333334
D3-unequal,0.1,13,3.0,0.9015151515151515,0.12666666666666668
D3-unequal,0.1,13,4.0,0.9015151515151515,0.13333333333333333
D3-unequal,0.1,13,5.0,0.9015151515151515,0.13333333333333333
D3-unequal,0.2,13,3.0,0.8907563025210085,0.20666666666666667
D3-unequal,0.2,13,4.0,0.8907563025210085,0.20666666666666667
D3-unequal,0.2,13,5.0,0.8907563025210085,0.20666666666666667
D5-leverage,0.1,13,3.0,0.9227941176470589,0.09333333333333334
D5-leverage,0.1,13,4.0,0.9227941176470589,0.09333333333333334
D5-leverage,0.1,13,5.0,0.9227941176470589,0.09333333333333334
D5-leverage,0.2,13,3.0,0.9285714285714286,0.20666666666666667
D5-leverage,0.2,13,4.0,0.9285714285714286,0.20666666666666667
D5-leverage,0.2,13,5.0,0.9285714285714286,0.20666666666666667
D6-uniform,0.1,13,3.0,0.916058394160584,0.08666666666666667
D6-uniform,0.1,13,4.0,0.916058394160584,0.08666666666666667
D6-uniform,0.1,13,5.0,0.916058394160584,0.08666666666666667
D6-uniform,0.2,13,3.0,0.9311740890688259,0.18
D6-uniform,0.2,13,4.0,0.9311740890688259,0.18
D6-uniform,0.2,13,5.0,0.9311740890688259,0.18
D1-K2cross,0.1,14,3.0,0.9157509157509157,0.11
D1-K2cross,0.1,14,4.0,0.9157509157509157,0.11
D1-K2cross,0.1,14,5.0,0.9157509157509157,0.11
D1-K2cross,0.2,14,3.0,0.9106382978723404,0.22
D1-K2cross,0.2,14,4.0,0.9106382978723404,0.22
D1-K2cross,0.2,14,5.0,0.9106382978723404,0.22
D2-K3par,0.1,14,3.0,0.9107806691449815,0.10333333333333333
D2-K3par,0.1,14,4.0,0.9107806691449815,0.10333333333333333
D2-K3par,0.1,14,5.0,0.9107806691449815,0.10333333333333333
D2-K3par,0.2,14,3.0,0.8975409836065574,0.18666666666666668
D2-K3par,0.2,14,4.0,0.8975409836065574,0.18666666666666668
D2-K3par,0.2,14,5.0,0.8975409836065574,0.18666666666666668
D3-unequal,0.1,14,3.0,0.9213483146067416,0.12
D3-unequal,0.1,14,4.0,0.9213483146067416,0.12
D3-unequal,0.1,14,5.0,0.9213483146067416,0.12
D3-unequal,0.2,14,3.0,0.92,0.25
D3-unequal,0.2,14,4.0,0.92,0.25
D3-unequal,0.2,14,5.0,0.92,0.25
D5-leverage,0.1,14,3.0,0.8801498127340824,0.12
D5-leverage,0.1,14,4.0,0.8801498127340824,0.12
D5-leverage,0.1,14,5.0,0.8801498127340824,0.12
D5-leverage,0.2,14,3.0,0.9055793991416309,0.22666666666666666
D5-leverage,0.2,14,4.0,0.9055793991416309,0.22666666666666666
D5-leverage,0.2,14,5.0,0.5407725321888412,0.12333333333333334
D6-uniform,0.1,14,3.0,0.9044117647058824,0.09333333333333334
D6-uniform,0.1,14,4.0,0.9044117647058824,0.09333333333333334
D6-uniform,0.1,14,5.0,0.9044117647058824,0.09333333333333334
D6-uniform,0.2,14,3.0,0.9135802469135802,0.18
D6-uniform,0.2,14,4.0,0.9135802469135802,0.18333333333333332
D6-uniform,0.2,14,5.0,0.9176954732510288,0.18
D1-K2cross,0.1,15,3.0,0.9025270758122743,0.09666666666666666
D1-K2cross,0.1,15,4.0,0.9025270758122743,0.09666666666666666
D1-K2cross,0.1,15,5.0,0.9025270758122743,0.09666666666666666
D1-K2cross,0.2,15,3.0,0.9224489795918367,0.18333333333333332
D1-K2cross,0.2,15,4.0,0.9224489795918367,0.18333333333333332
D1-K2cross,0.2,15,5.0,0.9224489795918367,0.18333333333333332
D2-K3par,0.1,15,3.0,0.9124087591240876,0.08666666666666667
D2-K3par,0.1,15,4.0,0.9124087591240876,0.08666666666666667
D2-K3par,0.1,15,5.0,0.9124087591240876,0.08666666666666667
D2-K3par,0.2,15,3.0,0.6218487394957983,0.08
D2-K3par,0.2,15,4.0,0.6260504201680672,0.08
D2-K3par,0.2,15,5.0,0.6260504201680672,0.08
D3-unequal,0.1,15,3.0,0.9188191881918819,0.10666666666666667
D3-unequal,0.1,15,4.0,0.9188191881918819,0.10666666666666667
D3-unequal,0.1,15,5.0,0.9188191881918819,0.10666666666666667
D3-unequal,0.2,15,3.0,0.926829268292683,0.18666666666666668
D3-unequal,0.2,15,4.0,0.926829268292683,0.18666666666666668
D3-unequal,0.2,15,5.0,0.926829268292683,0.18666666666666668
D5-leverage,0.1,15,3.0,0.9033457249070632,0.10333333333333333
D5-leverage,0.1,15,4.0,0.9033457249070632,0.10333333333333333
D5-leverage,0.1,15,5.0,0.9033457249070632,0.10333333333333333
D5-leverage,0.2,15,3.0,0.5206611570247934,0.13333333333333333
D5-leverage,0.2,15,4.0,0.5247933884297521,0.11
D5-leverage,0.2,15,5.0,0.5247933884297521,0.11
D6-uniform,0.1,15,3.0,0.9333333333333333,0.09666666666666666
D6-uniform,0.1,15,4.0,0.9333333333333333,0.09666666666666666
D6-uniform,0.1,15,5.0,0.9333333333333333,0.09666666666666666
D6-uniform,0.2,15,3.0,0.9230769230769231,0.17
D6-uniform,0.2,15,4.0,0.5384615384615384,0.0
D6-uniform,0.2,15,5.0,0.5384615384615384,0.0
D1-K2cross,0.1,16,3.0,0.9003690036900369,0.09666666666666666
D1-K2cross,0.1,16,4.0,0.9003690036900369,0.09666666666666666
D1-K2cross,0.1,16,5.0,0.9003690036900369,0.09666666666666666
D1-K2cross,0.2,16,3.0,0.9020408163265307,0.18666666666666668
D1-K2cross,0.2,16,4.0,0.9020408163265307,0.18666666666666668
D1-K2cross,0.2,16,5.0,0.9020408163265307,0.18666666666666668
D2-K3par,0.1,16,3.0,0.927536231884058,0.08
D2-K3par,0.1,16,4.0,0.927536231884058,0.08
D2-K3par,0.1,16,5.0,0.927536231884058,0.08
D2-K3par,0.2,16,3.0,0.8898305084745762,0.21333333333333335
D2-K3par,0.2,16,4.0,0.8898305084745762,0.21333333333333335
D2-K3par,0.2,16,5.0,0.6991525423728814,0.10666666666666667
D3-unequal,0.1,16,3.0,0.9213483146067416,0.11666666666666667
D3-unequal,0.1,16,4.0,0.9213483146067416,0.11666666666666667
D3-unequal,0.1,16,5.0,0.9213483146067416,0.11666666666666667
D3-unequal,0.2,16,3.0,0.91701244813278,0.19666666666666666
D3-unequal,0.2,16,4.0,0.91701244813278,0.19666666666666666
D3-unequal,0.2,16,5.0,0.91701244813278,0.19666666666666666
D5-leverage,0.1,16,3.0,0.9044117647058824,0.10666666666666667
D5-leverage,0.1,16,4.0,0.9044117647058824,0.10333333333333333
D5-leverage,0.1,16,5.0,0.9044117647058824,0.10333333333333333
D5-leverage,0.2,16,3.0,0.9477911646586346,0.17666666666666667
D5-leverage,0.2,16,4.0,0.9477911646586346,0.17666666666666667
D5-leverage,0.2,16,5.0,0.5180722891566265,0.10666666666666667
D6-uniform,0.1,16,3.0,0.8913857677902621,0.11666666666666667
D6-uniform,0.1,16,4.0,0.8913857677902621,0.11666666666666667
D6-uniform,0.1,16,5.0,0.8913857677902621,0.11666666666666667
D6-uniform,0.2,16,3.0,0.934156378600823,0.17
D6-uniform,0.2,16,4.0,0.9382716049382716,0.19
D6-uniform,0.2,16,5.0,0.9382716049382716,0.19
D1-K2cross,0.1,17,3.0,0.9018181818181819,0.08333333333333333
D1-K2cross,0.1,17,4.0,0.9018181818181819,0.08333333333333333
D1-K2cross,0.1,17,5.0,0.9018181818181819,0.08333333333333333
D1-K2cross,0.2,17,3.0,0.8782608695652174,0.23333333333333334
D1-K2cross,0.2,17,4.0,0.8782608695652174,0.23333333333333334
D1-K2cross,0.2,17,5.0,0.8782608695652174,0.23333333333333334
D2-K3par,0.1,17,3.0,0.9192307692307692,0.13333333333333333
D2-K3par,0.1,17,4.0,0.9192307692307692,0.13333333333333333
D2-K3par,0.1,17,5.0,0.9192307692307692,0.13333333333333333
D2-K3par,0.2,17,3.0,0.9145299145299145,0.22
D2-K3par,0.2,17,4.0,0.9102564102564102,0.22
D2-K3par,0.2,17,5.0,0.905982905982906,0.22
D3-unequal,0.1,17,3.0,0.8796992481203008,0.11333333333333333
D3-unequal,0.1,17,4.0,0.8796992481203008,0.11333333333333333
D3-unequal,0.1,17,5.0,0.8796992481203008,0.11333333333333333
D3-unequal,0.2,17,3.0,0.9214876033057852,0.2
D3-unequal,0.2,17,4.0,0.9214876033057852,0.2
D3-unequal,0.2,17,5.0,0.9214876033057852,0.2
D5-leverage,0.1,17,3.0,0.8892988929889298,0.10333333333333333
D5-leverage,0.1,17,4.0,0.8892988929889298,0.10333333333333333
D5-leverage,0.1,17,5.0,0.8892988929889298,0.10333333333333333
D5-leverage,0.2,17,3.0,0.5304347826086957,0.12
D5-leverage,0.2,17,4.0,0.5304347826086957,0.12
D5-leverage,0.2,17,5.0,0.5304347826086957,0.12
D6-uniform,0.1,17,3.0,0.9117647058823529,0.09333333333333334
D6-uniform,0.1,17,4.0,0.9117647058823529,0.09333333333333334
D6-uniform,0.1,17,5.0,0.9117647058823529,0.09333333333333334
D6-uniform,0.2,17,3.0,0.9233870967741935,0.18333333333333332
D6-uniform,0.2,17,4.0,0.9233870967741935,0.18333333333333332
D6-uniform,0.2,17,5.0,0.9233870967741935,0.18333333333333332
D1-K2cross,0.1,18,3.0,0.8844765342960289,0.08
D1-K2cross,0.1,18,4.0,0.8844765342960289,0.08
D1-K2cross,0.1,18,5.0,0.8844765342960289,0.08
D1-K2cross,0.2,18,3.0,0.8979591836734694,0.18666666666666668
D1-K2cross,0.2,18,4.0,0.8979591836734694,0.18666666666666668
D1-K2cross,0.2,18,5.0,0.8979591836734694,0.18666666666666668
D2-K3par,0.1,18,3.0,0.9015151515151515,0.12
D2-K3par,0.1,18,4.0,0.9015151515151515,0.12
D2-K3par,0.1,18,5.0,0.9015151515151515,0.12
D2-K3par,0.2,18,3.0,0.9313304721030042,0.22333333333333333
D2-K3par,0.2,18,4.0,0.9313304721030042,0.22333333333333333
D2-K3par,0.2,18,5.0,0.6781115879828327,0.1
D3-unequal,0.1,18,3.0,0.9157088122605364,0.14
D3-unequal,0.1,18,4.0,0.9157088122605364,0.14
D3-unequal,0.1,18,5.0,0.9157088122605364,0.14
D3-unequal,0.2,18,3.0,0.5289256198347108,0.31333333333333335
D3-unequal,0.2,18,4.0,0.9214876033057852,0.19333333333333333
D3-unequal,0.2,18,5.0,0.5289256198347108,0.31333333333333335
D5-leverage,0.1,18,3.0,0.9259259259259259,0.11
D5-leverage,0.1,18,4.0,0.9259259259259259,0.11
D5-leverage,0.1,18,5.0,0.9259259259259259,0.11
D5-leverage,0.2,18,3.0,0.9037656903765691,0.20333333333333334
D5-leverage,0.2,18,4.0,0.9037656903765691,0.20333333333333334
D5-leverage,0.2,18,5.0,0.9037656903765691,0.20333333333333334
D6-uniform,0.1,18,3.0,0.9051094890510949,0.09
D6-uniform,0.1,18,4.0,0.9051094890510949,0.09
D6-uniform,0.1,18,5.0,0.9051094890510949,0.09
D6-uniform,0.2,18,3.0,0.9116465863453815,0.16666666666666666
D6-uniform,0.2,18,4.0,0.9076305220883534,0.17
D6-uniform,0.2,18,5.0,0.9076305220883534,0.17
D1-K2cross,0.1,19,3.0,0.895910780669145,0.10333333333333333
D1-K2cross,0.1,19,4.0,0.895910780669145,0.10333333333333333
D1-K2cross,0.1,19,5.0,0.895910780669145,0.10333333333333333
D1-K2cross,0.2,19,3.0,0.8828451882845189,0.20333333333333334
D1-K2cross,0.2,19,4.0,0.8828451882845189,0.20333333333333334
D1-K2cross,0.2,19,5.0,0.8828451882845189,0.20333333333333334
D2-K3par,0.1,19,3.0,0.9195402298850575,0.13333333333333333
D2-K3par,0.1,19,4.0,0.9195402298850575,0.13333333333333333
D2-K3par,0.1,19,5.0,0.6436781609195402,0.06
D2-K3par,0.2,19,3.0,0.8704453441295547,0.17666666666666667
D2-K3par,0.2,19,4.0,0.708502024291498,0.09333333333333334
D2-K3par,0.2,19,5.0,0.708502024291498,0.09333333333333334
D3-unequal,0.1,19,3.0,0.9054545454545454,0.09
D3-unequal,0.1,19,4.0,0.9054545454545454,0.09
D3-unequal,0.1,19,5.0,0.9054545454545454,0.09
D3-unequal,0.2,19,3.0,0.9491525423728814,0.21333333333333335
D3-unequal,0.2,19,4.0,0.940677966101695,0.21333333333333335
D3-unequal,0.2,19,5.0,0.940677966101695,0.21333333333333335
D5-leverage,0.1,19,3.0,0.9132075471698113,0.12666666666666668
D5-leverage,0.1,19,4.0,0.9132075471698113,0.12666666666666668
D5-leverage,0.1,19,5.0,0.9132075471698113,0.12666666666666668
D5-leverage,0.2,19,3.0,0.9163179916317992,0.20333333333333334
D5-leverage,0.2,19,4.0,0.9163179916317992,0.20333333333333334
D5-leverage,0.2,19,5.0,0.8870292887029289,0.02
D6-uniform,0.1,19,3.0,0.9205776173285198,0.07666666666666666
D6-uniform,0.1,19,4.0,0.9205776173285198,0.07666666666666666
D6-uniform,0.1,19,5.0,0.9205776173285198,0.07666666666666666
D6-uniform,0.2,19,3.0,0.8979591836734694,0.17333333333333334
D6-uniform,0.2,19,4.0,0.8979591836734694,0.17333333333333334
D6-uniform,0.2,19,5.0,0.8979591836734694,0.17666666666666667
D1-K2cross,0.1,20,3.0,0.921146953405018,0.07666666666666666
D1-K2cross,0.1,20,4.0,0.921146953405018,0.07666666666666666
D1-K2cross,0.1,20,5.0,0.921146953405018,0.07666666666666666
D1-K2cross,0.2,20,3.0,0.8893617021276595,0.21666666666666667
D1-K2cross,0.2,20,4.0,0.8893617021276595,0.21666666666666667
D1-K2cross,0.2,20,5.0,0.8893617021276595,0.21666666666666667
D2-K3par,0.1,20,3.0,0.8682170542635659,0.14
D2-K3par,0.1,20,4.0,0.8682170542635659,0.14
D2-K3par,0.1,20,5.0,0.8682170542635659,0.14
D2-K3par,0.2,20,3.0,0.8949579831932774,0.20666666666666667
D2-K3par,0.2,20,4.0,0.8949579831932774,0.20666666666666667
D2-K3par,0.2,20,5.0,0.6596638655462185,0.11333333333333333
D3-unequal,0.1,20,3.0,0.9101123595505618,0.12333333333333334
D3-unequal,0.1,20,4.0,0.9101123595505618,0.12333333333333334
D3-unequal,0.1,20,5.0,0.9101123595505618,0.12333333333333334
D3-unequal,0.2,20,3.0,0.9206349206349206,0.16
D3-unequal,0.2,20,4.0,0.9206349206349206,0.16
D3-unequal,0.2,20,5.0,0.9206349206349206,0.16
D5-leverage,0.1,20,3.0,0.898876404494382,0.12
D5-leverage,0.1,20,4.0,0.898876404494382,0.12
D5-leverage,0.1,20,5.0,0.898876404494382,0.12
D5-leverage,0.2,20,3.0,0.8861788617886179,0.18666666666666668
D5-leverage,0.2,20,4.0,0.8861788617886179,0.18666666666666668
D5-leverage,0.2,20,5.0,0.5040650406504065,0.11
D6-uniform,0.1,20,3.0,0.9070631970260223,0.10666666666666667
D6-uniform,0.1,20,4.0,0.9107806691449815,0.10666666666666667
D6-uniform,0.1,20,5.0,0.9107806691449815,0.10666666666666667
D6-uniform,0.2,20,3.0,0.9049586776859504,0.18666666666666668
D6-uniform,0.2,20,4.0,0.9090909090909091,0.18333333333333332
D6-uniform,0.2,20,5.0,0.9049586776859504,0.18
D1-K2cross,0.1,21,3.0,0.9242424242424242,0.13666666666666666
D1-K2cross,0.1,21,4.0,0.9242424242424242,0.13666666666666666
D1-K2cross,0.1,21,5.0,0.9242424242424242,0.13666666666666666
D1-K2cross,0.2,21,3.0,0.9024390243902439,0.18
D1-K2cross,0.2,21,4.0,0.9024390243902439,0.18
D1-K2cross,0.2,21,5.0,0.9024390243902439,0.18
D2-K3par,0.1,21,3.0,0.9114391143911439,0.09666666666666666
D2-K3par,0.1,21,4.0,0.9114391143911439,0.09666666666666666
D2-K3par,0.1,21,5.0,0.9114391143911439,0.09666666666666666
D2-K3par,0.2,21,3.0,0.902542372881356,0.21333333333333335
D2-K3par,0.2,21,4.0,0.902542372881356,0.21333333333333335
D2-K3par,0.2,21,5.0,0.902542372881356,0.21333333333333335
D3-unequal,0.1,21,3.0,0.8872727272727273,0.09333333333333334
D3-unequal,0.1,21,4.0,0.8872727272727273,0.09333333333333334
D3-unequal,0.1,21,5.0,0.8872727272727273,0.09333333333333334
D3-unequal,0.2,21,3.0,0.9,0.17333333333333334
D3-unequal,0.2,21,4.0,0.9,0.17333333333333334
D3-unequal,0.2,21,5.0,0.9,0.17333333333333334
D5-leverage,0.1,21,3.0,0.9010989010989011,0.09333333333333334
D5-leverage,0.1,21,4.0,0.9010989010989011,0.09333333333333334
D5-leverage,0.1,21,5.0,0.9010989010989011,0.09333333333333334
D5-leverage,0.2,21,3.0,0.9372549019607843,0.15
D5-leverage,0.2,21,4.0,0.9372549019607843,0.15
D5-leverage,0.2,21,5.0,0.9372549019607843,0.15
D6-uniform,0.1,21,3.0,0.9325842696629213,0.12666666666666668
D6-uniform,0.1,21,4.0,0.9325842696629213,0.12666666666666668
D6-uniform,0.1,21,5.0,0.9325842696629213,0.12666666666666668
D6-uniform,0.2,21,3.0,0.899581589958159,0.20333333333333334
D6-uniform,0.2,21,4.0,0.899581589958159,0.19666666666666666
D6-uniform,0.2,21,5.0,0.8870292887029289,0.17
D1-K2cross,0.1,22,3.0,0.9125475285171103,0.12333333333333334
D1-K2cross,0.1,22,4.0,0.9125475285171103,0.12333333333333334
D1-K2cross,0.1,22,5.0,0.9125475285171103,0.12333333333333334
D1-K2cross,0.2,22,3.0,0.9424778761061947,0.24666666666666667
D1-K2cross,0.2,22,4.0,0.9424778761061947,0.24666666666666667
D1-K2cross,0.2,22,5.0,0.9424778761061947,0.24666666666666667
D2-K3par,0.1,22,3.0,0.9074074074074074,0.1
D2-K3par,0.1,22,4.0,0.9074074074074074,0.1
D2-K3par,0.1,22,5.0,0.9074074074074074,0.1
D2-K3par,0.2,22,3.0,0.90625,0.25333333333333335
D2-K3par,0.2,22,4.0,0.90625,0.25333333333333335
D2-K3par,0.2,22,5.0,0.6473214285714286,0.12666666666666668
D3-unequal,0.1,22,3.0,0.8978102189781022,0.09666666666666666
D3-unequal,0.1,22,4.0,0.8978102189781022,0.09666666666666666
D3-unequal,0.1,22,5.0,0.8978102189781022,0.09666666666666666
D3-unequal,0.2,22,3.0,0.9246861924686193,0.20666666666666667
D3-unequal,0.2,22,4.0,0.9246861924686193,0.20666666666666667
D3-unequal,0.2,22,5.0,0.9246861924686193,0.20666666666666667
D5-leverage,0.1,22,3.0,0.9264705882352942,0.1
D5-leverage,0.1,22,4.0,0.9264705882352942,0.1
D5-leverage,0.1,22,5.0,0.9264705882352942,0.1
D5-leverage,0.2,22,3.0,0.9148936170212766,0.21666666666666667
D5-leverage,0.2,22,4.0,0.502127659574468,0.17
D5-leverage,0.2,22,5.0,0.502127659574468,0.17
D6-uniform,0.1,22,3.0,0.8970588235294118,0.10333333333333333
D6-uniform,0.1,22,4.0,0.8970588235294118,0.10333333333333333
D6-uniform,0.1,22,5.0,0.8970588235294118,0.10333333333333333
D6-uniform,0.2,22,3.0,0.8755186721991701,0.19
D6-uniform,0.2,22,4.0,0.8755186721991701,0.18666666666666668
D6-uniform,0.2,22,5.0,0.8796680497925311,0.18666666666666668
D1-K2cross,0.1,23,3.0,0.920863309352518,0.07666666666666666
D1-K2cross,0.1,23,4.0,0.920863309352518,0.07666666666666666
D1-K2cross,0.1,23,5.0,0.920863309352518,0.07666666666666666
D1-K2cross,0.2,23,3.0,0.9205020920502092,0.20333333333333334
D1-K2cross,0.2,23,4.0,0.9205020920502092,0.20333333333333334
D1-K2cross,0.2,23,5.0,0.9205020920502092,0.20333333333333334
D2-K3par,0.1,23,3.0,0.8984962406015038,0.11333333333333333
D2-K3par,0.1,23,4.0,0.8984962406015038,0.11333333333333333
D2-K3par,0.1,23,5.0,0.8984962406015038,0.11333333333333333
D2-K3par,0.2,23,3.0,0.9071729957805907,0.21
D2-K3par,0.2,23,4.0,0.6624472573839663,0.12
D2-K3par,0.2,23,5.0,0.6666666666666666,0.15666666666666668
D3-unequal,0.1,23,3.0,0.935251798561151,0.08333333333333333
D3-unequal,0.1,23,4.0,0.9316546762589928,0.08
D3-unequal,0.1,23,5.0,0.9316546762589928,0.08
D3-unequal,0.2,23,3.0,0.9409282700421941,0.21
D3-unequal,0.2,23,4.0,0.9409282700421941,0.21
D3-unequal,0.2,23,5.0,0.9409282700421941,0.21
D5-leverage,0.1,23,3.0,0.9136690647482014,0.09333333333333334
D5-leverage,0.1,23,4.0,0.9136690647482014,0.09333333333333334
D5-leverage,0.1,23,5.0,0.9136690647482014,0.09333333333333334
D5-leverage,0.2,23,3.0,0.9173553719008265,0.19333333333333333
D5-leverage,0.2,23,4.0,0.9173553719008265,0.19333333333333333
D5-leverage,0.2,23,5.0,0.5330578512396694,0.13666666666666666
D6-uniform,0.1,23,3.0,0.9111111111111111,0.11
D6-uniform,0.1,23,4.0,0.9111111111111111,0.11
D6-uniform,0.1,23,5.0,0.9111111111111111,0.11
D6-uniform,0.2,23,3.0,0.9291338582677166,0.16333333333333333
D6-uniform,0.2,23,4.0,0.9291338582677166,0.16333333333333333
D6-uniform,0.2,23,5.0,0.9291338582677166,0.16333333333333333
D1-K2cross,0.1,24,3.0,0.8984962406015038,0.13333333333333333
D1-K2cross,0.1,24,4.0,0.8984962406015038,0.13
D1-K2cross,0.1,24,5.0,0.8984962406015038,0.13
D1-K2cross,0.2,24,3.0,0.8925619834710744,0.2
D1-K2cross,0.2,24,4.0,0.8925619834710744,0.2
D1-K2cross,0.2,24,5.0,0.8925619834710744,0.2
D2-K3par,0.1,24,3.0,0.9097472924187726,0.08
D2-K3par,0.1,24,4.0,0.9097472924187726,0.08
D2-K3par,0.1,24,5.0,0.9097472924187726,0.08
D2-K3par,0.2,24,3.0,0.9112903225806451,0.17333333333333334
D2-K3par,0.2,24,4.0,0.9112903225806451,0.17333333333333334
D2-K3par,0.2,24,5.0,0.9112903225806451,0.17333333333333334
D3-unequal,0.1,24,3.0,0.8949416342412452,0.15
D3-unequal,0.1,24,4.0,0.8949416342412452,0.15
D3-unequal,0.1,24,5.0,0.8949416342412452,0.15
D3-unequal,0.2,24,3.0,0.8865546218487395,0.20666666666666667
D3-unequal,0.2,24,4.0,0.8865546218487395,0.20666666666666667
D3-unequal,0.2,24,5.0,0.8865546218487395,0.20666666666666667
D5-leverage,0.1,24,3.0,0.9422382671480144,0.08666666666666667
D5-leverage,0.1,24,4.0,0.9422382671480144,0.08666666666666667
D5-leverage,0.1,24,5.0,0.9422382671480144,0.08666666666666667
D5-leverage,0.2,24,3.0,0.9224806201550387,0.14333333333333334
D5-leverage,0.2,24,4.0,0.9224806201550387,0.14333333333333334
D5-leverage,0.2,24,5.0,0.9224806201550387,0.14333333333333334
D6-uniform,0.1,24,3.0,0.9169675090252708,0.09333333333333334
D6-uniform,0.1,24,4.0,0.9169675090252708,0.09333333333333334
D6-uniform,0.1,24,5.0,0.9169675090252708,0.09333333333333334
D6-uniform,0.2,24,3.0,0.9253112033195021,0.17333333333333334
D6-uniform,0.2,24,4.0,0.91701244813278,0.17
D6-uniform,0.2,24,5.0,0.91701244813278,0.16666666666666666
D1-K2cross,0.1,25,3.0,0.9127272727272727,0.09666666666666666
D1-K2cross,0.1,25,4.0,0.9127272727272727,0.09666666666666666
D1-K2cross,0.1,25,5.0,0.9127272727272727,0.09666666666666666
D1-K2cross,0.2,25,3.0,0.8893617021276595,0.22666666666666666
D1-K2cross,0.2,25,4.0,0.8893617021276595,0.22666666666666666
D1-K2cross,0.2,25,5.0,0.8893617021276595,0.22666666666666666
D2-K3par,0.1,25,3.0,0.9138576779026217,0.11
D2-K3par,0.1,25,4.0,0.9138576779026217,0.11
D2-K3par,0.1,25,5.0,0.9138576779026217,0.11
D2-K3par,0.2,25,3.0,0.9190283400809717,0.17666666666666667
D2-K3par,0.2,25,4.0,0.9190283400809717,0.17666666666666667
D2-K3par,0.2,25,5.0,0.9190283400809717,0.17666666666666667
D3-unequal,0.1,25,3.0,0.8962962962962963,0.13333333333333333
D3-unequal,0.1,25,4.0,0.9,0.13333333333333333
D3-unequal,0.1,25,5.0,0.9,0.13333333333333333
D3-unequal,0.2,25,3.0,0.8884120171673819,0.22666666666666666
D3-unequal,0.2,25,4.0,0.8884120171673819,0.22666666666666666
D3-unequal,0.2,25,5.0,0.8884120171673819,0.22666666666666666
D5-leverage,0.1,25,3.0,0.9272030651340997,0.14
D5-leverage,0.1,25,4.0,0.9272030651340997,0.14
D5-leverage,0.1,25,5.0,0.9272030651340997,0.14
D5-leverage,0.2,25,3.0,0.897119341563786,0.19
D5-leverage,0.2,25,4.0,0.897119341563786,0.19
D5-leverage,0.2,25,5.0,0.8436213991769548,0.043333333333333335
D6-uniform,0.1,25,3.0,0.9101123595505618,0.11333333333333333
D6-uniform,0.1,25,4.0,0.9101123595505618,0.11333333333333333
D6-uniform,0.1,25,5.0,0.9101123595505618,0.11333333333333333
D6-uniform,0.2,25,3.0,0.9031007751937985,0.13666666666666666
D6-uniform,0.2,25,4.0,0.9069767441860465,0.13666666666666666
D6-uniform,0.2,25,5.0,0.9069767441860465,0.13666666666666666
D1-K2cross,0.1,26,3.0,0.9227941176470589,0.09333333333333334
D1-K2cross,0.1,26,4.0,0.9227941176470589,0.09333333333333334
D1-K2cross,0.1,26,5.0,0.9227941176470589,0.09333333333333334
D1-K2cross,0.2,26,3.0,0.8991228070175439,0.24
D1-K2cross,0.2,26,4.0,0.8991228070175439,0.24
D1-K2cross,0.2,26,5.0,0.8991228070175439,0.24
D2-K3par,0.1,26,3.0,0.9259259259259259,0.1
D2-K3par,0.1,26,4.0,0.9259259259259259,0.1
D2-K3par,0.1,26,5.0,0.9259259259259259,0.1
D2-K3par,0.2,26,3.0,0.9123505976095617,0.16666666666666666
D2-K3par,0.2,26,4.0,0.9163346613545816,0.16666666666666666
D2-K3par,0.2,26,5.0,0.9163346613545816,0.16666666666666666
D3-unequal,0.1,26,3.0,0.9254901960784314,0.15333333333333332
D3-unequal,0.1,26,4.0,0.9254901960784314,0.15333333333333332
D3-unequal,0.1,26,5.0,0.9254901960784314,0.15333333333333332
D3-unequal,0.2,26,3.0,0.9282868525896414,0.16666666666666666
D3-unequal,0.2,26,4.0,0.9282868525896414,0.16666666666666666
D3-unequal,0.2,26,5.0,0.9282868525896414,0.16666666666666666
D5-leverage,0.1,26,3.0,0.9044117647058824,0.1
D5-leverage,0.1,26,4.0,0.9044117647058824,0.1
D5-leverage,0.1,26,5.0,0.9044117647058824,0.1
D5-leverage,0.2,26,3.0,0.9049586776859504,0.19333333333333333
D5-leverage,0.2,26,4.0,0.9049586776859504,0.19333333333333333
D5-leverage,0.2,26,5.0,0.5454545454545454,0.09
D6-uniform,0.1,26,3.0,0.908,0.16666666666666666
D6-uniform,0.1,26,4.0,0.908,0.16666666666666666
D6-uniform,0.1,26,5.0,0.908,0.16666666666666666
D6-uniform,0.2,26,3.0,0.8801652892561983,0.15666666666666668
D6-uniform,0.2,26,4.0,0.8801652892561983,0.14666666666666667
D6-uniform,0.2,26,5.0,0.8760330578512396,0.14666666666666667
D1-K2cross,0.1,27,3.0,0.8929889298892989,0.11333333333333333
D1-K2cross,0.1,27,4.0,0.8929889298892989,0.11333333333333333
D1-K2cross,0.1,27,5.0,0.8929889298892989,0.11333333333333333
D1-K2cross,0.2,27,3.0,0.9152542372881356,0.21333333333333335
D1-K2cross,0.2,27,4.0,0.9152542372881356,0.21333333333333335
D1-K2cross,0.2,27,5.0,0.9194915254237288,0.21333333333333335
D2-K3par,0.1,27,3.0,0.9114391143911439,0.09666666666666666
D2-K3par,0.1,27,4.0,0.9114391143911439,0.09666666666666666
D2-K3par,0.1,27,5.0,0.9114391143911439,0.09666666666666666
D2-K3par,0.2,27,3.0,0.9203187250996016,0.16333333333333333
D2-K3par,0.2,27,4.0,0.9083665338645418,0.16333333333333333
D2-K3par,0.2,27,5.0,0.9083665338645418,0.16333333333333333
D3-unequal,0.1,27,3.0,0.8880597014925373,0.11333333333333333
D3-unequal,0.1,27,4.0,0.8880597014925373,0.11333333333333333
D3-unequal,0.1,27,5.0,0.8880597014925373,0.11333333333333333
D3-unequal,0.2,27,3.0,0.9036144578313253,0.17
D3-unequal,0.2,27,4.0,0.9036144578313253,0.17
D3-unequal,0.2,27,5.0,0.9036144578313253,0.17
D5-leverage,0.1,27,3.0,0.898876404494382,0.11333333333333333
D5-leverage,0.1,27,4.0,0.898876404494382,0.11333333333333333
D5-leverage,0.1,27,5.0,0.898876404494382,0.11333333333333333
D5-leverage,0.2,27,3.0,0.8818565400843882,0.21
D5-leverage,0.2,27,4.0,0.5021097046413502,0.14
D5-leverage,0.2,27,5.0,0.5021097046413502,0.14
D6-uniform,0.1,27,3.0,0.9074074074074074,0.11666666666666667
D6-uniform,0.1,27,4.0,0.9074074074074074,0.11666666666666667
D6-uniform,0.1,27,5.0,0.9074074074074074,0.11666666666666667
D6-uniform,0.2,27,3.0,0.9,0.18
D6-uniform,0.2,27,4.0,0.9,0.18
D6-uniform,0.2,27,5.0,0.9,0.20333333333333334
D1-K2cross,0.1,28,3.0,0.9227941176470589,0.11
D1-K2cross,0.1,28,4.0,0.9227941176470589,0.11
D1-K2cross,0.1,28,5.0,0.9227941176470589,0.11
D1-K2cross,0.2,28,3.0,0.9083333333333333,0.2
D1-K2cross,0.2,28,4.0,0.9083333333333333,0.2
D1-K2cross,0.2,28,5.0,0.9083333333333333,0.2
D2-K3par,0.1,28,3.0,0.927536231884058,0.08
D2-K3par,0.1,28,4.0,0.9239130434782609,0.08
D2-K3par,0.1,28,5.0,0.9239130434782609,0.08
D2-K3par,0.2,28,3.0,0.8958333333333334,0.2
D2-K3par,0.2,28,4.0,0.8958333333333334,0.2
D2-K3par,0.2,28,5.0,0.7041666666666667,0.11
D3-unequal,0.1,28,3.0,0.924812030075188,0.11333333333333333
D3-unequal,0.1,28,4.0,0.924812030075188,0.11333333333333333
D3-unequal,0.1,28,5.0,0.924812030075188,0.11333333333333333
D3-unequal,0.2,28,3.0,0.9043824701195219,0.17333333333333334
D3-unequal,0.2,28,4.0,0.9043824701195219,0.17333333333333334
D3-unequal,0.2,28,5.0,0.9043824701195219,0.17333333333333334
D5-leverage,0.1,28,3.0,0.9126984126984127,0.16333333333333333
D5-leverage,0.1,28,4.0,0.9126984126984127,0.16333333333333333
D5-leverage,0.1,28,5.0,0.9126984126984127,0.16333333333333333
D5-leverage,0.2,28,3.0,0.9243697478991597,0.21333333333333335
D5-leverage,0.2,28,4.0,0.5042016806722689,0.09
D5-leverage,0.2,28,5.0,0.5042016806722689,0.10333333333333333
D6-uniform,0.1,28,3.0,0.9163636363636364,0.09
D6-uniform,0.1,28,4.0,0.9163636363636364,0.09
D6-uniform,0.1,28,5.0,0.9163636363636364,0.09
D6-uniform,0.2,28,3.0,0.9128630705394191,0.18666666666666668
D6-uniform,0.2,28,4.0,0.91701244813278,0.17333333333333334
D6-uniform,0.2,28,5.0,0.91701244813278,0.17333333333333334
D1-K2cross,0.1,29,3.0,0.9128787878787878,0.12333333333333334
D1-K2cross,0.1,29,4.0,0.9128787878787878,0.12333333333333334
D1-K2cross,0.1,29,5.0,0.9128787878787878,0.12333333333333334
D1-K2cross,0.2,29,3.0,0.8870292887029289,0.20666666666666667
D1-K2cross,0.2,29,4.0,0.8870292887029289,0.20666666666666667
D1-K2cross,0.2,29,5.0,0.8870292887029289,0.20666666666666667
D2-K3par,0.1,29,3.0,0.9144981412639405,0.10333333333333333
D2-K3par,0.1,29,4.0,0.9144981412639405,0.10333333333333333
D2-K3par,0.1,29,5.0,0.9144981412639405,0.10333333333333333
D2-K3par,0.2,29,3.0,0.9033613445378151,0.20666666666666667
D2-K3par,0.2,29,4.0,0.9033613445378151,0.20666666666666667
D2-K3par,0.2,29,5.0,0.9159663865546218,0.20666666666666667
D3-unequal,0.1,29,3.0,0.9090909090909091,0.08666666666666667
D3-unequal,0.1,29,4.0,0.9090909090909091,0.08666666666666667
D3-unequal,0.1,29,5.0,0.9090909090909091,0.08666666666666667
D3-unequal,0.2,29,3.0,0.8852459016393442,0.18666666666666668
D3-unequal,0.2,29,4.0,0.8852459016393442,0.18666666666666668
D3-unequal,0.2,29,5.0,0.8852459016393442,0.18666666666666668
D5-leverage,0.1,29,3.0,0.9097744360902256,0.11666666666666667
D5-leverage,0.1,29,4.0,0.9097744360902256,0.11666666666666667
D5-leverage,0.1,29,5.0,0.9097744360902256,0.11666666666666667
D5-leverage,0.2,29,3.0,0.9063829787234042,0.22
D5-leverage,0.2,29,4.0,0.9063829787234042,0.22
D5-leverage,0.2,29,5.0,0.9063829787234042,0.22
D6-uniform,0.1,29,3.0,0.9205776173285198,0.09
D6-uniform,0.1,29,4.0,0.9205776173285198,0.09
D6-uniform,0.1,29,5.0,0.9205776173285198,0.09
D6-uniform,0.2,29,3.0,0.8724279835390947,0.17333333333333334
D6-uniform,0.2,29,4.0,0.8765432098765432,0.17333333333333334
D6-uniform,0.2,29,5.0,0.8765432098765432,0.17333333333333334
D1-K2cross,0.1,30,3.0,0.9288389513108615,0.11666666666666667
D1-K2cross,0.1,30,4.0,0.9288389513108615,0.11666666666666667
D1-K2cross,0.1,30,5.0,0.9288389513108615,0.11666666666666667
D1-K2cross,0.2,30,3.0,0.9264069264069265,0.23
D1-K2cross,0.2,30,4.0,0.9264069264069265,0.23
D1-K2cross,0.2,30,5.0,0.9264069264069265,0.23
D2-K3par,0.1,30,3.0,0.9172932330827067,0.11333333333333333
D2-K3par,0.1,30,4.0,0.9060150375939849,0.11333333333333333
D2-K3par,0.1,30,5.0,0.9060150375939849,0.11333333333333333
D2-K3par,0.2,30,3.0,0.9009009009009009,0.26
D2-K3par,0.2,30,4.0,0.9009009009009009,0.26
D2-K3par,0.2,30,5.0,0.6846846846846847,0.14
D3-unequal,0.1,30,3.0,0.9188191881918819,0.09666666666666666
D3-unequal,0.1,30,4.0,0.9188191881918819,0.09666666666666666
D3-unequal,0.1,30,5.0,0.9188191881918819,0.09666666666666666
D3-unequal,0.2,30,3.0,0.948936170212766,0.22
D3-unequal,0.2,30,4.0,0.948936170212766,0.22
D3-unequal,0.2,30,5.0,0.948936170212766,0.22
D5-leverage,0.1,30,3.0,0.9323308270676691,0.12
D5-leverage,0.1,30,4.0,0.9323308270676691,0.12
D5-leverage,0.1,30,5.0,0.9323308270676691,0.12
D5-leverage,0.2,30,3.0,0.9126984126984127,0.16
D5-leverage,0.2,30,4.0,0.9126984126984127,0.16
D5-leverage,0.2,30,5.0,0.9126984126984127,0.16
D6-uniform,0.1,30,3.0,0.9047619047619048,0.11666666666666667
D6-uniform,0.1,30,4.0,0.9047619047619048,0.11666666666666667
D6-uniform,0.1,30,5.0,0.9047619047619048,0.11666666666666667
D6-uniform,0.2,30,3.0,0.8928571428571429,0.22
D6-uniform,0.2,30,4.0,0.5446428571428571,0.0
D6-uniform,0.2,30,5.0,0.5446428571428571,0.0
D1-K2cross,0.1,31,3.0,0.9288389513108615,0.12333333333333334
D1-K2cross,0.1,31,4.0,0.9288389513108615,0.12333333333333334
D1-K2cross,0.1,31,5.0,0.9288389513108615,0.12333333333333334
D1-K2cross,0.2,31,3.0,0.9156118143459916,0.21333333333333335
D1-K2cross,0.2,31,4.0,0.9156118143459916,0.21333333333333335
D1-K2cross,0.2,31,5.0,0.9156118143459916,0.21333333333333335
D2-K3par,0.1,31,3.0,0.9222222222222223,0.1
D2-K3par,0.1,31,4.0,0.9222222222222223,0.1
D2-K3par,0.1,31,5.0,0.9222222222222223,0.1
D2-K3par,0.2,31,3.0,0.9311740890688259,0.17666666666666667
D2-K3par,0.2,31,4.0,0.9311740890688259,0.17666666666666667
D2-K3par,0.2,31,5.0,0.9271255060728745,0.18
D3-unequal,0.1,31,3.0,0.9438202247191011,0.11666666666666667
D3-unequal,0.1,31,4.0,0.9438202247191011,0.11666666666666667
D3-unequal,0.1,31,5.0,0.9438202247191011,0.11666666666666667
D3-unequal,0.2,31,3.0,0.9029535864978903,0.21
D3-unequal,0.2,31,4.0,0.9029535864978903,0.21
D3-unequal,0.2,31,5.0,0.9029535864978903,0.21
D5-leverage,0.1,31,3.0,0.9097472924187726,0.08666666666666667
D5-leverage,0.1,31,4.0,0.9097472924187726,0.08666666666666667
D5-leverage,0.1,31,5.0,0.9097472924187726,0.08666666666666667
D5-leverage,0.2,31,3.0,0.8847736625514403,0.19
D5-leverage,0.2,31,4.0,0.8847736625514403,0.19
D5-leverage,0.2,31,5.0,0.8847736625514403,0.19
D6-uniform,0.1,31,3.0,0.8884758364312267,0.11333333333333333
D6-uniform,0.1,31,4.0,0.8884758364312267,0.11333333333333333
D6-uniform,0.1,31,5.0,0.8884758364312267,0.11333333333333333
D6-uniform,0.2,31,3.0,0.8600823045267489,0.17666666666666667
D6-uniform,0.2,31,4.0,0.8477366255144033,0.17
D6-uniform,0.2,31,5.0,0.8477366255144033,0.17
D1-K2cross,0.1,32,3.0,0.92,0.10333333333333333
D1-K2cross,0.1,32,4.0,0.92,0.10333333333333333
D1-K2cross,0.1,32,5.0,0.92,0.10333333333333333
D1-K2cross,0.2,32,3.0,0.9426229508196722,0.18666666666666668
D1-K2cross,0.2,32,4.0,0.9426229508196722,0.18666666666666668
D1-K2cross,0.2,32,5.0,0.9426229508196722,0.18666666666666668
D2-K3par,0.1,32,3.0,0.9154411764705882,0.09666666666666666
D2-K3par,0.1,32,4.0,0.9154411764705882,0.09666666666666666
D2-K3par,0.1,32,5.0,0.9154411764705882,0.09666666666666666
D2-K3par,0.2,32,3.0,0.9218106995884774,0.19
D2-K3par,0.2,32,4.0,0.9218106995884774,0.19
D2-K3par,0.2,32,5.0,0.9218106995884774,0.19
D3-unequal,0.1,32,3.0,0.9056603773584906,0.11666666666666667
D3-unequal,0.1,32,4.0,0.9056603773584906,0.11666666666666667
D3-unequal,0.1,32,5.0,0.9056603773584906,0.11666666666666667
D3-unequal,0.2,32,3.0,0.8838174273858921,0.19666666666666666
D3-unequal,0.2,32,4.0,0.8838174273858921,0.19666666666666666
D3-unequal,0.2,32,5.0,0.8838174273858921,0.19666666666666666
D5-leverage,0.1,32,3.0,0.9054545454545454,0.08666666666666667
D5-leverage,0.1,32,4.0,0.9054545454545454,0.08666666666666667
D5-leverage,0.1,32,5.0,0.9054545454545454,0.08666666666666667
D5-leverage,0.2,32,3.0,0.8930041152263375,0.19333333333333333
D5-leverage,0.2,32,4.0,0.8930041152263375,0.19333333333333333
D5-leverage,0.2,32,5.0,0.8930041152263375,0.19333333333333333
D6-uniform,0.1,32,3.0,0.9427480916030534,0.12666666666666668
D6-uniform,0.1,32,4.0,0.9427480916030534,0.12666666666666668
D6-uniform,0.1,32,5.0,0.9427480916030534,0.12666666666666668
D6-uniform,0.2,32,3.0,0.9338842975206612,0.19666666666666666
D6-uniform,0.2,32,4.0,0.9297520661157025,0.19333333333333333
D6-uniform,0.2,32,5.0,0.9338842975206612,0.19333333333333333
D1-K2cross,0.1,33,3.0,0.9114391143911439,0.1
D1-K2cross,0.1,33,4.0,0.9114391143911439,0.1
D1-K2cross,0.1,33,5.0,0.9114391143911439,0.1
D1-K2cross,0.2,33,3.0,0.9214876033057852,0.2
D1-K2cross,0.2,33,4.0,0.9214876033057852,0.2
D1-K2cross,0.2,33,5.0,0.9214876033057852,0.2
D2-K3par,0.1,33,3.0,0.9101123595505618,0.11
D2-K3par,0.1,33,4.0,0.9101123595505618,0.11
D2-K3par,0.1,33,5.0,0.9101123595505618,0.11
D2-K3par,0.2,33,3.0,0.9090909090909091,0.19333333333333333
D2-K3par,0.2,33,4.0,0.9132231404958677,0.19333333333333333
D2-K3par,0.2,33,5.0,0.6198347107438017,0.14666666666666667
D3-unequal,0.1,33,3.0,0.9118773946360154,0.13333333333333333
D3-unequal,0.1,33,4.0,0.9118773946360154,0.13333333333333333
D3-unequal,0.1,33,5.0,0.9118773946360154,0.13333333333333333
D3-unequal,0.2,33,3.0,0.9356223175965666,0.22333333333333333
D3-unequal,0.2,33,4.0,0.9356223175965666,0.22333333333333333
D3-unequal,0.2,33,5.0,0.9356223175965666,0.22333333333333333
D5-leverage,0.1,33,3.0,0.9111111111111111,0.10666666666666667
D5-leverage,0.1,33,4.0,0.9111111111111111,0.10666666666666667
D5-leverage,0.1,33,5.0,0.9111111111111111,0.10666666666666667
D5-leverage,0.2,33,3.0,0.935064935064935,0.23
D5-leverage,0.2,33,4.0,0.5584415584415584,0.11666666666666667
D5-leverage,0.2,33,5.0,0.5627705627705628,0.14666666666666667
D6-uniform,0.1,33,3.0,0.9407407407407408,0.11333333333333333
D6-uniform,0.1,33,4.0,0.9407407407407408,0.11333333333333333
D6-uniform,0.1,33,5.0,0.9407407407407408,0.11333333333333333
D6-uniform,0.2,33,3.0,0.9079497907949791,0.20333333333333334
D6-uniform,0.2,33,4.0,0.899581589958159,0.19
D6-uniform,0.2,33,5.0,0.5355648535564853,0.006666666666666667
D1-K2cross,0.1,34,3.0,0.8925925925925926,0.11
D1-K2cross,0.1,34,4.0,0.8925925925925926,0.11
D1-K2cross,0.1,34,5.0,0.8925925925925926,0.11
D1-K2cross,0.2,34,3.0,0.9372384937238494,0.20333333333333334
D1-K2cross,0.2,34,4.0,0.9372384937238494,0.20333333333333334
D1-K2cross,0.2,34,5.0,0.9372384937238494,0.20333333333333334
D2-K3par,0.1,34,3.0,0.8937728937728938,0.09
D2-K3par,0.1,34,4.0,0.8937728937728938,0.09
D2-K3par,0.1,34,5.0,0.8937728937728938,0.09
D2-K3par,0.2,34,3.0,0.9032258064516129,0.17333333333333334
D2-K3par,0.2,34,4.0,0.9153225806451613,0.17333333333333334
D2-K3par,0.2,34,5.0,0.6491935483870968,0.07
D3-unequal,0.1,34,3.0,0.9051383399209486,0.17
D3-unequal,0.1,34,4.0,0.9051383399209486,0.17
D3-unequal,0.1,34,5.0,0.9051383399209486,0.17
D3-unequal,0.2,34,3.0,0.951417004048583,0.17666666666666667
D3-unequal,0.2,34,4.0,0.951417004048583,0.17666666666666667
D3-unequal,0.2,34,5.0,0.951417004048583,0.17666666666666667
D5-leverage,0.1,34,3.0,0.9413919413919414,0.09333333333333334
D5-leverage,0.1,34,4.0,0.9413919413919414,0.09333333333333334
D5-leverage,0.1,34,5.0,0.9413919413919414,0.09333333333333334
D5-leverage,0.2,34,3.0,0.5458333333333333,0.03333333333333333
D5-leverage,0.2,34,4.0,0.9416666666666667,0.20333333333333334
D5-leverage,0.2,34,5.0,0.9416666666666667,0.20333333333333334
D6-uniform,0.1,34,3.0,0.9222222222222223,0.1
D6-uniform,0.1,34,4.0,0.9222222222222223,0.1
D6-uniform,0.1,34,5.0,0.9222222222222223,0.1
D6-uniform,0.2,34,3.0,0.8903508771929824,0.19
D6-uniform,0.2,34,4.0,0.8903508771929824,0.19
D6-uniform,0.2,34,5.0,0.8903508771929824,0.19
D1-K2cross,0.1,35,3.0,0.917910447761194,0.12333333333333334
D1-K2cross,0.1,35,4.0,0.917910447761194,0.12333333333333334
D1-K2cross,0.1,35,5.0,0.917910447761194,0.12333333333333334
D1-K2cross,0.2,35,3.0,0.9214876033057852,0.19333333333333333
D1-K2cross,0.2,35,4.0,0.9214876033057852,0.19333333333333333
D1-K2cross,0.2,35,5.0,0.9214876033057852,0.19333333333333333
D2-K3par,0.1,35,3.0,0.8880866425992779,0.08
D2-K3par,0.1,35,4.0,0.8880866425992779,0.08
D2-K3par,0.1,35,5.0,0.8880866425992779,0.08
D2-K3par,0.2,35,3.0,0.9047619047619048,0.23
D2-K3par,0.2,35,4.0,0.9047619047619048,0.23
D2-K3par,0.2,35,5.0,0.9047619047619048,0.23
D3-unequal,0.1,35,3.0,0.9025270758122743,0.08333333333333333
D3-unequal,0.1,35,4.0,0.9025270758122743,0.08333333333333333
D3-unequal,0.1,35,5.0,0.9025270758122743,0.08333333333333333
D3-unequal,0.2,35,3.0,0.8938775510204081,0.19
D3-unequal,0.2,35,4.0,0.8938775510204081,0.19
D3-unequal,0.2,35,5.0,0.8938775510204081,0.19
D5-leverage,0.1,35,3.0,0.8905660377358491,0.14
D5-leverage,0.1,35,4.0,0.8905660377358491,0.14
D5-leverage,0.1,35,5.0,0.8905660377358491,0.14
D5-leverage,0.2,35,3.0,0.9135802469135802,0.19333333333333333
D5-leverage,0.2,35,4.0,0.5267489711934157,0.10666666666666667
D5-leverage,0.2,35,5.0,0.5267489711934157,0.10666666666666667
D6-uniform,0.1,35,3.0,0.8880597014925373,0.11333333333333333
D6-uniform,0.1,35,4.0,0.8880597014925373,0.11333333333333333
D6-uniform,0.1,35,5.0,0.8880597014925373,0.11333333333333333
D6-uniform,0.2,35,3.0,0.9375,0.16333333333333333
D6-uniform,0.2,35,4.0,0.9375,0.16333333333333333
D6-uniform,0.2,35,5.0,0.5416666666666666,0.016666666666666666
D1-K2cross,0.1,36,3.0,0.8955223880597015,0.12333333333333334
D1-K2cross,0.1,36,4.0,0.8992537313432836,0.12666666666666668
D1-K2cross,0.1,36,5.0,0.8992537313432836,0.12666666666666668
D1-K2cross,0.2,36,3.0,0.927038626609442,0.22333333333333333
D1-K2cross,0.2,36,4.0,0.927038626609442,0.22333333333333333
D1-K2cross,0.2,36,5.0,0.927038626609442,0.22333333333333333
D2-K3par,0.1,36,3.0,0.8255813953488372,0.14
D2-K3par,0.1,36,4.0,0.8255813953488372,0.14
D2-K3par,0.1,36,5.0,0.8255813953488372,0.14
D2-K3par,0.2,36,3.0,0.9433198380566802,0.17666666666666667
D2-K3par,0.2,36,4.0,0.9433198380566802,0.17666666666666667
D2-K3par,0.2,36,5.0,0.9433198380566802,0.17666666666666667
D3-unequal,0.1,36,3.0,0.8819188191881919,0.10333333333333333
D3-unequal,0.1,36,4.0,0.8819188191881919,0.10333333333333333
D3-unequal,0.1,36,5.0,0.8819188191881919,0.10333333333333333
D3-unequal,0.2,36,3.0,0.921161825726141,0.19666666666666666
D3-unequal,0.2,36,4.0,0.921161825726141,0.19666666666666666
D3-unequal,0.2,36,5.0,0.921161825726141,0.19666666666666666
D5-leverage,0.1,36,3.0,0.9051094890510949,0.10333333333333333
D5-leverage,0.1,36,4.0,0.9051094890510949,0.10333333333333333
D5-leverage,0.1,36,5.0,0.9051094890510949,0.10333333333333333
D5-leverage,0.2,36,3.0,0.9152542372881356,0.21333333333333335
D5-leverage,0.2,36,4.0,0.9152542372881356,0.21333333333333335
D5-leverage,0.2,36,5.0,0.5254237288135594,0.15333333333333332
D6-uniform,0.1,36,3.0,0.9454545454545454,0.08333333333333333
D6-uniform,0.1,36,4.0,0.9454545454545454,0.08333333333333333
D6-uniform,0.1,36,5.0,0.9454545454545454,0.08333333333333333
D6-uniform,0.2,36,3.0,0.891566265060241,0.16
D6-uniform,0.2,36,4.0,0.891566265060241,0.15
D6-uniform,0.2,36,5.0,0.891566265060241,0.15
D1-K2cross,0.1,37,3.0,0.9219330855018587,0.10333333333333333
D1-K2cross,0.1,37,4.0,0.9219330855018587,0.10333333333333333
D1-K2cross,0.1,37,5.0,0.9219330855018587,0.10333333333333333
D1-K2cross,0.2,37,3.0,0.8818565400843882,0.21
D1-K2cross,0.2,37,4.0,0.8818565400843882,0.21
D1-K2cross,0.2,37,5.0,0.8818565400843882,0.21
D2-K3par,0.1,37,3.0,0.8827838827838828,0.09
D2-K3par,0.1,37,4.0,0.8827838827838828,0.09
D2-K3par,0.1,37,5.0,0.8827838827838828,0.09
D2-K3par,0.2,37,3.0,0.9036144578313253,0.17
D2-K3par,0.2,37,4.0,0.9036144578313253,0.17
D2-K3par,0.2,37,5.0,0.9116465863453815,0.17
D3-unequal,0.1,37,3.0,0.9185185185185185,0.1
D3-unequal,0.1,37,4.0,0.9185185185185185,0.1
D3-unequal,0.1,37,5.0,0.9185185185185185,0.1
D3-unequal,0.2,37,3.0,0.9224489795918367,0.18333333333333332
D3-unequal,0.2,37,4.0,0.9224489795918367,0.18333333333333332
D3-unequal,0.2,37,5.0,0.9224489795918367,0.18333333333333332
D5-leverage,0.1,37,3.0,0.9031007751937985,0.14333333333333334
D5-leverage,0.1,37,4.0,0.9031007751937985,0.14333333333333334
D5-leverage,0.1,37,5.0,0.9031007751937985,0.14333333333333334
D5-leverage,0.2,37,3.0,0.9188034188034188,0.22
D5-leverage,0.2,37,4.0,0.9188034188034188,0.22
D5-leverage,0.2,37,5.0,0.9188034188034188,0.22
D6-uniform,0.1,37,3.0,0.8953068592057761,0.07666666666666666
D6-uniform,0.1,37,4.0,0.8953068592057761,0.07666666666666666
D6-uniform,0.1,37,5.0,0.8953068592057761,0.07666666666666666
D6-uniform,0.2,37,3.0,0.8951612903225806,0.17
D6-uniform,0.2,37,4.0,0.8951612903225806,0.17
D6-uniform,0.2,37,5.0,0.8991935483870968,0.17333333333333334
D1-K2cross,0.1,38,3.0,0.9527272727272728,0.1
D1-K2cross,0.1,38,4.0,0.9527272727272728,0.1
D1-K2cross,0.1,38,5.0,0.9527272727272728,0.1
D1-K2cross,0.2,38,3.0,0.9146341463414634,0.18333333333333332
D1-K2cross,0.2,38,4.0,0.9146341463414634,0.18333333333333332
D1-K2cross,0.2,38,5.0,0.9146341463414634,0.18333333333333332
D2-K3par,0.1,38,3.0,0.9236363636363636,0.08333333333333333
D2-K3par,0.1,38,4.0,0.9236363636363636,0.08333333333333333
D2-K3par,0.1,38,5.0,0.92,0.08333333333333333
D2-K3par,0.2,38,3.0,0.8785425101214575,0.17666666666666667
D2-K3par,0.2,38,4.0,0.9109311740890689,0.17666666666666667
D2-K3par,0.2,38,5.0,0.659919028340081,0.07666666666666666
D3-unequal,0.1,38,3.0,0.9176029962546817,0.12333333333333334
D3-unequal,0.1,38,4.0,0.9176029962546817,0.12333333333333334
D3-unequal,0.1,38,5.0,0.9176029962546817,0.12333333333333334
D3-unequal,0.2,38,3.0,0.5635593220338984,0.35333333333333333
D3-unequal,0.2,38,4.0,0.9279661016949152,0.21333333333333335
D3-unequal,0.2,38,5.0,0.9279661016949152,0.21333333333333335
D5-leverage,0.1,38,3.0,0.9136690647482014,0.08333333333333333
D5-leverage,0.1,38,4.0,0.9136690647482014,0.08333333333333333
D5-leverage,0.1,38,5.0,0.9136690647482014,0.08333333333333333
D5-leverage,0.2,38,3.0,0.5126050420168067,0.09333333333333334
D5-leverage,0.2,38,4.0,0.5126050420168067,0.09333333333333334
D5-leverage,0.2,38,5.0,0.5126050420168067,0.09333333333333334
D6-uniform,0.1,38,3.0,0.92,0.09333333333333334
D6-uniform,0.1,38,4.0,0.9236363636363636,0.09666666666666666
D6-uniform,0.1,38,5.0,0.92,0.09333333333333334
D6-uniform,0.2,38,3.0,0.932,0.16666666666666666
D6-uniform,0.2,38,4.0,0.932,0.16666666666666666
D6-uniform,0.2,38,5.0,0.932,0.16666666666666666
D1-K2cross,0.1,39,3.0,0.8892988929889298,0.10666666666666667
D1-K2cross,0.1,39,4.0,0.8892988929889298,0.10666666666666667
D1-K2cross,0.1,39,5.0,0.8892988929889298,0.10666666666666667
D1-K2cross,0.2,39,3.0,0.8771186440677966,0.21333333333333335
D1-K2cross,0.2,39,4.0,0.8771186440677966,0.21333333333333335
D1-K2cross,0.2,39,5.0,0.8771186440677966,0.21333333333333335
D2-K3par,0.1,39,3.0,0.9227941176470589,0.09333333333333334
D2-K3par,0.1,39,4.0,0.9227941176470589,0.09333333333333334
D2-K3par,0.1,39,5.0,0.9227941176470589,0.09333333333333334
D2-K3par,0.2,39,3.0,0.859504132231405,0.19333333333333333
D2-K3par,0.2,39,4.0,0.859504132231405,0.19333333333333333
D2-K3par,0.2,39,5.0,0.8636363636363636,0.19333333333333333
D3-unequal,0.1,39,3.0,0.8821292775665399,0.13
D3-unequal,0.1,39,4.0,0.8821292775665399,0.13
D3-unequal,0.1,39,5.0,0.8821292775665399,0.13
D3-unequal,0.2,39,3.0,0.9387755102040817,0.18333333333333332
D3-unequal,0.2,39,4.0,0.9387755102040817,0.18333333333333332
D3-unequal,0.2,39,5.0,0.9387755102040817,0.18333333333333332
D5-leverage,0.1,39,3.0,0.9074074074074074,0.10333333333333333
D5-leverage,0.1,39,4.0,0.9074074074074074,0.10333333333333333
D5-leverage,0.1,39,5.0,0.9074074074074074,0.10333333333333333
D5-leverage,0.2,39,3.0,0.5234042553191489,0.08666666666666667
D5-leverage,0.2,39,4.0,0.5234042553191489,0.08666666666666667
D5-leverage,0.2,39,5.0,0.5234042553191489,0.08666666666666667
D6-uniform,0.1,39,3.0,0.9194139194139194,0.09
D6-uniform,0.1,39,4.0,0.9194139194139194,0.09
D6-uniform,0.1,39,5.0,0.9194139194139194,0.09
D6-uniform,0.2,39,3.0,0.908,0.14666666666666667
D6-uniform,0.2,39,4.0,0.916,0.15333333333333332
D6-uniform,0.2,39,5.0,0.916,0.16333333333333333
D1-K2cross,0.1,40,3.0,0.895910780669145,0.10666666666666667
D1-K2cross,0.1,40,4.0,0.895910780669145,0.10666666666666667
D1-K2cross,0.1,40,5.0,0.895910780669145,0.10666666666666667
D1-K2cross,0.2,40,3.0,0.8974358974358975,0.22333333333333333
D1-K2cross,0.2,40,4.0,0.8974358974358975,0.22333333333333333
D1-K2cross,0.2,40,5.0,0.8974358974358975,0.22333333333333333
D2-K3par,0.1,40,3.0,0.8807692307692307,0.13333333333333333
D2-K3par,0.1,40,4.0,0.8807692307692307,0.13333333333333333
D2-K3par,0.1,40,5.0,0.8807692307692307,0.13333333333333333
D2-K3par,0.2,40,3.0,0.9511111111111111,0.25
D2-K3par,0.2,40,4.0,0.6577777777777778,0.12333333333333334
D2-K3par,0.2,40,5.0,0.6577777777777778,0.12666666666666668
D3-unequal,0.1,40,3.0,0.8656716417910447,0.10666666666666667
D3-unequal,0.1,40,4.0,0.8656716417910447,0.10666666666666667
D3-unequal,0.1,40,5.0,0.8656716417910447,0.10666666666666667
D3-unequal,0.2,40,3.0,0.9109311740890689,0.18333333333333332
D3-unequal,0.2,40,4.0,0.9109311740890689,0.18333333333333332
D3-unequal,0.2,40,5.0,0.9109311740890689,0.18333333333333332
D5-leverage,0.1,40,3.0,0.9070631970260223,0.11333333333333333
D5-leverage,0.1,40,4.0,0.9070631970260223,0.11333333333333333
D5-leverage,0.1,40,5.0,0.9070631970260223,0.11333333333333333
D5-leverage,0.2,40,3.0,0.9409448818897638,0.15333333333333332
D5-leverage,0.2,40,4.0,0.9409448818897638,0.15333333333333332
D5-leverage,0.2,40,5.0,0.9409448818897638,0.15333333333333332
D6-uniform,0.1,40,3.0,0.8913043478260869,0.08333333333333333
D6-uniform,0.1,40,4.0,0.8913043478260869,0.08333333333333333
D6-uniform,0.1,40,5.0,0.8913043478260869,0.08333333333333333
D6-uniform,0.2,40,3.0,0.8672566371681416,0.18
D6-uniform,0.2,40,4.0,0.8628318584070797,0.14333333333333334
D6-uniform,0.2,40,5.0,0.8628318584070797,0.14333333333333334
D1-K2cross,0.1,41,3.0,0.9080882352941176,0.09666666666666666
D1-K2cross,0.1,41,4.0,0.9080882352941176,0.09666666666666666
D1-K2cross,0.1,41,5.0,0.9080882352941176,0.09666666666666666
D1-K2cross,0.2,41,3.0,0.9090909090909091,0.19333333333333333
D1-K2cross,0.2,41,4.0,0.9090909090909091,0.19333333333333333
D1-K2cross,0.2,41,5.0,0.9090909090909091,0.19333333333333333
D2-K3par,0.1,41,3.0,0.9120879120879121,0.09
D2-K3par,0.1,41,4.0,0.9120879120879121,0.09
D2-K3par,0.1,41,5.0,0.9120879120879121,0.09
D2-K3par,0.2,41,3.0,0.7004048582995951,0.17666666666666667
D2-K3par,0.2,41,4.0,0.7044534412955465,0.17666666666666667
D2-K3par,0.2,41,5.0,0.6720647773279352,0.07666666666666666
D3-unequal,0.1,41,3.0,0.562962962962963,0.12333333333333334
D3-unequal,0.1,41,4.0,0.9148148148148149,0.1
D3-unequal,0.1,41,5.0,0.9148148148148149,0.1
D3-unequal,0.2,41,3.0,0.9109311740890689,0.18333333333333332
D3-unequal,0.2,41,4.0,0.9109311740890689,0.18333333333333332
D3-unequal,0.2,41,5.0,0.9109311740890689,0.18333333333333332
D5-leverage,0.1,41,3.0,0.8872180451127819,0.12333333333333334
D5-leverage,0.1,41,4.0,0.8872180451127819,0.12333333333333334
D5-leverage,0.1,41,5.0,0.8872180451127819,0.12333333333333334
D5-leverage,0.2,41,3.0,0.889795918367347,0.18333333333333332
D5-leverage,0.2,41,4.0,0.889795918367347,0.18333333333333332
D5-leverage,0.2,41,5.0,0.889795918367347,0.18333333333333332
D6-uniform,0.1,41,3.0,0.8981818181818182,0.1
D6-uniform,0.1,41,4.0,0.8981818181818182,0.1
D6-uniform,0.1,41,5.0,0.8981818181818182,0.1
D6-uniform,0.2,41,3.0,0.926530612244898,0.15
D6-uniform,0.2,41,4.0,0.9224489795918367,0.15333333333333332
D6-uniform,0.2,41,5.0,0.9224489795918367,0.15333333333333332
D1-K2cross,0.1,42,3.0,0.9003690036900369,0.10666666666666667
D1-K2cross,0.1,42,4.0,0.9003690036900369,0.10666666666666667
D1-K2cross,0.1,42,5.0,0.9003690036900369,0.10666666666666667
D1-K2cross,0.2,42,3.0,0.9385245901639344,0.19
D1-K2cross,0.2,42,4.0,0.9385245901639344,0.19
D1-K2cross,0.2,42,5.0,0.9385245901639344,0.19
D2-K3par,0.1,42,3.0,0.9182156133828996,0.10333333333333333
D2-K3par,0.1,42,4.0,0.9182156133828996,0.10333333333333333
D2-K3par,0.1,42,5.0,0.9182156133828996,0.10333333333333333
D2-K3par,0.2,42,3.0,0.8804780876494024,0.16333333333333333
D2-K3par,0.2,42,4.0,0.900398406374502,0.16333333333333333
D2-K3par,0.2,42,5.0,0.8844621513944223,0.16333333333333333
D3-unequal,0.1,42,3.0,0.8812949640287769,0.09666666666666666
D3-unequal,0.1,42,4.0,0.8812949640287769,0.09666666666666666
D3-unequal,0.1,42,5.0,0.8812949640287769,0.09666666666666666
D3-unequal,0.2,42,3.0,0.9201680672268907,0.20666666666666667
D3-unequal,0.2,42,4.0,0.9201680672268907,0.20666666666666667
D3-unequal,0.2,42,5.0,0.9159663865546218,0.20666666666666667
D5-leverage,0.1,42,3.0,0.9239130434782609,0.09
D5-leverage,0.1,42,4.0,0.9239130434782609,0.09
D5-leverage,0.1,42,5.0,0.9239130434782609,0.09
D5-leverage,0.2,42,3.0,0.9230769230769231,0.22
D5-leverage,0.2,42,4.0,0.9230769230769231,0.22
D5-leverage,0.2,42,5.0,0.8504273504273504,0.02666666666666667
D6-uniform,0.1,42,3.0,0.8918918918918919,0.14666666666666667
D6-uniform,0.1,42,4.0,0.8957528957528957,0.14666666666666667
D6-uniform,0.1,42,5.0,0.8957528957528957,0.14666666666666667
D6-uniform,0.2,42,3.0,0.9037656903765691,0.19666666666666666
D6-uniform,0.2,42,4.0,0.899581589958159,0.18333333333333332
D6-uniform,0.2,42,5.0,0.899581589958159,0.18333333333333332
D1-K2cross,0.1,43,3.0,0.9330855018587361,0.10333333333333333
D1-K2cross,0.1,43,4.0,0.9330855018587361,0.10333333333333333
D1-K2cross,0.1,43,5.0,0.9330855018587361,0.10333333333333333
D1-K2cross,0.2,43,3.0,0.907563025210084,0.21
D1-K2cross,0.2,43,4.0,0.907563025210084,0.21
D1-K2cross,0.2,43,5.0,0.907563025210084,0.21
D2-K3par,0.1,43,3.0,0.8939393939393939,0.12
D2-K3par,0.1,43,4.0,0.8939393939393939,0.12
D2-K3par,0.1,43,5.0,0.8939393939393939,0.12
D2-K3par,0.2,43,3.0,0.9037656903765691,0.20333333333333334
D2-K3par,0.2,43,4.0,0.6359832635983264,0.10666666666666667
D2-K3par,0.2,43,5.0,0.6359832635983264,0.10666666666666667
D3-unequal,0.1,43,3.0,0.9347826086956522,0.09
D3-unequal,0.1,43,4.0,0.9347826086956522,0.09
D3-unequal,0.1,43,5.0,0.9347826086956522,0.09
D3-unequal,0.2,43,3.0,0.9437229437229437,0.23
D3-unequal,0.2,43,4.0,0.9437229437229437,0.23
D3-unequal,0.2,43,5.0,0.9437229437229437,0.23
D5-leverage,0.1,43,3.0,0.9007352941176471,0.10333333333333333
D5-leverage,0.1,43,4.0,0.8970588235294118,0.10333333333333333
D5-leverage,0.1,43,5.0,0.8970588235294118,0.10333333333333333
D5-leverage,0.2,43,3.0,0.902127659574468,0.22333333333333333
D5-leverage,0.2,43,4.0,0.5404255319148936,0.11333333333333333
D5-leverage,0.2,43,5.0,0.5404255319148936,0.11333333333333333
D6-uniform,0.1,43,3.0,0.917910447761194,0.11666666666666667
D6-uniform,0.1,43,4.0,0.917910447761194,0.11666666666666667
D6-uniform,0.1,43,5.0,0.917910447761194,0.11666666666666667
D6-uniform,0.2,43,3.0,0.916,0.16666666666666666
D6-uniform,0.2,43,4.0,0.912,0.16666666666666666
D6-uniform,0.2,43,5.0,0.912,0.15666666666666668
D1-K2cross,0.1,44,3.0,0.9148148148148149,0.1
D1-K2cross,0.1,44,4.0,0.9148148148148149,0.1
D1-K2cross,0.1,44,5.0,0.9148148148148149,0.1
D1-K2cross,0.2,44,3.0,0.9210526315789473,0.24
D1-K2cross,0.2,44,4.0,0.9210526315789473,0.24
D1-K2cross,0.2,44,5.0,0.9210526315789473,0.24
D2-K3par,0.1,44,3.0,0.9049429657794676,0.12333333333333334
D2-K3par,0.1,44,4.0,0.9049429657794676,0.12333333333333334
D2-K3par,0.1,44,5.0,0.9049429657794676,0.12333333333333334
D2-K3par,0.2,44,3.0,0.8709677419354839,0.17333333333333334
D2-K3par,0.2,44,4.0,0.8709677419354839,0.17333333333333334
D2-K3par,0.2,44,5.0,0.6370967741935484,0.10333333333333333
D3-unequal,0.1,44,3.0,0.9157088122605364,0.13666666666666666
D3-unequal,0.1,44,4.0,0.9157088122605364,0.13666666666666666
D3-unequal,0.1,44,5.0,0.9157088122605364,0.13666666666666666
D3-unequal,0.2,44,3.0,0.9121338912133892,0.20333333333333334
D3-unequal,0.2,44,4.0,0.9121338912133892,0.20333333333333334
D3-unequal,0.2,44,5.0,0.9121338912133892,0.20333333333333334
D5-leverage,0.1,44,3.0,0.9340659340659341,0.11333333333333333
D5-leverage,0.1,44,4.0,0.9340659340659341,0.11333333333333333
D5-leverage,0.1,44,5.0,0.9340659340659341,0.11333333333333333
D5-leverage,0.2,44,3.0,0.9090909090909091,0.2
D5-leverage,0.2,44,4.0,0.9090909090909091,0.2
D5-leverage,0.2,44,5.0,0.9090909090909091,0.2
D6-uniform,0.1,44,3.0,0.899641577060932,0.08666666666666667
D6-uniform,0.1,44,4.0,0.9032258064516129,0.08333333333333333
D6-uniform,0.1,44,5.0,0.9032258064516129,0.08333333333333333
D6-uniform,0.2,44,3.0,0.9098360655737705,0.18666666666666668
D6-uniform,0.2,44,4.0,0.9098360655737705,0.18666666666666668
D6-uniform,0.2,44,5.0,0.9098360655737705,0.18666666666666668
D1-K2cross,0.1,45,3.0,0.9040590405904059,0.11333333333333333
D1-K2cross,0.1,45,4.0,0.9040590405904059,0.11333333333333333
D1-K2cross,0.1,45,5.0,0.9040590405904059,0.11333333333333333
D1-K2cross,0.2,45,3.0,0.9118942731277533,0.24666666666666667
D1-K2cross,0.2,45,4.0,0.9118942731277533,0.24666666666666667
D1-K2cross,0.2,45,5.0,0.9118942731277533,0.24666666666666667
D2-K3par,0.1,45,3.0,0.920863309352518,0.07333333333333333
D2-K3par,0.1,45,4.0,0.920863309352518,0.07333333333333333
D2-K3par,0.1,45,5.0,0.920863309352518,0.07333333333333333
D2-K3par,0.2,45,3.0,0.9090909090909091,0.19333333333333333
D2-K3par,0.2,45,4.0,0.9090909090909091,0.19333333333333333
D2-K3par,0.2,45,5.0,0.9090909090909091,0.19333333333333333
D3-unequal,0.1,45,3.0,0.8851851851851852,0.10666666666666667
D3-unequal,0.1,45,4.0,0.8851851851851852,0.10666666666666667
D3-unequal,0.1,45,5.0,0.8851851851851852,0.10666666666666667
D3-unequal,0.2,45,3.0,0.919831223628692,0.21333333333333335
D3-unequal,0.2,45,4.0,0.919831223628692,0.21333333333333335
D3-unequal,0.2,45,5.0,0.919831223628692,0.21333333333333335
D5-leverage,0.1,45,3.0,0.9144981412639405,0.11
D5-leverage,0.1,45,4.0,0.9107806691449815,0.11
D5-leverage,0.1,45,5.0,0.9107806691449815,0.11
D5-leverage,0.2,45,3.0,0.5627705627705628,0.07
D5-leverage,0.2,45,4.0,0.5627705627705628,0.07
D5-leverage,0.2,45,5.0,0.5627705627705628,0.07
D6-uniform,0.1,45,3.0,0.9405204460966543,0.11
D6-uniform,0.1,45,4.0,0.9405204460966543,0.11
D6-uniform,0.1,45,5.0,0.9405204460966543,0.11
D6-uniform,0.2,45,3.0,0.8962655601659751,0.18666666666666668
D6-uniform,0.2,45,4.0,0.8921161825726142,0.18
D6-uniform,0.2,45,5.0,0.8962655601659751,0.18666666666666668
D1-K2cross,0.1,46,3.0,0.9040590405904059,0.09666666666666666
D1-K2cross,0.1,46,4.0,0.9040590405904059,0.09666666666666666
D1-K2cross,0.1,46,5.0,0.9040590405904059,0.09666666666666666
D1-K2cross,0.2,46,3.0,0.8808510638297873,0.21666666666666667
D1-K2cross,0.2,46,4.0,0.8765957446808511,0.21666666666666667
D1-K2cross,0.2,46,5.0,0.8765957446808511,0.21666666666666667
D2-K3par,0.1,46,3.0,0.9026217228464419,0.11333333333333333
D2-K3par,0.1,46,4.0,0.9026217228464419,0.11333333333333333
D2-K3par,0.1,46,5.0,0.9026217228464419,0.11333333333333333
D2-K3par,0.2,46,3.0,0.9137931034482759,0.22666666666666666
D2-K3par,0.2,46,4.0,0.9137931034482759,0.22666666666666666
D2-K3par,0.2,46,5.0,0.7370689655172413,0.12666666666666668
D3-unequal,0.1,46,3.0,0.9245283018867925,0.11666666666666667
D3-unequal,0.1,46,4.0,0.9320754716981132,0.11666666666666667
D3-unequal,0.1,46,5.0,0.9320754716981132,0.11666666666666667
D3-unequal,0.2,46,3.0,0.9201680672268907,0.21
D3-unequal,0.2,46,4.0,0.9201680672268907,0.21
D3-unequal,0.2,46,5.0,0.9201680672268907,0.21
D5-leverage,0.1,46,3.0,0.9053030303030303,0.12
D5-leverage,0.1,46,4.0,0.9053030303030303,0.12
D5-leverage,0.1,46,5.0,0.9053030303030303,0.12
D5-leverage,0.2,46,3.0,0.9578059071729957,0.21
D5-leverage,0.2,46,4.0,0.5316455696202531,0.11333333333333333
D5-leverage,0.2,46,5.0,0.5316455696202531,0.11333333333333333
D6-uniform,0.1,46,3.0,0.9056603773584906,0.12666666666666668
D6-uniform,0.1,46,4.0,0.9056603773584906,0.12666666666666668
D6-uniform,0.1,46,5.0,0.9056603773584906,0.12666666666666668
D6-uniform,0.2,46,3.0,0.9294605809128631,0.18
D6-uniform,0.2,46,4.0,0.9294605809128631,0.18
D6-uniform,0.2,46,5.0,0.9336099585062241,0.16666666666666666
D1-K2cross,0.1,47,3.0,0.9330855018587361,0.10666666666666667
D1-K2cross,0.1,47,4.0,0.9330855018587361,0.10666666666666667
D1-K2cross,0.1,47,5.0,0.9330855018587361,0.10666666666666667
D1-K2cross,0.2,47,3.0,0.9110169491525424,0.21333333333333335
D1-K2cross,0.2,47,4.0,0.9110169491525424,0.21333333333333335
D1-K2cross,0.2,47,5.0,0.9110169491525424,0.21333333333333335
D2-K3par,0.1,47,3.0,0.9388489208633094,0.07333333333333333
D2-K3par,0.1,47,4.0,0.9388489208633094,0.07333333333333333
D2-K3par,0.1,47,5.0,0.9388489208633094,0.07333333333333333
D2-K3par,0.2,47,3.0,0.921875,0.14666666666666667
D2-K3par,0.2,47,4.0,0.921875,0.14666666666666667
D2-K3par,0.2,47,5.0,0.921875,0.14666666666666667
D3-unequal,0.1,47,3.0,0.9110320284697508,0.07666666666666666
D3-unequal,0.1,47,4.0,0.9110320284697508,0.07666666666666666
D3-unequal,0.1,47,5.0,0.9110320284697508,0.07666666666666666
D3-unequal,0.2,47,3.0,0.9066666666666666,0.25
D3-unequal,0.2,47,4.0,0.9066666666666666,0.25
D3-unequal,0.2,47,5.0,0.9066666666666666,0.25
D5-leverage,0.1,47,3.0,0.9198473282442748,0.13333333333333333
D5-leverage,0.1,47,4.0,0.9198473282442748,0.13333333333333333
D5-leverage,0.1,47,5.0,0.9198473282442748,0.13333333333333333
D5-leverage,0.2,47,3.0,0.8991596638655462,0.21
D5-leverage,0.2,47,4.0,0.5504201680672269,0.14333333333333334
D5-leverage,0.2,47,5.0,0.5504201680672269,0.14333333333333334
D6-uniform,0.1,47,3.0,0.8867924528301887,0.11666666666666667
D6-uniform,0.1,47,4.0,0.8830188679245283,0.11666666666666667
D6-uniform,0.1,47,5.0,0.8867924528301887,0.11666666666666667
D6-uniform,0.2,47,3.0,0.9090909090909091,0.16
D6-uniform,0.2,47,4.0,0.9090909090909091,0.16
D6-uniform,0.2,47,5.0,0.9090909090909091,0.16
D1-K2cross,0.1,48,3.0,0.899641577060932,0.07
D1-K2cross,0.1,48,4.0,0.899641577060932,0.07
D1-K2cross,0.1,48,5.0,0.899641577060932,0.07
D1-K2cross,0.2,48,3.0,0.9218106995884774,0.19
D1-K2cross,0.2,48,4.0,0.9218106995884774,0.19
D1-K2cross,0.2,48,5.0,0.9218106995884774,0.19
D2-K3par,0.1,48,3.0,0.9272727272727272,0.08333333333333333
D2-K3par,0.1,48,4.0,0.9272727272727272,0.08333333333333333
D2-K3par,0.1,48,5.0,0.9272727272727272,0.08333333333333333
D2-K3par,0.2,48,3.0,0.9094650205761317,0.19
D2-K3par,0.2,48,4.0,0.9094650205761317,0.19
D2-K3par,0.2,48,5.0,0.9094650205761317,0.19
D3-unequal,0.1,48,3.0,0.8856088560885609,0.10333333333333333
D3-unequal,0.1,48,4.0,0.8856088560885609,0.10333333333333333
D3-unequal,0.1,48,5.0,0.8856088560885609,0.10333333333333333
D3-unequal,0.2,48,3.0,0.9063829787234042,0.21666666666666667
D3-unequal,0.2,48,4.0,0.9063829787234042,0.21666666666666667
D3-unequal,0.2,48,5.0,0.9063829787234042,0.21666666666666667
D5-leverage,0.1,48,3.0,0.9312977099236641,0.12666666666666668
D5-leverage,0.1,48,4.0,0.9312977099236641,0.12666666666666668
D5-leverage,0.1,48,5.0,0.9312977099236641,0.12666666666666668
D5-leverage,0.2,48,3.0,0.916,0.17666666666666667
D5-leverage,0.2,48,4.0,0.916,0.17666666666666667
D5-leverage,0.2,48,5.0,0.916,0.17333333333333334
D6-uniform,0.1,48,3.0,0.9040590405904059,0.11
D6-uniform,0.1,48,4.0,0.9040590405904059,0.11
D6-uniform,0.1,48,5.0,0.9040590405904059,0.11
D6-uniform,0.2,48,3.0,0.9392712550607287,0.18
D6-uniform,0.2,48,4.0,0.9392712550607287,0.18
D6-uniform,0.2,48,5.0,0.9392712550607287,0.18
D1-K2cross,0.1,49,3.0,0.9197080291970803,0.09666666666666666
D1-K2cross,0.1,49,4.0,0.9197080291970803,0.09666666666666666
D1-K2cross,0.1,49,5.0,0.9197080291970803,0.09666666666666666
D1-K2cross,0.2,49,3.0,0.8669527896995708,0.23666666666666666
D1-K2cross,0.2,49,4.0,0.8669527896995708,0.23666666666666666
D1-K2cross,0.2,49,5.0,0.8669527896995708,0.23666666666666666
D2-K3par,0.1,49,3.0,0.9015151515151515,0.12
D2-K3par,0.1,49,4.0,0.9015151515151515,0.12
D2-K3par,0.1,49,5.0,0.9015151515151515,0.12
D2-K3par,0.2,49,3.0,0.9392712550607287,0.17666666666666667
D2-K3par,0.2,49,4.0,0.9392712550607287,0.17666666666666667
D2-K3par,0.2,49,5.0,0.9392712550607287,0.17666666666666667
D3-unequal,0.1,49,3.0,0.898876404494382,0.11
D3-unequal,0.1,49,4.0,0.8838951310861424,0.11
D3-unequal,0.1,49,5.0,0.8838951310861424,0.11
D3-unequal,0.2,49,3.0,0.9121338912133892,0.20666666666666667
D3-unequal,0.2,49,4.0,0.9121338912133892,0.20666666666666667
D3-unequal,0.2,49,5.0,0.9121338912133892,0.20666666666666667
D5-leverage,0.1,49,3.0,0.8843283582089553,0.11333333333333333
D5-leverage,0.1,49,4.0,0.8843283582089553,0.11333333333333333
D5-leverage,0.1,49,5.0,0.8843283582089553,0.11333333333333333
D5-leverage,0.2,49,3.0,0.8866396761133604,0.18333333333333332
D5-leverage,0.2,49,4.0,0.8866396761133604,0.18333333333333332
D5-leverage,0.2,49,5.0,0.8866396761133604,0.18333333333333332
D6-uniform,0.1,49,3.0,0.9053030303030303,0.13333333333333333
D6-uniform,0.1,49,4.0,0.9053030303030303,0.13333333333333333
D6-uniform,0.1,49,5.0,0.9053030303030303,0.13333333333333333
D6-uniform,0.2,49,3.0,0.9,0.20666666666666667
D6-uniform,0.2,49,4.0,0.9,0.20666666666666667
D6-uniform,0.2,49,5.0,0.9,0.20666666666666667
