design,eps,rep,clean_flagged,recall,precision
D1-K2cross,0.0,0,0.016666666666666666,,0.0
D1-K2cross,0.05,0,0.007142857142857143,1.0,0.9090909090909091
D1-K2cross,0.1,0,0.0036900369003690036,1.0,0.9666666666666667
D1-K2cross,0.2,0,0.0,1.0,1.0
D1-K2cross,0.3,0,0.0,1.0,1.0
D2-K3par,0.0,0,0.016666666666666666,,0.0
D2-K3par,0.05,0,0.0,1.0,1.0
D2-K3par,0.1,0,0.0,1.0,1.0
D2-K3par,0.2,0,0.0,1.0,1.0
D2-K3par,0.3,0,0.0,1.0,1.0
D3-unequal,0.0,0,0.01,,0.0
D3-unequal,0.05,0,0.010676156583629894,1.0,0.8636363636363636
D3-unequal,0.1,0,0.014234875444839857,1.0,0.8260869565217391
D3-unequal,0.2,0,0.0040650406504065045,1.0,0.9818181818181818
D3-unequal,0.3,0,0.004739336492890996,1.0,0.9888888888888889
D4-hetero,0.0,0,0.04666666666666667,,0.0
D4-hetero,0.05,0,0.021052631578947368,1.0,0.7142857142857143
D4-hetero,0.1,0,0.03308823529411765,1.0,0.7567567567567568
D4-hetero,0.2,0,0.012048192771084338,1.0,0.9444444444444444
D4-hetero,0.3,0,0.022935779816513763,1.0,0.9425287356321839
D5-leverage,0.0,0,0.03333333333333333,,0.0
D5-leverage,0.05,0,0.0176678445229682,1.0,0.7727272727272727
D5-leverage,0.1,0,0.014814814814814815,1.0,0.8823529411764706
D5-leverage,0.2,0,0.004310344827586207,1.0,0.9855072463768116
D5-leverage,0.3,0,0.009433962264150943,0.125,0.8461538461538461
D6-uniform,0.0,0,0.0,,
D6-uniform,0.05,0,0.0035087719298245615,1.0,0.9375
D6-uniform,0.1,0,0.0037174721189591076,1.0,0.96875
D6-uniform,0.2,0,0.004081632653061225,1.0,0.9821428571428571
D6-uniform,0.3,0,0.0,0.0,
D7-p3,0.0,0,0.013333333333333334,,0.0
D7-p3,0.05,0,0.04929577464788732,1.0,0.5333333333333333
D7-p3,0.1,0,0.003745318352059925,1.0,0.9705882352941176
D7-p3,0.2,0,0.00816326530612245,1.0,0.9649122807017544
D7-p3,0.3,0,0.024154589371980676,1.0,0.9489795918367347
D8-K2par-sep,0.0,0,0.0033333333333333335,,0.0
D8-K2par-sep,0.05,0,0.017421602787456445,1.0,0.7222222222222222
D8-K2par-sep,0.1,0,0.0037313432835820895,1.0,0.9696969696969697
D8-K2par-sep,0.2,0,0.0,1.0,1.0
D8-K2par-sep,0.3,0,0.0,1.0,1.0
D1-K2cross,0.0,1,0.03,,0.0
D1-K2cross,0.05,1,0.0035087719298245615,1.0,0.9375
D1-K2cross,0.1,1,0.011406844106463879,1.0,0.925
D1-K2cross,0.2,1,0.0,1.0,1.0
D1-K2cross,0.3,1,0.0,1.0,1.0
D2-K3par,0.0,1,0.0033333333333333335,,0.0
D2-K3par,0.05,1,0.0,1.0,1.0
D2-K3par,0.1,1,0.0,0.6363636363636364,1.0
D2-K3par,0.2,1,0.0,1.0,1.0
D2-K3par,0.3,1,0.0,0.0,
D3-unequal,0.0,1,0.006666666666666667,,0.0
D3-unequal,0.05,1,0.007017543859649123,1.0,0.8823529411764706
D3-unequal,0.1,1,0.007380073800738007,1.0,0.9354838709677419
D3-unequal,0.2,1,0.0,1.0,1.0
D3-unequal,0.3,1,0.0,1.0,1.0
D4-hetero,0.0,1,0.04,,0.0
D4-hetero,0.05,1,0.04878048780487805,1.0,0.48148148148148145
D4-hetero,0.1,1,0.027131782945736434,1.0,0.8571428571428571
D4-hetero,0.2,1,0.017094017094017096,1.0,0.9428571428571428
D4-hetero,0.3,1,0.004464285714285714,1.0,0.987012987012987
D5-leverage,0.0,1,0.02,,0.0
D5-leverage,0.05,1,0.014285714285714285,1.0,0.8333333333333334
D5-leverage,0.1,1,0.01818181818181818,1.0,0.8333333333333334
D5-leverage,0.2,1,0.0,1.0,1.0
D5-leverage,0.3,1,0.00966183574879227,0.0,0.0
D6-uniform,0.0,1,0.006666666666666667,,0.0
D6-uniform,0.05,1,0.0071174377224199285,1.0,0.9047619047619048
D6-uniform,0.1,1,0.007547169811320755,1.0,0.9459459459459459
D6-uniform,0.2,1,0.003937007874015748,0.9782608695652174,0.9782608695652174
D6-uniform,0.3,1,0.0,0.7294117647058823,1.0
D7-p3,0.0,1,0.05,,0.0
D7-p3,0.05,1,0.03202846975088968,1.0,0.6785714285714286
D7-p3,0.1,1,0.011194029850746268,1.0,0.9142857142857143
D7-p3,0.2,1,0.0040650406504065045,1.0,0.9818181818181818
D7-p3,0.3,1,0.02912621359223301,1.0,0.94
D8-K2par-sep,0.0,1,0.013333333333333334,,0.0
D8-K2par-sep,0.05,1,0.01773049645390071,1.0,0.782608695652174
D8-K2par-sep,0.1,1,0.003787878787878788,1.0,0.972972972972973
D8-K2par-sep,0.2,1,0.0,1.0,1.0
D8-K2par-sep,0.3,1,0.0,1.0,1.0
D1-K2cross,0.0,2,0.01,,0.0
D1-K2cross,0.05,2,0.010416666666666666,1.0,0.8
D1-K2cross,0.1,2,0.007326007326007326,1.0,0.9310344827586207
D1-K2cross,0.2,2,0.0,1.0,1.0
D1-K2cross,0.3,2,0.0,1.0,1.0
D2-K3par,0.0,2,0.0,,
D2-K3par,0.05,2,0.0071174377224199285,1.0,0.9047619047619048
D2-K3par,0.1,2,0.003703703703703704,1.0,0.967741935483871
D2-K3par,0.2,2,0.0,1.0,1.0
D2-K3par,0.3,2,0.0,0.4942528735632184,1.0
D3-unequal,0.0,2,0.013333333333333334,,0.0
D3-unequal,0.05,2,0.0035087719298245615,1.0,0.9375
D3-unequal,0.1,2,0.007246376811594203,1.0,0.9230769230769231
D3-unequal,0.2,2,0.0125,1.0,0.9523809523809523
D3-unequal,0.3,2,0.0845771144278607,0.9595959595959596,0.8482142857142857
D4-hetero,0.0,2,0.016666666666666666,,0.0
D4-hetero,0.05,2,0.014388489208633094,1.0,0.8461538461538461
D4-hetero,0.1,2,0.0,1.0,1.0
D4-hetero,0.2,2,0.004347826086956522,1.0,0.9859154929577465
D4-hetero,0.3,2,0.004830917874396135,1.0,0.9893617021276596
D5-leverage,0.0,2,0.02,,0.0
D5-leverage,0.05,2,0.007142857142857143,1.0,0.9090909090909091
D5-leverage,0.1,2,0.0,1.0,1.0
D5-leverage,0.2,2,0.0,1.0,1.0
D5-leverage,0.3,2,0.004524886877828055,0.379746835443038,0.967741935483871
D6-uniform,0.0,2,0.01,,0.0
D6-uniform,0.05,2,0.017857142857142856,1.0,0.8
D6-uniform,0.1,2,0.0,1.0,1.0
D6-uniform,0.2,2,0.0,0.8846153846153846,1.0
D6-uniform,0.3,2,0.0,0.0,
D7-p3,0.0,2,0.04666666666666667,,0.0
D7-p3,0.05,2,0.027874564459930314,1.0,0.6190476190476191
D7-p3,0.1,2,0.01107011070110701,1.0,0.90625
D7-p3,0.2,2,0.004273504273504274,1.0,0.9850746268656716
D7-p3,0.3,2,0.0,1.0,1.0
D8-K2par-sep,0.0,2,0.013333333333333334,,0.0
D8-K2par-sep,0.05,2,0.014035087719298246,1.0,0.7894736842105263
D8-K2par-sep,0.1,2,0.007407407407407408,1.0,0.9375
D8-K2par-sep,0.2,2,0.0,1.0,1.0
D8-K2par-sep,0.3,2,0.0,1.0,1.0
D1-K2cross,0.0,3,0.03,,0.0
D1-K2cross,0.05,3,0.0035460992907801418,1.0,0.9473684210526315
D1-K2cross,0.1,3,0.007518796992481203,1.0,0.9444444444444444
D1-K2cross,0.2,3,0.004149377593360996,1.0,0.9833333333333333
D1-K2cross,0.3,3,0.0,1.0,1.0
D2-K3par,0.0,3,0.0,,
D2-K3par,0.05,3,0.0034602076124567475,1.0,0.9166666666666666
D2-K3par,0.1,3,0.0,1.0,1.0
D2-K3par,0.2,3,0.0,1.0,1.0
D2-K3par,0.3,3,0.0,0.5212765957446809,1.0
D3-unequal,0.0,3,0.013333333333333334,,0.0
D3-unequal,0.05,3,0.003484320557491289,1.0,0.9285714285714286
D3-unequal,0.1,3,0.014652014652014652,1.0,0.8709677419354839
D3-unequal,0.2,3,0.008298755186721992,1.0,0.9672131147540983
D3-unequal,0.3,3,0.0,1.0,1.0
D4-hetero,0.0,3,0.016666666666666666,,0.0
D4-hetero,0.05,3,0.03859649122807018,1.0,0.5769230769230769
D4-hetero,0.1,3,0.022388059701492536,1.0,0.8421052631578947
D4-hetero,0.2,3,0.004081632653061225,1.0,0.9821428571428571
D4-hetero,0.3,3,0.004807692307692308,1.0,0.989247311827957
D5-leverage,0.0,3,0.023333333333333334,,0.0
D5-leverage,0.05,3,0.030927835051546393,1.0,0.5
D5-leverage,0.1,3,0.007142857142857143,1.0,0.9090909090909091
D5-leverage,0.2,3,0.008097165991902834,1.0,0.9636363636363636
D5-leverage,0.3,3,0.009345794392523364,0.3372093023255814,0.9354838709677419
D6-uniform,0.0,3,0.01,,0.0
D6-uniform,0.05,3,0.017985611510791366,1.0,0.8148148148148148
D6-uniform,0.1,3,0.003676470588235294,1.0,0.9655172413793104
D6-uniform,0.2,3,0.0,0.8620689655172413,1.0
D6-uniform,0.3,3,0.0,0.0,
D7-p3,0.0,3,0.07666666666666666,,0.0
D7-p3,0.05,3,0.007168458781362007,1.0,0.9130434782608695
D7-p3,0.1,3,0.007462686567164179,1.0,0.9411764705882353
D7-p3,0.2,3,0.0,1.0,1.0
D7-p3,0.3,3,0.014150943396226415,1.0,0.967032967032967
D8-K2par-sep,0.0,3,0.013333333333333334,,0.0
D8-K2par-sep,0.05,3,0.0,1.0,1.0
D8-K2par-sep,0.1,3,0.0,1.0,1.0
D8-K2par-sep,0.2,3,0.00823045267489712,1.0,0.9661016949152542
D8-K2par-sep,0.3,3,0.008928571428571428,1.0,0.9743589743589743
D1-K2cross,0.0,4,0.013333333333333334,,0.0
D1-K2cross,0.05,4,0.0035587188612099642,1.0,0.95
D1-K2cross,0.1,4,0.01107011070110701,1.0,0.90625
D1-K2cross,0.2,4,0.0,1.0,1.0
D1-K2cross,0.3,4,0.0,1.0,1.0
D2-K3par,0.0,4,0.006666666666666667,,0.0
D2-K3par,0.05,4,0.0,1.0,1.0
D2-K3par,0.1,4,0.0,1.0,1.0
D2-K3par,0.2,4,0.0,1.0,1.0
D2-K3par,0.3,4,0.0,1.0,1.0
D3-unequal,0.0,4,0.03333333333333333,,0.0
D3-unequal,0.05,4,0.024822695035460994,1.0,0.72
D3-unequal,0.1,4,0.0076045627376425855,1.0,0.9487179487179487
D3-unequal,0.2,4,0.004048582995951417,1.0,0.9814814814814815
D3-unequal,0.3,4,0.0,1.0,1.0
D4-hetero,0.0,4,0.03333333333333333,,0.0
D4-hetero,0.05,4,0.03214285714285714,1.0,0.6896551724137931
D4-hetero,0.1,4,0.0072992700729927005,1.0,0.9285714285714286
D4-hetero,0.2,4,0.01195219123505976,1.0,0.9423076923076923
D4-hetero,0.3,4,0.009523809523809525,1.0,0.9782608695652174
D5-leverage,0.0,4,0.01,,0.0
D5-leverage,0.05,4,0.02413793103448276,1.0,0.5882352941176471
D5-leverage,0.1,4,0.0076045627376425855,1.0,0.9487179487179487
D5-leverage,0.2,4,0.0,1.0,1.0
D5-leverage,0.3,4,0.004807692307692308,0.29347826086956524,0.9642857142857143
D6-uniform,0.0,4,0.0033333333333333335,,0.0
D6-uniform,0.05,4,0.020833333333333332,1.0,0.6666666666666666
D6-uniform,0.1,4,0.007547169811320755,0.9714285714285714,0.9444444444444444
D6-uniform,0.2,4,0.0,0.6857142857142857,1.0
D6-uniform,0.3,4,0.0,0.7,1.0
D7-p3,0.0,4,0.016666666666666666,,0.0
D7-p3,0.05,4,0.017421602787456445,1.0,0.7222222222222222
D7-p3,0.1,4,0.007462686567164179,1.0,0.9411764705882353
D7-p3,0.2,4,0.0,1.0,1.0
D7-p3,0.3,4,0.0,1.0,1.0
D8-K2par-sep,0.0,4,0.016666666666666666,,0.0
D8-K2par-sep,0.05,4,0.014134275618374558,1.0,0.8095238095238095
D8-K2par-sep,0.1,4,0.003745318352059925,1.0,0.9705882352941176
D8-K2par-sep,0.2,4,0.0,1.0,1.0
D8-K2par-sep,0.3,4,0.0,1.0,1.0
D1-K2cross,0.0,5,0.043333333333333335,,0.0
D1-K2cross,0.05,5,0.0035842293906810036,1.0,0.9545454545454546
D1-K2cross,0.1,5,0.01090909090909091,1.0,0.8928571428571429
D1-K2cross,0.2,5,0.008264462809917356,1.0,0.9666666666666667
D1-K2cross,0.3,5,0.0,1.0,1.0
D2-K3par,0.0,5,0.006666666666666667,,0.0
D2-K3par,0.05,5,0.0034602076124567475,1.0,0.9166666666666666
D2-K3par,0.1,5,0.0,1.0,1.0
D2-K3par,0.2,5,0.008583690987124463,1.0,0.9710144927536232
D2-K3par,0.3,5,0.0,1.0,1.0
D3-unequal,0.0,5,0.013333333333333334,,0.0
D3-unequal,0.05,5,0.010714285714285714,1.0,0.8695652173913043
D3-unequal,0.1,5,0.003703703703703704,1.0,0.967741935483871
D3-unequal,0.2,5,0.004032258064516129,1.0,0.9811320754716981
D3-unequal,0.3,5,0.0,1.0,1.0
D4-hetero,0.0,5,0.03333333333333333,,0.0
D4-hetero,0.05,5,0.017921146953405017,1.0,0.8076923076923077
D4-hetero,0.1,5,0.02564102564102564,1.0,0.7941176470588235
D4-hetero,0.2,5,0.027777777777777776,1.0,0.8727272727272727
D4-hetero,0.3,5,0.005208333333333333,1.0,0.9908256880733946
D5-leverage,0.0,5,0.016666666666666666,,0.0
D5-leverage,0.05,5,0.0070921985815602835,1.0,0.9
D5-leverage,0.1,5,0.003703703703703704,1.0,0.967741935483871
D5-leverage,0.2,5,0.0,1.0,1.0
D5-leverage,0.3,5,0.03940886699507389,0.29896907216494845,0.7837837837837838
D6-uniform,0.0,5,0.01,,0.0
D6-uniform,0.05,5,0.006944444444444444,1.0,0.8571428571428571
D6-uniform,0.1,5,0.007407407407407408,1.0,0.9375
D6-uniform,0.2,5,0.004048582995951417,0.9433962264150944,0.9803921568627451
D6-uniform,0.3,5,0.0,0.0,
D7-p3,0.0,5,0.023333333333333334,,0.0
D7-p3,0.05,5,0.042105263157894736,1.0,0.5555555555555556
D7-p3,0.1,5,0.018656716417910446,1.0,0.8648648648648649
D7-p3,0.2,5,0.02066115702479339,1.0,0.9206349206349206
D7-p3,0.3,5,0.0,1.0,1.0
D8-K2par-sep,0.0,5,0.02,,0.0
D8-K2par-sep,0.05,5,0.0035087719298245615,1.0,0.9375
D8-K2par-sep,0.1,5,0.0036900369003690036,1.0,0.9666666666666667
D8-K2par-sep,0.2,5,0.0,1.0,1.0
D8-K2par-sep,0.3,5,0.0,1.0,1.0
D1-K2cross,0.0,6,0.01,,0.0
D1-K2cross,0.05,6,0.014184397163120567,1.0,0.8181818181818182
D1-K2cross,0.1,6,0.0,1.0,1.0
D1-K2cross,0.2,6,0.0,1.0,1.0
D1-K2cross,0.3,6,0.0,1.0,1.0
D2-K3par,0.0,6,0.013333333333333334,,0.0
D2-K3par,0.05,6,0.0,1.0,1.0
D2-K3par,0.1,6,0.0036363636363636364,1.0,0.9615384615384616
D2-K3par,0.2,6,0.0,1.0,1.0
D2-K3par,0.3,6,0.0,0.5145631067961165,1.0
D3-unequal,0.0,6,0.02,,0.0
D3-unequal,0.05,6,0.0035842293906810036,1.0,0.9545454545454546
D3-unequal,0.1,6,0.018518518518518517,1.0,0.8571428571428571
D3-unequal,0.2,6,0.0,1.0,1.0
D3-unequal,0.3,6,0.0,0.3853211009174312,1.0
D4-hetero,0.0,6,0.03333333333333333,,0.0
D4-hetero,0.05,6,0.014134275618374558,1.0,0.8095238095238095
D4-hetero,0.1,6,0.01098901098901099,1.0,0.9
D4-hetero,0.2,6,0.008130081300813009,1.0,0.9642857142857143
D4-hetero,0.3,6,0.0,1.0,1.0
D5-leverage,0.0,6,0.02666666666666667,,0.0
D5-leverage,0.05,6,0.006896551724137931,1.0,0.8333333333333334
D5-leverage,0.1,6,0.0149812734082397,1.0,0.8918918918918919
D5-leverage,0.2,6,0.0,1.0,1.0
D5-leverage,0.3,6,0.014423076923076924,0.0,0.0
D6-uniform,0.0,6,0.016666666666666666,,0.0
D6-uniform,0.05,6,0.007220216606498195,1.0,0.92
D6-uniform,0.1,6,0.0036496350364963502,0.9615384615384616,0.9615384615384616
D6-uniform,0.2,6,0.0,0.9538461538461539,1.0
D6-uniform,0.3,6,0.0,0.0,
D7-p3,0.0,6,0.03666666666666667,,0.0
D7-p3,0.05,6,0.014035087719298246,1.0,0.7894736842105263
D7-p3,0.1,6,0.003676470588235294,1.0,0.9655172413793104
D7-p3,0.2,6,0.012,1.0,0.9433962264150944
D7-p3,0.3,6,0.0,1.0,1.0
D8-K2par-sep,0.0,6,0.02,,0.0
D8-K2par-sep,0.05,6,0.0035335689045936395,1.0,0.9444444444444444
D8-K2par-sep,0.1,6,0.0036231884057971015,1.0,0.96
D8-K2par-sep,0.2,6,0.0,1.0,1.0
D8-K2par-sep,0.3,6,0.0,1.0,1.0
D1-K2cross,0.0,7,0.023333333333333334,,0.0
D1-K2cross,0.05,7,0.010526315789473684,1.0,0.8333333333333334
D1-K2cross,0.1,7,0.0,1.0,1.0
D1-K2cross,0.2,7,0.0,1.0,1.0
D1-K2cross,0.3,7,0.0,1.0,1.0
D2-K3par,0.0,7,0.0,,
D2-K3par,0.05,7,0.0,1.0,1.0
D2-K3par,0.1,7,0.0,1.0,1.0
D2-K3par,0.2,7,0.012145748987854251,1.0,0.9464285714285714
D2-K3par,0.3,7,0.009478672985781991,0.5056179775280899,0.9574468085106383
D3-unequal,0.0,7,0.013333333333333334,,0.0
D3-unequal,0.05,7,0.006993006993006993,1.0,0.875
D3-unequal,0.1,7,0.01090909090909091,1.0,0.8928571428571429
D3-unequal,0.2,7,0.008264462809917356,1.0,0.9666666666666667
D3-unequal,0.3,7,0.009216589861751152,1.0,0.9764705882352941
D4-hetero,0.0,7,0.03333333333333333,,0.0
D4-hetero,0.05,7,0.0070921985815602835,1.0,0.9
D4-hetero,0.1,7,0.022222222222222223,1.0,0.8333333333333334
D4-hetero,0.2,7,0.028688524590163935,1.0,0.8888888888888888
D4-hetero,0.3,7,0.00909090909090909,1.0,0.975609756097561
D5-leverage,0.0,7,0.02666666666666667,,0.0
D5-leverage,0.05,7,0.02413793103448276,1.0,0.5882352941176471
D5-leverage,0.1,7,0.003676470588235294,1.0,0.9655172413793104
D5-leverage,0.2,7,0.0,1.0,1.0
D5-leverage,0.3,7,0.00975609756097561,0.23157894736842105,0.9166666666666666
D6-uniform,0.0,7,0.0,,
D6-uniform,0.05,7,0.017857142857142856,1.0,0.8
D6-uniform,0.1,7,0.007407407407407408,1.0,0.9375
D6-uniform,0.2,7,0.0041841004184100415,1.0,0.9838709677419355
D6-uniform,0.3,7,0.0,0.37755102040816324,1.0
D7-p3,0.0,7,0.02,,0.0
D7-p3,0.05,7,0.014388489208633094,1.0,0.8461538461538461
D7-p3,0.1,7,0.0,1.0,1.0
D7-p3,0.2,7,0.0043859649122807015,1.0,0.9863013698630136
D7-p3,0.3,7,0.032407407407407406,1.0,0.9230769230769231
D8-K2par-sep,0.0,7,0.013333333333333334,,0.0
D8-K2par-sep,0.05,7,0.017361111111111112,1.0,0.7058823529411765
D8-K2par-sep,0.1,7,0.018050541516245487,1.0,0.8214285714285714
D8-K2par-sep,0.2,7,0.0,1.0,1.0
D8-K2par-sep,0.3,7,0.0,1.0,1.0
D1-K2cross,0.0,8,0.016666666666666666,,0.0
D1-K2cross,0.05,8,0.03169014084507042,1.0,0.64
D1-K2cross,0.1,8,0.007326007326007326,1.0,0.9310344827586207
D1-K2cross,0.2,8,0.004219409282700422,1.0,0.984375
D1-K2cross,0.3,8,0.0,1.0,1.0
D2-K3par,0.0,8,0.01,,0.0
D2-K3par,0.05,8,0.007017543859649123,1.0,0.8823529411764706
D2-K3par,0.1,8,0.014285714285714285,1.0,0.8333333333333334
D2-K3par,0.2,8,0.0,1.0,1.0
D2-K3par,0.3,8,0.0,1.0,1.0
D3-unequal,0.0,8,0.013333333333333334,,0.0
D3-unequal,0.05,8,0.021052631578947368,1.0,0.7142857142857143
D3-unequal,0.1,8,0.003745318352059925,1.0,0.9705882352941176
D3-unequal,0.2,8,0.016736401673640166,1.0,0.9384615384615385
D3-unequal,0.3,8,0.0,1.0,1.0
D4-hetero,0.0,8,0.023333333333333334,,0.0
D4-hetero,0.05,8,0.03484320557491289,1.0,0.5652173913043478
D4-hetero,0.1,8,0.014705882352941176,1.0,0.875
D4-hetero,0.2,8,0.012448132780082987,1.0,0.9516129032258065
D4-hetero,0.3,8,0.0,1.0,1.0
D5-leverage,0.0,8,0.03666666666666667,,0.0
D5-leverage,0.05,8,0.003472222222222222,1.0,0.9230769230769231
D5-leverage,0.1,8,0.0037313432835820895,1.0,0.9696969696969697
D5-leverage,0.2,8,0.01293103448275862,0.75,0.9444444444444444
D5-leverage,0.3,8,0.018518518518518517,0.39285714285714285,0.8918918918918919
D6-uniform,0.0,8,0.02666666666666667,,0.0
D6-uniform,0.05,8,0.017605633802816902,1.0,0.7619047619047619
D6-uniform,0.1,8,0.011029411764705883,1.0,0.9032258064516129
D6-uniform,0.2,8,0.008097165991902834,1.0,0.9636363636363636
D6-uniform,0.3,8,0.0,0.5434782608695652,1.0
D7-p3,0.0,8,0.0033333333333333335,,0.0
D7-p3,0.05,8,0.020905923344947737,1.0,0.6842105263157895
D7-p3,0.1,8,0.010948905109489052,1.0,0.896551724137931
D7-p3,0.2,8,0.01680672268907563,1.0,0.9393939393939394
D7-p3,0.3,8,0.0,1.0,1.0
D8-K2par-sep,0.0,8,0.0033333333333333335,,0.0
D8-K2par-sep,0.05,8,0.02491103202846975,1.0,0.7307692307692307
D8-K2par-sep,0.1,8,0.007326007326007326,1.0,0.9310344827586207
D8-K2par-sep,0.2,8,0.0,1.0,1.0
D8-K2par-sep,0.3,8,0.0,1.0,1.0
D1-K2cross,0.0,9,0.03,,0.0
D1-K2cross,0.05,9,0.014035087719298246,1.0,0.7894736842105263
D1-K2cross,0.1,9,0.0038314176245210726,1.0,0.975
D1-K2cross,0.2,9,0.0,1.0,1.0
D1-K2cross,0.3,9,0.0,1.0,1.0
D2-K3par,0.0,9,0.006666666666666667,,0.0
D2-K3par,0.05,9,0.006896551724137931,1.0,0.8333333333333334
D2-K3par,0.1,9,0.0037174721189591076,1.0,0.96875
D2-K3par,0.2,9,0.0,1.0,1.0
D2-K3par,0.3,9,0.0,0.39,1.0
D3-unequal,0.0,9,0.01,,0.0
D3-unequal,0.05,9,0.006920415224913495,1.0,0.8461538461538461
D3-unequal,0.1,9,0.0076045627376425855,1.0,0.9487179487179487
D3-unequal,0.2,9,0.0,1.0,1.0
D3-unequal,0.3,9,0.0,1.0,1.0
D4-hetero,0.0,9,0.03333333333333333,,0.0
D4-hetero,0.05,9,0.03180212014134275,1.0,0.6538461538461539
D4-hetero,0.1,9,0.022813688212927757,1.0,0.8604651162790697
D4-hetero,0.2,9,0.016877637130801686,1.0,0.9402985074626866
D4-hetero,0.3,9,0.014150943396226415,1.0,0.967032967032967
D5-leverage,0.0,9,0.016666666666666666,,0.0
D5-leverage,0.05,9,0.0,1.0,1.0
D5-leverage,0.1,9,0.007518796992481203,1.0,0.9444444444444444
D5-leverage,0.2,9,0.0,1.0,1.0
D5-leverage,0.3,9,0.029411764705882353,0.21875,0.7777777777777778
D6-uniform,0.0,9,0.016666666666666666,,0.0
D6-uniform,0.05,9,0.02464788732394366,1.0,0.6956521739130435
D6-uniform,0.1,9,0.0,1.0,1.0
D6-uniform,0.2,9,0.0,0.9830508474576272,1.0
D6-uniform,0.3,9,0.0,0.7954545454545454,1.0
D7-p3,0.0,9,0.02,,0.0
D7-p3,0.05,9,0.010638297872340425,1.0,0.8571428571428571
D7-p3,0.1,9,0.022222222222222223,1.0,0.8333333333333334
D7-p3,0.2,9,0.0,1.0,1.0
D7-p3,0.3,9,0.0,1.0,1.0
D8-K2par-sep,0.0,9,0.013333333333333334,,0.0
D8-K2par-sep,0.05,9,0.010526315789473684,1.0,0.8333333333333334
D8-K2par-sep,0.1,9,0.007407407407407408,1.0,0.9375
D8-K2par-sep,0.2,9,0.0,1.0,1.0
D8-K2par-sep,0.3,9,0.0,1.0,1.0
D1-K2cross,0.0,10,0.03,,0.0
D1-K2cross,0.05,10,0.0,1.0,1.0
D1-K2cross,0.1,10,0.007407407407407408,1.0,0.9375
D1-K2cross,0.2,10,0.004405286343612335,1.0,0.9864864864864865
D1-K2cross,0.3,10,0.0,1.0,1.0
D2-K3par,0.0,10,0.006666666666666667,,0.0
D2-K3par,0.05,10,0.0070921985815602835,1.0,0.9
D2-K3par,0.1,10,0.0,1.0,1.0
D2-K3par,0.2,10,0.0,1.0,1.0
D2-K3par,0.3,10,0.0,1.0,1.0
D3-unequal,0.0,10,0.02666666666666667,,0.0
D3-unequal,0.05,10,0.0071174377224199285,1.0,0.9047619047619048
D3-unequal,0.1,10,0.0,1.0,1.0
D3-unequal,0.2,10,0.004291845493562232,1.0,0.9852941176470589
D3-unequal,0.3,10,0.0,1.0,1.0
D4-hetero,0.0,10,0.03333333333333333,,0.0
D4-hetero,0.05,10,0.031578947368421054,1.0,0.625
D4-hetero,0.1,10,0.03260869565217391,1.0,0.7272727272727273
D4-hetero,0.2,10,0.012605042016806723,1.0,0.9538461538461539
D4-hetero,0.3,10,0.009259259259259259,1.0,0.9767441860465116
D5-leverage,0.0,10,0.02666666666666667,,0.0
D5-leverage,0.05,10,0.010416666666666666,1.0,0.8
D5-leverage,0.1,10,0.003745318352059925,1.0,0.9705882352941176
D5-leverage,0.2,10,0.004016064257028112,1.0,0.9807692307692307
D5-leverage,0.3,10,0.004484304932735426,0.15584415584415584,0.9230769230769231
D6-uniform,0.0,10,0.03333333333333333,,0.0
D6-uniform,0.05,10,0.03146853146853147,1.0,0.6086956521739131
D6-uniform,0.1,10,0.003703703703703704,0.9333333333333333,0.9655172413793104
D6-uniform,0.2,10,0.0,1.0,1.0
D6-uniform,0.3,10,0.0,0.8533333333333334,1.0
D7-p3,0.0,10,0.016666666666666666,,0.0
D7-p3,0.05,10,0.023728813559322035,1.0,0.4166666666666667
D7-p3,0.1,10,0.0,1.0,1.0
D7-p3,0.2,10,0.0,1.0,1.0
D7-p3,0.3,10,0.0,1.0,1.0
D8-K2par-sep,0.0,10,0.016666666666666666,,0.0
D8-K2par-sep,0.05,10,0.006872852233676976,1.0,0.8181818181818182
D8-K2par-sep,0.1,10,0.014652014652014652,1.0,0.8709677419354839
D8-K2par-sep,0.2,10,0.0,1.0,1.0
D8-K2par-sep,0.3,10,0.0,1.0,1.0
D1-K2cross,0.0,11,0.01,,0.0
D1-K2cross,0.05,11,0.013986013986013986,1.0,0.7777777777777778
D1-K2cross,0.1,11,0.003816793893129771,1.0,0.9743589743589743
D1-K2cross,0.2,11,0.004273504273504274,1.0,0.9850746268656716
D1-K2cross,0.3,11,0.0,1.0,1.0
D2-K3par,0.0,11,0.006666666666666667,,0.0
D2-K3par,0.05,11,0.0,1.0,1.0
D2-K3par,0.1,11,0.0,1.0,1.0
D2-K3par,0.2,11,0.0,1.0,1.0
D2-K3par,0.3,11,0.0,0.4725274725274725,1.0
D3-unequal,0.0,11,0.02666666666666667,,0.0
D3-unequal,0.05,11,0.006920415224913495,1.0,0.8461538461538461
D3-unequal,0.1,11,0.022222222222222223,1.0,0.8333333333333334
D3-unequal,0.2,11,0.004219409282700422,1.0,0.984375
D3-unequal,0.3,11,0.0,1.0,1.0
D4-hetero,0.0,11,0.03,,0.0
D4-hetero,0.05,11,0.014084507042253521,1.0,0.8
D4-hetero,0.1,11,0.007434944237918215,1.0,0.9393939393939394
D4-hetero,0.2,11,0.012048192771084338,1.0,0.9444444444444444
D4-hetero,0.3,11,0.009345794392523364,1.0,0.9772727272727273
D5-leverage,0.0,11,0.023333333333333334,,0.0
D5-leverage,0.05,11,0.020689655172413793,1.0,0.625
D5-leverage,0.1,11,0.00749063670411985,1.0,0.9428571428571428
D5-leverage,0.2,11,0.0,1.0,1.0
D5-leverage,0.3,11,0.00966183574879227,0.13978494623655913,0.8666666666666667
D6-uniform,0.0,11,0.02666666666666667,,0.0
D6-uniform,0.05,11,0.006968641114982578,1.0,0.8666666666666667
D6-uniform,0.1,11,0.007246376811594203,1.0,0.9230769230769231
D6-uniform,0.2,11,0.0,0.0,
D6-uniform,0.3,11,0.0,0.75,1.0
D7-p3,0.0,11,0.03666666666666667,,0.0
D7-p3,0.05,11,0.027303754266211604,1.0,0.4666666666666667
D7-p3,0.1,11,0.0037313432835820895,1.0,0.9696969696969697
D7-p3,0.2,11,0.012096774193548387,1.0,0.9454545454545454
D7-p3,0.3,11,0.0,1.0,1.0
D8-K2par-sep,0.0,11,0.016666666666666666,,0.0
D8-K2par-sep,0.05,11,0.01056338028169014,1.0,0.8421052631578947
D8-K2par-sep,0.1,11,0.0,1.0,1.0
D8-K2par-sep,0.2,11,0.0,1.0,1.0
D8-K2par-sep,0.3,11,0.0,1.0,1.0
D1-K2cross,0.0,12,0.016666666666666666,,0.0
D1-K2cross,0.05,12,0.02456140350877193,1.0,0.6818181818181818
D1-K2cross,0.1,12,0.00749063670411985,1.0,0.9428571428571428
D1-K2cross,0.2,12,0.0,1.0,1.0
D1-K2cross,0.3,12,0.0,1.0,1.0
D2-K3par,0.0,12,0.01,,0.0
D2-K3par,0.05,12,0.006896551724137931,1.0,0.8333333333333334
D2-K3par,0.1,12,0.0,1.0,1.0
D2-K3par,0.2,12,0.0,1.0,1.0
D2-K3par,0.3,12,0.0,1.0,1.0
D3-unequal,0.0,12,0.02666666666666667,,0.0
D3-unequal,0.05,12,0.006944444444444444,1.0,0.8571428571428571
D3-unequal,0.1,12,0.011029411764705883,1.0,0.9032258064516129
D3-unequal,0.2,12,0.0,1.0,1.0
D3-unequal,0.3,12,0.0,1.0,1.0
D4-hetero,0.0,12,0.03666666666666667,,0.0
D4-hetero,0.05,12,0.03546099290780142,1.0,0.6428571428571429
D4-hetero,0.1,12,0.01858736059479554,1.0,0.8611111111111112
D4-hetero,0.2,12,0.02127659574468085,1.0,0.9285714285714286
D4-hetero,0.3,12,0.00909090909090909,1.0,0.975609756097561
D5-leverage,0.0,12,0.02,,0.0
D5-leverage,0.05,12,0.03169014084507042,1.0,0.64
D5-leverage,0.1,12,0.0,1.0,1.0
D5-leverage,0.2,12,0.0,1.0,1.0
D5-leverage,0.3,12,0.02030456852791878,0.04854368932038835,0.5555555555555556
D6-uniform,0.0,12,0.016666666666666666,,0.0
D6-uniform,0.05,12,0.006896551724137931,1.0,0.8333333333333334
D6-uniform,0.1,12,0.0037174721189591076,0.967741935483871,0.967741935483871
D6-uniform,0.2,12,0.0,0.875,1.0
D6-uniform,0.3,12,0.0,0.8292682926829268,1.0
D7-p3,0.0,12,0.023333333333333334,,0.0
D7-p3,0.05,12,0.01060070671378092,1.0,0.85
D7-p3,0.1,12,0.003816793893129771,1.0,0.9743589743589743
D7-p3,0.2,12,0.0,1.0,1.0
D7-p3,0.3,12,0.004651162790697674,1.0,0.9883720930232558
D8-K2par-sep,0.0,12,0.0033333333333333335,,0.0
D8-K2par-sep,0.05,12,0.0,1.0,1.0
D8-K2par-sep,0.1,12,0.0,1.0,1.0
D8-K2par-sep,0.2,12,0.0,1.0,1.0
D8-K2par-sep,0.3,12,0.0,1.0,1.0
D1-K2cross,0.0,13,0.016666666666666666,,0.0
D1-K2cross,0.05,13,0.01384083044982699,1.0,0.7333333333333333
D1-K2cross,0.1,13,0.011494252873563218,1.0,0.9285714285714286
D1-K2cross,0.2,13,0.0,1.0,1.0
D1-K2cross,0.3,13,0.0,1.0,1.0
D2-K3par,0.0,13,0.01,,0.0
D2-K3par,0.05,13,0.003472222222222222,1.0,0.9230769230769231
D2-K3par,0.1,13,0.0,1.0,1.0
D2-K3par,0.2,13,0.0,1.0,1.0
D2-K3par,0.3,13,0.0,1.0,1.0
D3-unequal,0.0,13,0.03333333333333333,,0.0
D3-unequal,0.05,13,0.017793594306049824,1.0,0.7916666666666666
D3-unequal,0.1,13,0.007575757575757576,1.0,0.9473684210526315
D3-unequal,0.2,13,0.004201680672268907,1.0,0.9841269841269841
D3-unequal,0.3,13,0.0,1.0,1.0
D4-hetero,0.0,13,0.02,,0.0
D4-hetero,0.05,13,0.04482758620689655,1.0,0.43478260869565216
D4-hetero,0.1,13,0.02702702702702703,1.0,0.8541666666666666
D4-hetero,0.2,13,0.01606425702811245,1.0,0.9272727272727272
D4-hetero,0.3,13,0.004784688995215311,1.0,0.9891304347826086
D5-leverage,0.0,13,0.03,,0.0
D5-leverage,0.05,13,0.0070921985815602835,1.0,0.9
D5-leverage,0.1,13,0.0,1.0,1.0
D5-leverage,0.2,13,0.0,1.0,1.0
D5-leverage,0.3,13,0.02262443438914027,0.3924050632911392,0.8611111111111112
D6-uniform,0.0,13,0.013333333333333334,,0.0
D6-uniform,0.05,13,0.01056338028169014,1.0,0.8421052631578947
D6-uniform,0.1,13,0.0,1.0,1.0
D6-uniform,0.2,13,0.004048582995951417,1.0,0.9814814814814815
D6-uniform,0.3,13,0.0,0.0,
D7-p3,0.0,13,0.03,,0.0
D7-p3,0.05,13,0.017482517482517484,1.0,0.7368421052631579
D7-p3,0.1,13,0.01858736059479554,1.0,0.8611111111111112
D7-p3,0.2,13,0.034934497816593885,1.0,0.8987341772151899
D7-p3,0.3,13,0.014354066985645933,1.0,0.9680851063829787
D8-K2par-sep,0.0,13,0.01,,0.0
D8-K2par-sep,0.05,13,0.010344827586206896,1.0,0.7692307692307693
D8-K2par-sep,0.1,13,0.011111111111111112,1.0,0.9090909090909091
D8-K2par-sep,0.2,13,0.00425531914893617,1.0,0.9848484848484849
D8-K2par-sep,0.3,13,0.0,1.0,1.0
D1-K2cross,0.0,14,0.006666666666666667,,0.0
D1-K2cross,0.05,14,0.020618556701030927,1.0,0.6
D1-K2cross,0.1,14,0.02197802197802198,1.0,0.8181818181818182
D1-K2cross,0.2,14,0.00425531914893617,1.0,0.9848484848484849
D1-K2cross,0.3,14,0.0,1.0,1.0
D2-K3par,0.0,14,0.006666666666666667,,0.0
D2-K3par,0.05,14,0.0034965034965034965,1.0,0.9333333333333333
D2-K3par,0.1,14,0.0,1.0,1.0
D2-K3par,0.2,14,0.0,1.0,1.0
D2-K3par,0.3,14,0.0,1.0,1.0
D3-unequal,0.0,14,0.023333333333333334,,0.0
D3-unequal,0.05,14,0.014035087719298246,1.0,0.7894736842105263
D3-unequal,0.1,14,0.011235955056179775,1.0,0.9166666666666666
D3-unequal,0.2,14,0.0,1.0,1.0
D3-unequal,0.3,14,0.06467661691542288,0.5252525252525253,0.8
D4-hetero,0.0,14,0.023333333333333334,,0.0
D4-hetero,0.05,14,0.03806228373702422,1.0,0.5
D4-hetero,0.1,14,0.02247191011235955,1.0,0.8461538461538461
D4-hetero,0.2,14,0.00881057268722467,1.0,0.9733333333333334
D4-hetero,0.3,14,0.005376344086021506,1.0,0.991304347826087
D5-leverage,0.0,14,0.006666666666666667,,0.0
D5-leverage,0.05,14,0.014084507042253521,1.0,0.8
D5-leverage,0.1,14,0.011235955056179775,1.0,0.9166666666666666
D5-leverage,0.2,14,0.004291845493562232,1.0,0.9852941176470589
D5-leverage,0.3,14,0.019230769230769232,0.08695652173913043,0.6666666666666666
D6-uniform,0.0,14,0.016666666666666666,,0.0
D6-uniform,0.05,14,0.0034965034965034965,1.0,0.9333333333333333
D6-uniform,0.1,14,0.0,1.0,1.0
D6-uniform,0.2,14,0.0,0.9473684210526315,1.0
D6-uniform,0.3,14,0.0,0.0,
D7-p3,0.0,14,0.02666666666666667,,0.0
D7-p3,0.05,14,0.03460207612456748,1.0,0.5238095238095238
D7-p3,0.1,14,0.034482758620689655,1.0,0.8125
D7-p3,0.2,14,0.0041841004184100415,1.0,0.9838709677419355
D7-p3,0.3,14,0.0048543689320388345,1.0,0.9894736842105263
D8-K2par-sep,0.0,14,0.016666666666666666,,0.0
D8-K2par-sep,0.05,14,0.017064846416382253,1.0,0.5833333333333334
D8-K2par-sep,0.1,14,0.007434944237918215,1.0,0.9393939393939394
D8-K2par-sep,0.2,14,0.0,1.0,1.0
D8-K2par-sep,0.3,14,0.0,1.0,1.0
D1-K2cross,0.0,15,0.023333333333333334,,0.0
D1-K2cross,0.05,15,0.0,1.0,1.0
D1-K2cross,0.1,15,0.021660649819494584,1.0,0.7931034482758621
D1-K2cross,0.2,15,0.0,1.0,1.0
D1-K2cross,0.3,15,0.0,1.0,1.0
D2-K3par,0.0,15,0.013333333333333334,,0.0
D2-K3par,0.05,15,0.0,1.0,1.0
D2-K3par,0.1,15,0.0,1.0,1.0
D2-K3par,0.2,15,0.0,1.0,1.0
D2-K3par,0.3,15,0.0,1.0,1.0
D3-unequal,0.0,15,0.016666666666666666,,0.0
D3-unequal,0.05,15,0.006896551724137931,1.0,0.8333333333333334
D3-unequal,0.1,15,0.01107011070110701,1.0,0.90625
D3-unequal,0.2,15,0.008130081300813009,1.0,0.9642857142857143
D3-unequal,0.3,15,0.0,1.0,1.0
D4-hetero,0.0,15,0.06,,0.0
D4-hetero,0.05,15,0.024734982332155476,1.0,0.7083333333333334
D4-hetero,0.1,15,0.007380073800738007,1.0,0.9354838709677419
D4-hetero,0.2,15,0.007936507936507936,1.0,0.96
D4-hetero,0.3,15,0.009478672985781991,1.0,0.978021978021978
D5-leverage,0.0,15,0.02666666666666667,,0.0
D5-leverage,0.05,15,0.0034482758620689655,1.0,0.9090909090909091
D5-leverage,0.1,15,0.0,1.0,1.0
D5-leverage,0.2,15,0.02066115702479339,0.5344827586206896,0.8611111111111112
D5-leverage,0.3,15,0.018691588785046728,0.19767441860465115,0.8095238095238095
D6-uniform,0.0,15,0.01,,0.0
D6-uniform,0.05,15,0.010526315789473684,1.0,0.8333333333333334
D6-uniform,0.1,15,0.0,0.9666666666666667,1.0
D6-uniform,0.2,15,0.0,0.803030303030303,1.0
D6-uniform,0.3,15,0.0,0.025974025974025976,1.0
D7-p3,0.0,15,0.04,,0.0
D7-p3,0.05,15,0.02464788732394366,1.0,0.6956521739130435
D7-p3,0.1,15,0.010830324909747292,1.0,0.8846153846153846
D7-p3,0.2,15,0.0,1.0,1.0
D7-p3,0.3,15,0.004651162790697674,1.0,0.9883720930232558
D8-K2par-sep,0.0,15,0.02,,0.0
D8-K2par-sep,0.05,15,0.017605633802816902,1.0,0.7619047619047619
D8-K2par-sep,0.1,15,0.007462686567164179,1.0,0.9411764705882353
D8-K2par-sep,0.2,15,0.0,1.0,1.0
D8-K2par-sep,0.3,15,0.0,1.0,1.0
D1-K2cross,0.0,16,0.016666666666666666,,0.0
D1-K2cross,0.05,16,0.024305555555555556,1.0,0.631578947368421
D1-K2cross,0.1,16,0.0,1.0,1.0
D1-K2cross,0.2,16,0.004081632653061225,1.0,0.9821428571428571
D1-K2cross,0.3,16,0.0,1.0,1.0
D2-K3par,0.0,16,0.0033333333333333335,,0.0
D2-K3par,0.05,16,0.010416666666666666,1.0,0.8
D2-K3par,0.1,16,0.0,1.0,1.0
D2-K3par,0.2,16,0.0,1.0,1.0
D2-K3par,0.3,16,0.0,1.0,1.0
D3-unequal,0.0,16,0.02666666666666667,,0.0
D3-unequal,0.05,16,0.007194244604316547,1.0,0.9166666666666666
D3-unequal,0.1,16,0.00749063670411985,1.0,0.9428571428571428
D3-unequal,0.2,16,0.0,1.0,1.0
D3-unequal,0.3,16,0.0,1.0,1.0
D4-hetero,0.0,16,0.03666666666666667,,0.0
D4-hetero,0.05,16,0.04225352112676056,1.0,0.5714285714285714
D4-hetero,0.1,16,0.014545454545454545,1.0,0.8620689655172413
D4-hetero,0.2,16,0.008298755186721992,1.0,0.9672131147540983
D4-hetero,0.3,16,0.0,1.0,1.0
D5-leverage,0.0,16,0.01,,0.0
D5-leverage,0.05,16,0.01048951048951049,1.0,0.8235294117647058
D5-leverage,0.1,16,0.014705882352941176,1.0,0.875
D5-leverage,0.2,16,0.008032128514056224,1.0,0.9622641509433962
D5-leverage,0.3,16,0.03626943005181347,0.0,0.0
D6-uniform,0.0,16,0.013333333333333334,,0.0
D6-uniform,0.05,16,0.01384083044982699,1.0,0.7333333333333333
D6-uniform,0.1,16,0.00749063670411985,1.0,0.9428571428571428
D6-uniform,0.2,16,0.0,1.0,1.0
D6-uniform,0.3,16,0.0,0.0,
D7-p3,0.0,16,0.006666666666666667,,0.0
D7-p3,0.05,16,0.021660649819494584,1.0,0.7931034482758621
D7-p3,0.1,16,0.0,1.0,1.0
D7-p3,0.2,16,0.004048582995951417,1.0,0.9814814814814815
D7-p3,0.3,16,0.0,1.0,1.0
D8-K2par-sep,0.0,16,0.006666666666666667,,0.0
D8-K2par-sep,0.05,16,0.01773049645390071,1.0,0.782608695652174
D8-K2par-sep,0.1,16,0.01090909090909091,1.0,0.8928571428571429
D8-K2par-sep,0.2,16,0.0,1.0,1.0
D8-K2par-sep,0.3,16,0.0,1.0,1.0
D1-K2cross,0.0,17,0.02666666666666667,,0.0
D1-K2cross,0.05,17,0.0,1.0,1.0
D1-K2cross,0.1,17,0.0,1.0,1.0
D1-K2cross,0.2,17,0.0,1.0,1.0
D1-K2cross,0.3,17,0.0,1.0,1.0
D2-K3par,0.0,17,0.006666666666666667,,0.0
D2-K3par,0.05,17,0.0,1.0,1.0
D2-K3par,0.1,17,0.0,1.0,1.0
D2-K3par,0.2,17,0.0,1.0,1.0
D2-K3par,0.3,17,0.0,0.5111111111111111,1.0
D3-unequal,0.0,17,0.013333333333333334,,0.0
D3-unequal,0.05,17,0.03225806451612903,1.0,0.7
D3-unequal,0.1,17,0.0,1.0,1.0
D3-unequal,0.2,17,0.008264462809917356,1.0,0.9666666666666667
D3-unequal,0.3,17,0.0,1.0,1.0
D4-hetero,0.0,17,0.023333333333333334,,0.0
D4-hetero,0.05,17,0.03496503496503497,1.0,0.5833333333333334
D4-hetero,0.1,17,0.026022304832713755,1.0,0.8157894736842105
D4-hetero,0.2,17,0.008,1.0,0.9615384615384616
D4-hetero,0.3,17,0.00980392156862745,1.0,0.9795918367346939
D5-leverage,0.0,17,0.03333333333333333,,0.0
D5-leverage,0.05,17,0.010380622837370242,1.0,0.7857142857142857
D5-leverage,0.1,17,0.007380073800738007,1.0,0.9354838709677419
D5-leverage,0.2,17,0.030434782608695653,0.4142857142857143,0.8055555555555556
D5-leverage,0.3,17,0.004424778761061947,0.35135135135135137,0.9629629629629629
D6-uniform,0.0,17,0.016666666666666666,,0.0
D6-uniform,0.05,17,0.02422145328719723,1.0,0.6111111111111112
D6-uniform,0.1,17,0.0,1.0,1.0
D6-uniform,0.2,17,0.012096774193548387,1.0,0.9454545454545454
D6-uniform,0.3,17,0.0,0.0,
D7-p3,0.0,17,0.023333333333333334,,0.0
D7-p3,0.05,17,0.017543859649122806,1.0,0.75
D7-p3,0.1,17,0.02909090909090909,1.0,0.7575757575757576
D7-p3,0.2,17,0.0,1.0,1.0
D7-p3,0.3,17,0.0,0.5363636363636364,1.0
D8-K2par-sep,0.0,17,0.0033333333333333335,,0.0
D8-K2par-sep,0.05,17,0.0035087719298245615,1.0,0.9375
D8-K2par-sep,0.1,17,0.007434944237918215,1.0,0.9393939393939394
D8-K2par-sep,0.2,17,0.0,1.0,1.0
D8-K2par-sep,0.3,17,0.0,1.0,1.0
D1-K2cross,0.0,18,0.013333333333333334,,0.0
D1-K2cross,0.05,18,0.014184397163120567,1.0,0.8181818181818182
D1-K2cross,0.1,18,0.0036101083032490976,1.0,0.9583333333333334
D1-K2cross,0.2,18,0.004081632653061225,1.0,0.9821428571428571
D1-K2cross,0.3,18,0.0,1.0,1.0
D2-K3par,0.0,18,0.0,,
D2-K3par,0.05,18,0.006944444444444444,1.0,0.8571428571428571
D2-K3par,0.1,18,0.0,1.0,1.0
D2-K3par,0.2,18,0.0,1.0,1.0
D2-K3par,0.3,18,0.0,0.4457831325301205,1.0
D3-unequal,0.0,18,0.016666666666666666,,0.0
D3-unequal,0.05,18,0.0,1.0,1.0
D3-unequal,0.1,18,0.011494252873563218,1.0,0.9285714285714286
D3-unequal,0.2,18,0.0,1.0,1.0
D3-unequal,0.3,18,0.004739336492890996,1.0,0.9888888888888889
D4-hetero,0.0,18,0.04,,0.0
D4-hetero,0.05,18,0.02112676056338028,1.0,0.7272727272727273
D4-hetero,0.1,18,0.02564102564102564,1.0,0.7941176470588235
D4-hetero,0.2,18,0.011904761904761904,1.0,0.9411764705882353
D4-hetero,0.3,18,0.0,1.0,1.0
D5-leverage,0.0,18,0.01,,0.0
D5-leverage,0.05,18,0.014084507042253521,1.0,0.8
D5-leverage,0.1,18,0.011111111111111112,1.0,0.9090909090909091
D5-leverage,0.2,18,0.0,1.0,1.0
D5-leverage,0.3,18,0.0047169811320754715,0.19318181818181818,0.9444444444444444
D6-uniform,0.0,18,0.02666666666666667,,0.0
D6-uniform,0.05,18,0.017241379310344827,1.0,0.6666666666666666
D6-uniform,0.1,18,0.0036496350364963502,1.0,0.9629629629629629
D6-uniform,0.2,18,0.0,1.0,1.0
D6-uniform,0.3,18,0.0,0.0,
D7-p3,0.0,18,0.023333333333333334,,0.0
D7-p3,0.05,18,0.020618556701030927,1.0,0.6
D7-p3,0.1,18,0.003663003663003663,1.0,0.9642857142857143
D7-p3,0.2,18,0.0,1.0,1.0
D7-p3,0.3,18,0.0,1.0,1.0
D8-K2par-sep,0.0,18,0.0,,
D8-K2par-sep,0.05,18,0.013745704467353952,1.0,0.6923076923076923
D8-K2par-sep,0.1,18,0.0,1.0,1.0
D8-K2par-sep,0.2,18,0.0,1.0,1.0
D8-K2par-sep,0.3,18,0.0,1.0,1.0
D1-K2cross,0.0,19,0.016666666666666666,,0.0
D1-K2cross,0.05,19,0.006993006993006993,1.0,0.875
D1-K2cross,0.1,19,0.0,1.0,1.0
D1-K2cross,0.2,19,0.0,1.0,1.0
D1-K2cross,0.3,19,0.0,1.0,1.0
D2-K3par,0.0,19,0.0,,
D2-K3par,0.05,19,0.0035211267605633804,1.0,0.9411764705882353
D2-K3par,0.1,19,0.0038314176245210726,1.0,0.975
D2-K3par,0.2,19,0.0,1.0,1.0
D2-K3par,0.3,19,0.0,1.0,1.0
D3-unequal,0.0,19,0.013333333333333334,,0.0
D3-unequal,0.05,19,0.013793103448275862,1.0,0.7142857142857143
D3-unequal,0.1,19,0.0036363636363636364,1.0,0.9615384615384616
D3-unequal,0.2,19,0.0,1.0,1.0
D3-unequal,0.3,19,0.0,1.0,1.0
D4-hetero,0.0,19,0.04,,0.0
D4-hetero,0.05,19,0.0176678445229682,1.0,0.7727272727272727
D4-hetero,0.1,19,0.014652014652014652,1.0,0.8709677419354839
D4-hetero,0.2,19,0.0041841004184100415,1.0,0.9838709677419355
D4-hetero,0.3,19,0.013888888888888888,1.0,0.9655172413793104
D5-leverage,0.0,19,0.02,,0.0
D5-leverage,0.05,19,0.007168458781362007,1.0,0.9130434782608695
D5-leverage,0.1,19,0.01509433962264151,1.0,0.8974358974358975
D5-leverage,0.2,19,0.0,1.0,1.0
D5-leverage,0.3,19,0.009523809523809525,0.13333333333333333,0.8571428571428571
D6-uniform,0.0,19,0.016666666666666666,,0.0
D6-uniform,0.05,19,0.0034602076124567475,1.0,0.9166666666666666
D6-uniform,0.1,19,0.0,1.0,1.0
D6-uniform,0.2,19,0.012244897959183673,0.9090909090909091,0.9433962264150944
D6-uniform,0.3,19,0.0,0.0,
D7-p3,0.0,19,0.006666666666666667,,0.0
D7-p3,0.05,19,0.017482517482517484,1.0,0.7368421052631579
D7-p3,0.1,19,0.0037593984962406013,1.0,0.9714285714285714
D7-p3,0.2,19,0.0,1.0,1.0
D7-p3,0.3,19,0.0,1.0,1.0
D8-K2par-sep,0.0,19,0.02,,0.0
D8-K2par-sep,0.05,19,0.003424657534246575,1.0,0.8888888888888888
D8-K2par-sep,0.1,19,0.007380073800738007,1.0,0.9354838709677419
D8-K2par-sep,0.2,19,0.0,1.0,1.0
D8-K2par-sep,0.3,19,0.0,1.0,1.0
D1-K2cross,0.0,20,0.0,,
D1-K2cross,0.05,20,0.024390243902439025,1.0,0.65
D1-K2cross,0.1,20,0.007168458781362007,1.0,0.9130434782608695
D1-K2cross,0.2,20,0.0,1.0,1.0
D1-K2cross,0.3,20,0.004830917874396135,1.0,0.9893617021276596
D2-K3par,0.0,20,0.0033333333333333335,,0.0
D2-K3par,0.05,20,0.010452961672473868,1.0,0.8125
D2-K3par,0.1,20,0.0,1.0,1.0
D2-K3par,0.2,20,0.0,1.0,1.0
D2-K3par,0.3,20,0.0,1.0,1.0
D3-unequal,0.0,20,0.023333333333333334,,0.0
D3-unequal,0.05,20,0.014084507042253521,1.0,0.8
D3-unequal,0.1,20,0.0149812734082397,1.0,0.8918918918918919
D3-unequal,0.2,20,0.0,1.0,1.0
D3-unequal,0.3,20,0.0,1.0,1.0
D4-hetero,0.0,20,0.03666666666666667,,0.0
D4-hetero,0.05,20,0.03793103448275862,1.0,0.47619047619047616
D4-hetero,0.1,20,0.017985611510791366,1.0,0.8148148148148148
D4-hetero,0.2,20,0.008438818565400843,1.0,0.9692307692307692
D4-hetero,0.3,20,0.0045871559633027525,1.0,0.9879518072289156
D5-leverage,0.0,20,0.006666666666666667,,0.0
D5-leverage,0.05,20,0.0176678445229682,1.0,0.7727272727272727
D5-leverage,0.1,20,0.011235955056179775,1.0,0.9166666666666666
D5-leverage,0.2,20,0.008130081300813009,1.0,0.9642857142857143
D5-leverage,0.3,20,0.005,0.0,0.0
D6-uniform,0.0,20,0.016666666666666666,,0.0
D6-uniform,0.05,20,0.0,1.0,1.0
D6-uniform,0.1,20,0.0037174721189591076,1.0,0.96875
D6-uniform,0.2,20,0.004132231404958678,0.9827586206896551,0.9827586206896551
D6-uniform,0.3,20,0.0,0.0,
D7-p3,0.0,20,0.006666666666666667,,0.0
D7-p3,0.05,20,0.028985507246376812,1.0,0.75
D7-p3,0.1,20,0.011152416356877323,1.0,0.9117647058823529
D7-p3,0.2,20,0.004149377593360996,1.0,0.9833333333333333
D7-p3,0.3,20,0.02843601895734597,1.0,0.9368421052631579
D8-K2par-sep,0.0,20,0.006666666666666667,,0.0
D8-K2par-sep,0.05,20,0.017241379310344827,1.0,0.6666666666666666
D8-K2par-sep,0.1,20,0.010948905109489052,1.0,0.896551724137931
D8-K2par-sep,0.2,20,0.0,1.0,1.0
D8-K2par-sep,0.3,20,0.0,1.0,1.0
D1-K2cross,0.0,21,0.01,,0.0
D1-K2cross,0.05,21,0.007142857142857143,1.0,0.9090909090909091
D1-K2cross,0.1,21,0.01893939393939394,1.0,0.8780487804878049
D1-K2cross,0.2,21,0.0,1.0,1.0
D1-K2cross,0.3,21,0.0,1.0,1.0
D2-K3par,0.0,21,0.0033333333333333335,,0.0
D2-K3par,0.05,21,0.0035211267605633804,1.0,0.9411764705882353
D2-K3par,0.1,21,0.0,1.0,1.0
D2-K3par,0.2,21,0.0,1.0,1.0
D2-K3par,0.3,21,0.0,0.0,
D3-unequal,0.0,21,0.01,,0.0
D3-unequal,0.05,21,0.0176678445229682,1.0,0.7727272727272727
D3-unequal,0.1,21,0.01090909090909091,1.0,0.8928571428571429
D3-unequal,0.2,21,0.008,1.0,0.9615384615384616
D3-unequal,0.3,21,0.024271844660194174,1.0,0.9494949494949495
D4-hetero,0.0,21,0.02,,0.0
D4-hetero,0.05,21,0.014134275618374558,1.0,0.8095238095238095
D4-hetero,0.1,21,0.018315018315018316,1.0,0.84375
D4-hetero,0.2,21,0.004048582995951417,1.0,0.9814814814814815
D4-hetero,0.3,21,0.009615384615384616,1.0,0.9787234042553191
D5-leverage,0.0,21,0.023333333333333334,,0.0
D5-leverage,0.05,21,0.0176678445229682,1.0,0.7727272727272727
D5-leverage,0.1,21,0.003663003663003663,1.0,0.9642857142857143
D5-leverage,0.2,21,0.0,1.0,1.0
D5-leverage,0.3,21,0.0049261083743842365,0.020618556701030927,0.6666666666666666
D6-uniform,0.0,21,0.016666666666666666,,0.0
D6-uniform,0.05,21,0.017482517482517484,1.0,0.7368421052631579
D6-uniform,0.1,21,0.018726591760299626,1.0,0.868421052631579
D6-uniform,0.2,21,0.0,1.0,1.0
D6-uniform,0.3,21,0.0,0.49473684210526314,1.0
D7-p3,0.0,21,0.03666666666666667,,0.0
D7-p3,0.05,21,0.05102040816326531,1.0,0.2857142857142857
D7-p3,0.1,21,0.011029411764705883,1.0,0.9032258064516129
D7-p3,0.2,21,0.02564102564102564,1.0,0.9166666666666666
D7-p3,0.3,21,0.0,1.0,1.0
D8-K2par-sep,0.0,21,0.013333333333333334,,0.0
D8-K2par-sep,0.05,21,0.0035714285714285713,1.0,0.9523809523809523
D8-K2par-sep,0.1,21,0.01079136690647482,1.0,0.88
D8-K2par-sep,0.2,21,0.0,1.0,1.0
D8-K2par-sep,0.3,21,0.0,1.0,1.0
D1-K2cross,0.0,22,0.013333333333333334,,0.0
D1-K2cross,0.05,22,0.007067137809187279,1.0,0.8947368421052632
D1-K2cross,0.1,22,0.0,1.0,1.0
D1-K2cross,0.2,22,0.0,1.0,1.0
D1-K2cross,0.3,22,0.004464285714285714,1.0,0.987012987012987
D2-K3par,0.0,22,0.006666666666666667,,0.0
D2-K3par,0.05,22,0.0,1.0,1.0
D2-K3par,0.1,22,0.0,1.0,1.0
D2-K3par,0.2,22,0.0,1.0,1.0
D2-K3par,0.3,22,0.0,1.0,1.0
D3-unequal,0.0,22,0.02,,0.0
D3-unequal,0.05,22,0.014388489208633094,1.0,0.8461538461538461
D3-unequal,0.1,22,0.010948905109489052,1.0,0.896551724137931
D3-unequal,0.2,22,0.0041841004184100415,1.0,0.9838709677419355
D3-unequal,0.3,22,0.0,1.0,1.0
D4-hetero,0.0,22,0.02666666666666667,,0.0
D4-hetero,0.05,22,0.014234875444839857,1.0,0.8260869565217391
D4-hetero,0.1,22,0.022556390977443608,1.0,0.85
D4-hetero,0.2,22,0.016597510373443983,1.0,0.9365079365079365
D4-hetero,0.3,22,0.0,1.0,1.0
D5-leverage,0.0,22,0.016666666666666666,,0.0
D5-leverage,0.05,22,0.014134275618374558,1.0,0.8095238095238095
D5-leverage,0.1,22,0.007352941176470588,1.0,0.9333333333333333
D5-leverage,0.2,22,0.0,1.0,1.0
D5-leverage,0.3,22,0.004608294930875576,0.1686746987951807,0.9333333333333333
D6-uniform,0.0,22,0.016666666666666666,,0.0
D6-uniform,0.05,22,0.010452961672473868,1.0,0.8125
D6-uniform,0.1,22,0.011029411764705883,1.0,0.9032258064516129
D6-uniform,0.2,22,0.0,0.9661016949152542,1.0
D6-uniform,0.3,22,0.004405286343612335,0.8904109589041096,0.9848484848484849
D7-p3,0.0,22,0.016666666666666666,,0.0
D7-p3,0.05,22,0.013937282229965157,1.0,0.7647058823529411
D7-p3,0.1,22,0.026615969581749048,1.0,0.8409090909090909
D7-p3,0.2,22,0.00819672131147541,1.0,0.9655172413793104
D7-p3,0.3,22,0.028037383177570093,1.0,0.9347826086956522
D8-K2par-sep,0.0,22,0.02,,0.0
D8-K2par-sep,0.05,22,0.027874564459930314,1.0,0.6190476190476191
D8-K2par-sep,0.1,22,0.0,1.0,1.0
D8-K2par-sep,0.2,22,0.004545454545454545,1.0,0.9876543209876543
D8-K2par-sep,0.3,22,0.0,1.0,1.0
D1-K2cross,0.0,23,0.01,,0.0
D1-K2cross,0.05,23,0.007017543859649123,1.0,0.8823529411764706
D1-K2cross,0.1,23,0.0035971223021582736,1.0,0.9565217391304348
D1-K2cross,0.2,23,0.0,1.0,1.0
D1-K2cross,0.3,23,0.0,1.0,1.0
D2-K3par,0.0,23,0.0033333333333333335,,0.0
D2-K3par,0.05,23,0.0,1.0,1.0
D2-K3par,0.1,23,0.0,1.0,1.0
D2-K3par,0.2,23,0.0,1.0,1.0
D2-K3par,0.3,23,0.0,1.0,1.0
D3-unequal,0.0,23,0.04666666666666667,,0.0
D3-unequal,0.05,23,0.013793103448275862,1.0,0.7142857142857143
D3-unequal,0.1,23,0.01079136690647482,1.0,0.88
D3-unequal,0.2,23,0.004219409282700422,1.0,0.984375
D3-unequal,0.3,23,0.0,1.0,1.0
D4-hetero,0.0,23,0.02666666666666667,,0.0
D4-hetero,0.05,23,0.024390243902439025,1.0,0.65
D4-hetero,0.1,23,0.040740740740740744,1.0,0.7317073170731707
D4-hetero,0.2,23,0.004310344827586207,1.0,0.9855072463768116
D4-hetero,0.3,23,0.014563106796116505,1.0,0.9690721649484536
D5-leverage,0.0,23,0.023333333333333334,,0.0
D5-leverage,0.05,23,0.024475524475524476,1.0,0.6666666666666666
D5-leverage,0.1,23,0.02158273381294964,1.0,0.7857142857142857
D5-leverage,0.2,23,0.0,1.0,1.0
D5-leverage,0.3,23,0.009708737864077669,0.0,0.0
D6-uniform,0.0,23,0.0033333333333333335,,0.0
D6-uniform,0.05,23,0.0,1.0,1.0
D6-uniform,0.1,23,0.011111111111111112,1.0,0.9090909090909091
D6-uniform,0.2,23,0.015748031496062992,0.9565217391304348,0.9166666666666666
D6-uniform,0.3,23,0.0,0.0,
D7-p3,0.0,23,0.04,,0.0
D7-p3,0.05,23,0.010676156583629894,1.0,0.8636363636363636
D7-p3,0.1,23,0.025830258302583026,1.0,0.8055555555555556
D7-p3,0.2,23,0.0,1.0,1.0
D7-p3,0.3,23,0.037383177570093455,1.0,0.9148936170212766
D8-K2par-sep,0.0,23,0.02,,0.0
D8-K2par-sep,0.05,23,0.010452961672473868,1.0,0.8125
D8-K2par-sep,0.1,23,0.0,1.0,1.0
D8-K2par-sep,0.2,23,0.0,1.0,1.0
D8-K2par-sep,0.3,23,0.0,1.0,1.0
D1-K2cross,0.0,24,0.03333333333333333,,0.0
D1-K2cross,0.05,24,0.007067137809187279,1.0,0.8947368421052632
D1-K2cross,0.1,24,0.022556390977443608,1.0,0.85
D1-K2cross,0.2,24,0.008264462809917356,1.0,0.9666666666666667
D1-K2cross,0.3,24,0.0,1.0,1.0
D2-K3par,0.0,24,0.01,,0.0
D2-K3par,0.05,24,0.020833333333333332,1.0,0.6666666666666666
D2-K3par,0.1,24,0.0036101083032490976,1.0,0.9583333333333334
D2-K3par,0.2,24,0.0,1.0,1.0
D2-K3par,0.3,24,0.0,1.0,1.0
D3-unequal,0.0,24,0.02666666666666667,,0.0
D3-unequal,0.05,24,0.014035087719298246,1.0,0.7894736842105263
D3-unequal,0.1,24,0.007782101167315175,1.0,0.9555555555555556
D3-unequal,0.2,24,0.0,1.0,1.0
D3-unequal,0.3,24,0.0,1.0,1.0
D4-hetero,0.0,24,0.04666666666666667,,0.0
D4-hetero,0.05,24,0.03484320557491289,1.0,0.5652173913043478
D4-hetero,0.1,24,0.011029411764705883,1.0,0.9032258064516129
D4-hetero,0.2,24,0.008368200836820083,1.0,0.9682539682539683
D4-hetero,0.3,24,0.0,1.0,1.0
D5-leverage,0.0,24,0.01,,0.0
D5-leverage,0.05,24,0.01048951048951049,1.0,0.8235294117647058
D5-leverage,0.1,24,0.010830324909747292,1.0,0.8846153846153846
D5-leverage,0.2,24,0.003875968992248062,1.0,0.9767441860465116
D5-leverage,0.3,24,0.004694835680751174,0.022988505747126436,0.6666666666666666
D6-uniform,0.0,24,0.02666666666666667,,0.0
D6-uniform,0.05,24,0.010526315789473684,1.0,0.8333333333333334
D6-uniform,0.1,24,0.018050541516245487,1.0,0.8214285714285714
D6-uniform,0.2,24,0.0,0.864406779661017,1.0
D6-uniform,0.3,24,0.0,0.9879518072289156,1.0
D7-p3,0.0,24,0.006666666666666667,,0.0
D7-p3,0.05,24,0.0070921985815602835,1.0,0.9
D7-p3,0.1,24,0.011278195488721804,1.0,0.918918918918919
D7-p3,0.2,24,0.024896265560165973,1.0,0.9076923076923077
D7-p3,0.3,24,0.0,1.0,1.0
D8-K2par-sep,0.0,24,0.03333333333333333,,0.0
D8-K2par-sep,0.05,24,0.010714285714285714,1.0,0.8695652173913043
D8-K2par-sep,0.1,24,0.0,1.0,1.0
D8-K2par-sep,0.2,24,0.0,1.0,1.0
D8-K2par-sep,0.3,24,0.0,1.0,1.0
D1-K2cross,0.0,25,0.0033333333333333335,,0.0
D1-K2cross,0.05,25,0.010238907849829351,1.0,0.7
D1-K2cross,0.1,25,0.007272727272727273,1.0,0.9259259259259259
D1-K2cross,0.2,25,0.01276595744680851,1.0,0.9558823529411765
D1-K2cross,0.3,25,0.0,1.0,1.0
D2-K3par,0.0,25,0.0033333333333333335,,0.0
D2-K3par,0.05,25,0.006944444444444444,1.0,0.8571428571428571
D2-K3par,0.1,25,0.0,1.0,1.0
D2-K3par,0.2,25,0.0,1.0,1.0
D2-K3par,0.3,25,0.0,1.0,1.0
D3-unequal,0.0,25,0.016666666666666666,,0.0
D3-unequal,0.05,25,0.01056338028169014,1.0,0.8421052631578947
D3-unequal,0.1,25,0.040740740740740744,1.0,0.7317073170731707
D3-unequal,0.2,25,0.004291845493562232,1.0,0.9852941176470589
D3-unequal,0.3,25,0.0,1.0,1.0
D4-hetero,0.0,25,0.03,,0.0
D4-hetero,0.05,25,0.02768166089965398,1.0,0.5789473684210527
D4-hetero,0.1,25,0.018656716417910446,1.0,0.8648648648648649
D4-hetero,0.2,25,0.016666666666666666,1.0,0.9375
D4-hetero,0.3,25,0.0,1.0,1.0
D5-leverage,0.0,25,0.016666666666666666,,0.0
D5-leverage,0.05,25,0.0,1.0,1.0
D5-leverage,0.1,25,0.011494252873563218,1.0,0.9285714285714286
D5-leverage,0.2,25,0.0,1.0,1.0
D5-leverage,0.3,25,0.014150943396226415,0.0,0.0
D6-uniform,0.0,25,0.01,,0.0
D6-uniform,0.05,25,0.006896551724137931,1.0,0.8333333333333334
D6-uniform,0.1,25,0.003745318352059925,1.0,0.9705882352941176
D6-uniform,0.2,25,0.0,0.9761904761904762,1.0
D6-uniform,0.3,25,0.0,0.0,
D7-p3,0.0,25,0.06,,0.0
D7-p3,0.05,25,0.0035714285714285713,1.0,0.9523809523809523
D7-p3,0.1,25,0.011235955056179775,1.0,0.9166666666666666
D7-p3,0.2,25,0.0,1.0,1.0
D7-p3,0.3,25,0.0,1.0,1.0
D8-K2par-sep,0.0,25,0.03333333333333333,,0.0
D8-K2par-sep,0.05,25,0.010830324909747292,1.0,0.8846153846153846
D8-K2par-sep,0.1,25,0.007518796992481203,1.0,0.9444444444444444
D8-K2par-sep,0.2,25,0.0,1.0,1.0
D8-K2par-sep,0.3,25,0.0,1.0,1.0
D1-K2cross,0.0,26,0.03333333333333333,,0.0
D1-K2cross,0.05,26,0.007017543859649123,1.0,0.8823529411764706
D1-K2cross,0.1,26,0.0,1.0,1.0
D1-K2cross,0.2,26,0.0,1.0,1.0
D1-K2cross,0.3,26,0.0,1.0,1.0
D2-K3par,0.0,26,0.0033333333333333335,,0.0
D2-K3par,0.05,26,0.0,1.0,1.0
D2-K3par,0.1,26,0.0,1.0,1.0
D2-K3par,0.2,26,0.0,1.0,1.0
D2-K3par,0.3,26,0.0,0.45918367346938777,1.0
D3-unequal,0.0,26,0.016666666666666666,,0.0
D3-unequal,0.05,26,0.006944444444444444,1.0,0.8571428571428571
D3-unequal,0.1,26,0.00392156862745098,1.0,0.9782608695652174
D3-unequal,0.2,26,0.00796812749003984,1.0,0.9607843137254902
D3-unequal,0.3,26,0.0,1.0,1.0
D4-hetero,0.0,26,0.04666666666666667,,0.0
D4-hetero,0.05,26,0.0176678445229682,1.0,0.7727272727272727
D4-hetero,0.1,26,0.02214022140221402,1.0,0.8285714285714286
D4-hetero,0.2,26,0.004081632653061225,1.0,0.9821428571428571
D4-hetero,0.3,26,0.004761904761904762,1.0,0.989010989010989
D5-leverage,0.0,26,0.03,,0.0
D5-leverage,0.05,26,0.021052631578947368,1.0,0.7142857142857143
D5-leverage,0.1,26,0.003676470588235294,1.0,0.9655172413793104
D5-leverage,0.2,26,0.0,1.0,1.0
D5-leverage,0.3,26,0.013761467889908258,0.13414634146341464,0.7857142857142857
D6-uniform,0.0,26,0.023333333333333334,,0.0
D6-uniform,0.05,26,0.007017543859649123,1.0,0.8823529411764706
D6-uniform,0.1,26,0.0,0.98,1.0
D6-uniform,0.2,26,0.004132231404958678,0.7758620689655172,0.9782608695652174
D6-uniform,0.3,26,0.0,0.0,
D7-p3,0.0,26,0.03333333333333333,,0.0
D7-p3,0.05,26,0.010452961672473868,1.0,0.8125
D7-p3,0.1,26,0.034482758620689655,1.0,0.8125
D7-p3,0.2,26,0.0,1.0,1.0
D7-p3,0.3,26,0.0,1.0,1.0
D8-K2par-sep,0.0,26,0.013333333333333334,,0.0
D8-K2par-sep,0.05,26,0.0,1.0,1.0
D8-K2par-sep,0.1,26,0.0072992700729927005,1.0,0.9285714285714286
D8-K2par-sep,0.2,26,0.0,1.0,1.0
D8-K2par-sep,0.3,26,0.0,1.0,1.0
D1-K2cross,0.0,27,0.01,,0.0
D1-K2cross,0.05,27,0.017361111111111112,1.0,0.7058823529411765
D1-K2cross,0.1,27,0.01845018450184502,1.0,0.8529411764705882
D1-K2cross,0.2,27,0.0,1.0,1.0
D1-K2cross,0.3,27,0.0,1.0,1.0
D2-K3par,0.0,27,0.0033333333333333335,,0.0
D2-K3par,0.05,27,0.007042253521126761,1.0,0.8888888888888888
D2-K3par,0.1,27,0.0,1.0,1.0
D2-K3par,0.2,27,0.0,1.0,1.0
D2-K3par,0.3,27,0.004878048780487805,0.47368421052631576,0.9782608695652174
D3-unequal,0.0,27,0.016666666666666666,,0.0
D3-unequal,0.05,27,0.006993006993006993,1.0,0.875
D3-unequal,0.1,27,0.007462686567164179,1.0,0.9411764705882353
D3-unequal,0.2,27,0.0,1.0,1.0
D3-unequal,0.3,27,0.0,1.0,1.0
D4-hetero,0.0,27,0.05,,0.0
D4-hetero,0.05,27,0.020689655172413793,1.0,0.625
D4-hetero,0.1,27,0.011111111111111112,1.0,0.9090909090909091
D4-hetero,0.2,27,0.012875536480686695,1.0,0.9571428571428572
D4-hetero,0.3,27,0.009389671361502348,1.0,0.9775280898876404
D5-leverage,0.0,27,0.0033333333333333335,,0.0
D5-leverage,0.05,27,0.014084507042253521,1.0,0.8
D5-leverage,0.1,27,0.003745318352059925,1.0,0.9705882352941176
D5-leverage,0.2,27,0.012658227848101266,0.5873015873015873,0.925
D5-leverage,0.3,27,0.017467248908296942,0.2676056338028169,0.8260869565217391
D6-uniform,0.0,27,0.016666666666666666,,0.0
D6-uniform,0.05,27,0.006968641114982578,1.0,0.8666666666666667
D6-uniform,0.1,27,0.014814814814814815,1.0,0.8823529411764706
D6-uniform,0.2,27,0.0,0.9166666666666666,1.0
D6-uniform,0.3,27,0.0,0.725,1.0
D7-p3,0.0,27,0.016666666666666666,,0.0
D7-p3,0.05,27,0.010238907849829351,1.0,0.7
D7-p3,0.1,27,0.01107011070110701,1.0,0.90625
D7-p3,0.2,27,0.0,1.0,1.0
D7-p3,0.3,27,0.009569377990430622,1.0,0.978494623655914
D8-K2par-sep,0.0,27,0.03,,0.0
D8-K2par-sep,0.05,27,0.01048951048951049,1.0,0.8235294117647058
D8-K2par-sep,0.1,27,0.0,1.0,1.0
D8-K2par-sep,0.2,27,0.0,1.0,1.0
D8-K2par-sep,0.3,27,0.0,1.0,1.0
D1-K2cross,0.0,28,0.01,,0.0
D1-K2cross,0.05,28,0.013888888888888888,1.0,0.75
D1-K2cross,0.1,28,0.01838235294117647,1.0,0.8484848484848485
D1-K2cross,0.2,28,0.0,1.0,1.0
D1-K2cross,0.3,28,0.0,1.0,1.0
D2-K3par,0.0,28,0.016666666666666666,,0.0
D2-K3par,0.05,28,0.007168458781362007,1.0,0.9130434782608695
D2-K3par,0.1,28,0.0,1.0,1.0
D2-K3par,0.2,28,0.0,1.0,1.0
D2-K3par,0.3,28,0.0,0.532608695652174,1.0
D3-unequal,0.0,28,0.03333333333333333,,0.0
D3-unequal,0.05,28,0.024390243902439025,1.0,0.65
D3-unequal,0.1,28,0.0,1.0,1.0
D3-unequal,0.2,28,0.01195219123505976,1.0,0.9423076923076923
D3-unequal,0.3,28,0.0,1.0,1.0
D4-hetero,0.0,28,0.03333333333333333,,0.0
D4-hetero,0.05,28,0.04861111111111111,1.0,0.46153846153846156
D4-hetero,0.1,28,0.025179856115107913,1.0,0.7586206896551724
D4-hetero,0.2,28,0.015810276679841896,1.0,0.9215686274509803
D4-hetero,0.3,28,0.009302325581395349,0.9882352941176471,0.9767441860465116
D5-leverage,0.0,28,0.02,,0.0
D5-leverage,0.05,28,0.028169014084507043,1.0,0.6666666666666666
D5-leverage,0.1,28,0.003968253968253968,1.0,0.9795918367346939
D5-leverage,0.2,28,0.008403361344537815,1.0,0.96875
D5-leverage,0.3,28,0.009389671361502348,0.0,0.0
D6-uniform,0.0,28,0.03,,0.0
D6-uniform,0.05,28,0.007067137809187279,1.0,0.8947368421052632
D6-uniform,0.1,28,0.007272727272727273,1.0,0.9259259259259259
D6-uniform,0.2,28,0.004149377593360996,0.8813559322033898,0.9811320754716981
D6-uniform,0.3,28,0.0,0.0,
D7-p3,0.0,28,0.023333333333333334,,0.0
D7-p3,0.05,28,0.0036101083032490976,1.0,0.9583333333333334
D7-p3,0.1,28,0.003703703703703704,1.0,0.967741935483871
D7-p3,0.2,28,0.004273504273504274,1.0,0.9850746268656716
D7-p3,0.3,28,0.014563106796116505,1.0,0.9690721649484536
D8-K2par-sep,0.0,28,0.016666666666666666,,0.0
D8-K2par-sep,0.05,28,0.013745704467353952,1.0,0.6923076923076923
D8-K2par-sep,0.1,28,0.0,1.0,1.0
D8-K2par-sep,0.2,28,0.0,1.0,1.0
D8-K2par-sep,0.3,28,0.0,1.0,1.0
D1-K2cross,0.0,29,0.02666666666666667,,0.0
D1-K2cross,0.05,29,0.020833333333333332,1.0,0.6666666666666666
D1-K2cross,0.1,29,0.003787878787878788,1.0,0.972972972972973
D1-K2cross,0.2,29,0.008368200836820083,1.0,0.9682539682539683
D1-K2cross,0.3,29,0.0,1.0,1.0
D2-K3par,0.0,29,0.01,,0.0
D2-K3par,0.05,29,0.0,1.0,1.0
D2-K3par,0.1,29,0.0,1.0,1.0
D2-K3par,0.2,29,0.0,1.0,1.0
D2-K3par,0.3,29,0.0,0.45,1.0
D3-unequal,0.0,29,0.02666666666666667,,0.0
D3-unequal,0.05,29,0.006993006993006993,1.0,0.875
D3-unequal,0.1,29,0.0036363636363636364,1.0,0.9615384615384616
D3-unequal,0.2,29,0.0,1.0,1.0
D3-unequal,0.3,29,0.0,1.0,1.0
D4-hetero,0.0,29,0.043333333333333335,,0.0
D4-hetero,0.05,29,0.03436426116838488,1.0,0.47368421052631576
D4-hetero,0.1,29,0.04395604395604396,1.0,0.6923076923076923
D4-hetero,0.2,29,0.00851063829787234,1.0,0.9701492537313433
D4-hetero,0.3,29,0.014778325123152709,1.0,0.97
D5-leverage,0.0,29,0.016666666666666666,,0.0
D5-leverage,0.05,29,0.010416666666666666,1.0,0.8
D5-leverage,0.1,29,0.0037593984962406013,1.0,0.9714285714285714
D5-leverage,0.2,29,0.00425531914893617,1.0,0.9848484848484849
D5-leverage,0.3,29,0.00909090909090909,0.0,0.0
D6-uniform,0.0,29,0.01,,0.0
D6-uniform,0.05,29,0.0,1.0,1.0
D6-uniform,0.1,29,0.01444043321299639,1.0,0.8518518518518519
D6-uniform,0.2,29,0.00411522633744856,0.8947368421052632,0.9807692307692307
D6-uniform,0.3,29,0.0,0.0,
D7-p3,0.0,29,0.01,,0.0
D7-p3,0.05,29,0.006993006993006993,1.0,0.875
D7-p3,0.1,29,0.0037593984962406013,1.0,0.9714285714285714
D7-p3,0.2,29,0.016129032258064516,1.0,0.9285714285714286
D7-p3,0.3,29,0.023809523809523808,1.0,0.9473684210526315
D8-K2par-sep,0.0,29,0.006666666666666667,,0.0
D8-K2par-sep,0.05,29,0.01060070671378092,1.0,0.85
D8-K2par-sep,0.1,29,0.014545454545454545,1.0,0.8620689655172413
D8-K2par-sep,0.2,29,0.0,1.0,1.0
D8-K2par-sep,0.3,29,0.0,1.0,1.0
D1-K2cross,0.0,30,0.016666666666666666,,0.0
D1-K2cross,0.05,30,0.0035335689045936395,1.0,0.9444444444444444
D1-K2cross,0.1,30,0.00749063670411985,1.0,0.9428571428571428
D1-K2cross,0.2,30,0.0,1.0,1.0
D1-K2cross,0.3,30,0.0,1.0,1.0
D2-K3par,0.0,30,0.006666666666666667,,0.0
D2-K3par,0.05,30,0.003484320557491289,1.0,0.9285714285714286
D2-K3par,0.1,30,0.0,1.0,1.0
D2-K3par,0.2,30,0.0,1.0,1.0
D2-K3par,0.3,30,0.0,1.0,1.0
D3-unequal,0.0,30,0.02,,0.0
D3-unequal,0.05,30,0.013888888888888888,1.0,0.75
D3-unequal,0.1,30,0.0,1.0,1.0
D3-unequal,0.2,30,0.00425531914893617,1.0,0.9848484848484849
D3-unequal,0.3,30,0.0,1.0,1.0
D4-hetero,0.0,30,0.01,,0.0
D4-hetero,0.05,30,0.02491103202846975,1.0,0.7307692307692307
D4-hetero,0.1,30,0.029850746268656716,1.0,0.8
D4-hetero,0.2,30,0.03333333333333333,1.0,0.8823529411764706
D4-hetero,0.3,30,0.004739336492890996,1.0,0.9888888888888889
D5-leverage,0.0,30,0.006666666666666667,,0.0
D5-leverage,0.05,30,0.020905923344947737,1.0,0.6842105263157895
D5-leverage,0.1,30,0.007518796992481203,1.0,0.9444444444444444
D5-leverage,0.2,30,0.0,1.0,1.0
D5-leverage,0.3,30,0.0,0.10465116279069768,1.0
D6-uniform,0.0,30,0.023333333333333334,,0.0
D6-uniform,0.05,30,0.031578947368421054,1.0,0.625
D6-uniform,0.1,30,0.029304029304029304,1.0,0.7714285714285715
D6-uniform,0.2,30,0.0,0.0,
D6-uniform,0.3,30,0.0,0.6395348837209303,1.0
D7-p3,0.0,30,0.0033333333333333335,,0.0
D7-p3,0.05,30,0.017543859649122806,1.0,0.75
D7-p3,0.1,30,0.0,1.0,1.0
D7-p3,0.2,30,0.0043859649122807015,1.0,0.9863013698630136
D7-p3,0.3,30,0.004694835680751174,1.0,0.9886363636363636
D8-K2par-sep,0.0,30,0.01,,0.0
D8-K2par-sep,0.05,30,0.0034482758620689655,1.0,0.9090909090909091
D8-K2par-sep,0.1,30,0.015151515151515152,1.0,0.9
D8-K2par-sep,0.2,30,0.0,1.0,1.0
D8-K2par-sep,0.3,30,0.0,1.0,1.0
D1-K2cross,0.0,31,0.03,,0.0
D1-K2cross,0.05,31,0.0070921985815602835,1.0,0.9
D1-K2cross,0.1,31,0.0149812734082397,1.0,0.8918918918918919
D1-K2cross,0.2,31,0.004219409282700422,1.0,0.984375
D1-K2cross,0.3,31,0.0,1.0,1.0
D2-K3par,0.0,31,0.0033333333333333335,,0.0
D2-K3par,0.05,31,0.0,1.0,1.0
D2-K3par,0.1,31,0.0,1.0,1.0
D2-K3par,0.2,31,0.0,1.0,1.0
D2-K3par,0.3,31,0.004694835680751174,0.4942528735632184,0.9772727272727273
D3-unequal,0.0,31,0.04,,0.0
D3-unequal,0.05,31,0.007220216606498195,1.0,0.92
D3-unequal,0.1,31,0.00749063670411985,1.0,0.9428571428571428
D3-unequal,0.2,31,0.0,1.0,1.0
D3-unequal,0.3,31,0.0,1.0,1.0
D4-hetero,0.0,31,0.02666666666666667,,0.0
D4-hetero,0.05,31,0.024822695035460994,1.0,0.72
D4-hetero,0.1,31,0.018656716417910446,1.0,0.8648648648648649
D4-hetero,0.2,31,0.02100840336134454,1.0,0.9253731343283582
D4-hetero,0.3,31,0.014084507042253521,1.0,0.9666666666666667
D5-leverage,0.0,31,0.013333333333333334,,0.0
D5-leverage,0.05,31,0.010416666666666666,1.0,0.8
D5-leverage,0.1,31,0.018050541516245487,1.0,0.8214285714285714
D5-leverage,0.2,31,0.0,1.0,1.0
D5-leverage,0.3,31,0.045662100456621,0.20987654320987653,0.6296296296296297
D6-uniform,0.0,31,0.02,,0.0
D6-uniform,0.05,31,0.0035335689045936395,1.0,0.9444444444444444
D6-uniform,0.1,31,0.011152416356877323,1.0,0.9117647058823529
D6-uniform,0.2,31,0.00411522633744856,0.9298245614035088,0.9814814814814815
D6-uniform,0.3,31,0.0,0.6043956043956044,1.0
D7-p3,0.0,31,0.02666666666666667,,0.0
D7-p3,0.05,31,0.010380622837370242,1.0,0.7857142857142857
D7-p3,0.1,31,0.003663003663003663,1.0,0.9642857142857143
D7-p3,0.2,31,0.0,1.0,1.0
D7-p3,0.3,31,0.005025125628140704,1.0,0.9901960784313726
D8-K2par-sep,0.0,31,0.006666666666666667,,0.0
D8-K2par-sep,0.05,31,0.010452961672473868,1.0,0.8125
D8-K2par-sep,0.1,31,0.015267175572519083,1.0,0.9047619047619048
D8-K2par-sep,0.2,31,0.0,1.0,1.0
D8-K2par-sep,0.3,31,0.0,1.0,1.0
D1-K2cross,0.0,32,0.023333333333333334,,0.0
D1-K2cross,0.05,32,0.0070921985815602835,1.0,0.9
D1-K2cross,0.1,32,0.03272727272727273,1.0,0.7352941176470589
D1-K2cross,0.2,32,0.0,1.0,1.0
D1-K2cross,0.3,32,0.0,1.0,1.0
D2-K3par,0.0,32,0.006666666666666667,,0.0
D2-K3par,0.05,32,0.0035087719298245615,1.0,0.9375
D2-K3par,0.1,32,0.0,1.0,1.0
D2-K3par,0.2,32,0.0,1.0,1.0
D2-K3par,0.3,32,0.0,0.5108695652173914,1.0
D3-unequal,0.0,32,0.02,,0.0
D3-unequal,0.05,32,0.031914893617021274,1.0,0.6666666666666666
D3-unequal,0.1,32,0.0,1.0,1.0
D3-unequal,0.2,32,0.0,1.0,1.0
D3-unequal,0.3,32,0.004608294930875576,1.0,0.9880952380952381
D4-hetero,0.0,32,0.03666666666666667,,0.0
D4-hetero,0.05,32,0.028169014084507043,1.0,0.6666666666666666
D4-hetero,0.1,32,0.01773049645390071,1.0,0.782608695652174
D4-hetero,0.2,32,0.029288702928870293,1.0,0.8970588235294118
D4-hetero,0.3,32,0.0,1.0,1.0
D5-leverage,0.0,32,0.043333333333333335,,0.0
D5-leverage,0.05,32,0.020905923344947737,1.0,0.6842105263157895
D5-leverage,0.1,32,0.0036363636363636364,1.0,0.9615384615384616
D5-leverage,0.2,32,0.00411522633744856,1.0,0.9827586206896551
D5-leverage,0.3,32,0.03755868544600939,0.27586206896551724,0.75
D6-uniform,0.0,32,0.02,,0.0
D6-uniform,0.05,32,0.02413793103448276,1.0,0.5882352941176471
D6-uniform,0.1,32,0.0,1.0,1.0
D6-uniform,0.2,32,0.0,0.9827586206896551,1.0
D6-uniform,0.3,32,0.0,0.0,
D7-p3,0.0,32,0.03333333333333333,,0.0
D7-p3,0.05,32,0.02112676056338028,1.0,0.7272727272727273
D7-p3,0.1,32,0.021897810218978103,1.0,0.8125
D7-p3,0.2,32,0.038135593220338986,1.0,0.8767123287671232
D7-p3,0.3,32,0.0,1.0,1.0
D8-K2par-sep,0.0,32,0.03333333333333333,,0.0
D8-K2par-sep,0.05,32,0.0035211267605633804,1.0,0.9411764705882353
D8-K2par-sep,0.1,32,0.0037174721189591076,1.0,0.96875
D8-K2par-sep,0.2,32,0.0,1.0,1.0
D8-K2par-sep,0.3,32,0.0,1.0,1.0
D1-K2cross,0.0,33,0.02,,0.0
D1-K2cross,0.05,33,0.007142857142857143,1.0,0.9090909090909091
D1-K2cross,0.1,33,0.0036900369003690036,1.0,0.9666666666666667
D1-K2cross,0.2,33,0.008264462809917356,1.0,0.9666666666666667
D1-K2cross,0.3,33,0.0,1.0,1.0
D2-K3par,0.0,33,0.0,,
D2-K3par,0.05,33,0.0,1.0,1.0
D2-K3par,0.1,33,0.0,1.0,1.0
D2-K3par,0.2,33,0.004132231404958678,1.0,0.9830508474576272
D2-K3par,0.3,33,0.0,1.0,1.0
D3-unequal,0.0,33,0.0033333333333333335,,0.0
D3-unequal,0.05,33,0.007142857142857143,1.0,0.9090909090909091
D3-unequal,0.1,33,0.0038314176245210726,1.0,0.975
D3-unequal,0.2,33,0.0,1.0,1.0
D3-unequal,0.3,33,0.0,1.0,1.0
D4-hetero,0.0,33,0.03,,0.0
D4-hetero,0.05,33,0.024475524475524476,1.0,0.6666666666666666
D4-hetero,0.1,33,0.007326007326007326,1.0,0.9310344827586207
D4-hetero,0.2,33,0.003968253968253968,1.0,0.9795918367346939
D4-hetero,0.3,33,0.01,1.0,0.9803921568627451
D5-leverage,0.0,33,0.006666666666666667,,0.0
D5-leverage,0.05,33,0.0034965034965034965,1.0,0.9333333333333333
D5-leverage,0.1,33,0.007407407407407408,1.0,0.9375
D5-leverage,0.2,33,0.0,1.0,1.0
D5-leverage,0.3,33,0.00904977375565611,0.25316455696202533,0.9090909090909091
D6-uniform,0.0,33,0.016666666666666666,,0.0
D6-uniform,0.05,33,0.01048951048951049,1.0,0.8235294117647058
D6-uniform,0.1,33,0.014814814814814815,1.0,0.8823529411764706
D6-uniform,0.2,33,0.0,1.0,1.0
D6-uniform,0.3,33,0.0,0.0,
D7-p3,0.0,33,0.01,,0.0
D7-p3,0.05,33,0.01773049645390071,1.0,0.782608695652174
D7-p3,0.1,33,0.014652014652014652,1.0,0.8709677419354839
D7-p3,0.2,33,0.0,1.0,1.0
D7-p3,0.3,33,0.0,1.0,1.0
D8-K2par-sep,0.0,33,0.01,,0.0
D8-K2par-sep,0.05,33,0.0,1.0,1.0
D8-K2par-sep,0.1,33,0.007434944237918215,1.0,0.9393939393939394
D8-K2par-sep,0.2,33,0.0,1.0,1.0
D8-K2par-sep,0.3,33,0.0,1.0,1.0
D1-K2cross,0.0,34,0.02666666666666667,,0.0
D1-K2cross,0.05,34,0.006993006993006993,1.0,0.875
D1-K2cross,0.1,34,0.011111111111111112,1.0,0.9090909090909091
D1-K2cross,0.2,34,0.0,1.0,1.0
D1-K2cross,0.3,34,0.0,1.0,1.0
D2-K3par,0.0,34,0.0,,
D2-K3par,0.05,34,0.0,1.0,1.0
D2-K3par,0.1,34,0.0,1.0,1.0
D2-K3par,0.2,34,0.0,1.0,1.0
D2-K3par,0.3,34,0.0,0.01020408163265306,1.0
D3-unequal,0.0,34,0.02666666666666667,,0.0
D3-unequal,0.05,34,0.0,1.0,1.0
D3-unequal,0.1,34,0.015810276679841896,1.0,0.9215686274509803
D3-unequal,0.2,34,0.0,1.0,1.0
D3-unequal,0.3,34,0.0,1.0,1.0
D4-hetero,0.0,34,0.04,,0.0
D4-hetero,0.05,34,0.017605633802816902,1.0,0.7619047619047619
D4-hetero,0.1,34,0.011111111111111112,1.0,0.9090909090909091
D4-hetero,0.2,34,0.028112449799196786,1.0,0.8793103448275862
D4-hetero,0.3,34,0.005,1.0,0.9900990099009901
D5-leverage,0.0,34,0.016666666666666666,,0.0
D5-leverage,0.05,34,0.014234875444839857,1.0,0.8260869565217391
D5-leverage,0.1,34,0.003663003663003663,1.0,0.9642857142857143
D5-leverage,0.2,34,0.004166666666666667,1.0,0.9836065573770492
D5-leverage,0.3,34,0.01020408163265306,0.0,0.0
D6-uniform,0.0,34,0.04,,0.0
D6-uniform,0.05,34,0.003472222222222222,1.0,0.9230769230769231
D6-uniform,0.1,34,0.0,1.0,1.0
D6-uniform,0.2,34,0.0,0.7916666666666666,1.0
D6-uniform,0.3,34,0.0,0.0,
D7-p3,0.0,34,0.023333333333333334,,0.0
D7-p3,0.05,34,0.024054982817869417,1.0,0.5625
D7-p3,0.1,34,0.01556420233463035,1.0,0.9148936170212766
D7-p3,0.2,34,0.0,1.0,1.0
D7-p3,0.3,34,0.0,1.0,1.0
D8-K2par-sep,0.0,34,0.0033333333333333335,,0.0
D8-K2par-sep,0.05,34,0.0035460992907801418,1.0,0.9473684210526315
D8-K2par-sep,0.1,34,0.011111111111111112,1.0,0.9090909090909091
D8-K2par-sep,0.2,34,0.0,1.0,1.0
D8-K2par-sep,0.3,34,0.0,1.0,1.0
D1-K2cross,0.0,35,0.023333333333333334,,0.0
D1-K2cross,0.05,35,0.013937282229965157,1.0,0.7647058823529411
D1-K2cross,0.1,35,0.018656716417910446,1.0,0.8648648648648649
D1-K2cross,0.2,35,0.0,1.0,1.0
D1-K2cross,0.3,35,0.0,1.0,1.0
D2-K3par,0.0,35,0.013333333333333334,,0.0
D2-K3par,0.05,35,0.0034482758620689655,1.0,0.9090909090909091
D2-K3par,0.1,35,0.0036101083032490976,1.0,0.9583333333333334
D2-K3par,0.2,35,0.0,1.0,1.0
D2-K3par,0.3,35,0.0,0.0,
D3-unequal,0.0,35,0.01,,0.0
D3-unequal,0.05,35,0.02142857142857143,1.0,0.7692307692307693
D3-unequal,0.1,35,0.010830324909747292,1.0,0.8846153846153846
D3-unequal,0.2,35,0.00816326530612245,1.0,0.9649122807017544
D3-unequal,0.3,35,0.004651162790697674,1.0,0.9883720930232558
D4-hetero,0.0,35,0.04666666666666667,,0.0
D4-hetero,0.05,35,0.013986013986013986,1.0,0.7777777777777778
D4-hetero,0.1,35,0.018796992481203006,1.0,0.8717948717948718
D4-hetero,0.2,35,0.008264462809917356,1.0,0.9666666666666667
D4-hetero,0.3,35,0.004901960784313725,1.0,0.9896907216494846
D5-leverage,0.0,35,0.03333333333333333,,0.0
D5-leverage,0.05,35,0.010526315789473684,1.0,0.8333333333333334
D5-leverage,0.1,35,0.03018867924528302,1.0,0.813953488372093
D5-leverage,0.2,35,0.00411522633744856,1.0,0.9827586206896551
D5-leverage,0.3,35,0.01904761904761905,0.13333333333333333,0.75
D6-uniform,0.0,35,0.0,,
D6-uniform,0.05,35,0.010452961672473868,1.0,0.8125
D6-uniform,0.1,35,0.007462686567164179,1.0,0.9411764705882353
D6-uniform,0.2,35,0.004166666666666667,0.8666666666666667,0.9811320754716981
D6-uniform,0.3,35,0.0,0.0,
D7-p3,0.0,35,0.016666666666666666,,0.0
D7-p3,0.05,35,0.017605633802816902,1.0,0.7619047619047619
D7-p3,0.1,35,0.018867924528301886,1.0,0.875
D7-p3,0.2,35,0.024096385542168676,1.0,0.8947368421052632
D7-p3,0.3,35,0.0,1.0,1.0
D8-K2par-sep,0.0,35,0.013333333333333334,,0.0
D8-K2par-sep,0.05,35,0.0,1.0,1.0
D8-K2par-sep,0.1,35,0.010830324909747292,1.0,0.8846153846153846
D8-K2par-sep,0.2,35,0.0,1.0,1.0
D8-K2par-sep,0.3,35,0.0,1.0,1.0
D1-K2cross,0.0,36,0.02666666666666667,,0.0
D1-K2cross,0.05,36,0.0,1.0,1.0
D1-K2cross,0.1,36,0.022388059701492536,1.0,0.8421052631578947
D1-K2cross,0.2,36,0.0,1.0,1.0
D1-K2cross,0.3,36,0.0,1.0,1.0
D2-K3par,0.0,36,0.0033333333333333335,,0.0
D2-K3par,0.05,36,0.0,1.0,1.0
D2-K3par,0.1,36,0.0,1.0,1.0
D2-K3par,0.2,36,0.0,1.0,1.0
D2-K3par,0.3,36,0.0,1.0,1.0
D3-unequal,0.0,36,0.02,,0.0
D3-unequal,0.05,36,0.0035211267605633804,1.0,0.9411764705882353
D3-unequal,0.1,36,0.007380073800738007,1.0,0.9354838709677419
D3-unequal,0.2,36,0.0,1.0,1.0
D3-unequal,0.3,36,0.0047169811320754715,1.0,0.9887640449438202
D4-hetero,0.0,36,0.016666666666666666,,0.0
D4-hetero,0.05,36,0.02112676056338028,1.0,0.7272727272727273
D4-hetero,0.1,36,0.007462686567164179,1.0,0.9411764705882353
D4-hetero,0.2,36,0.0,1.0,1.0
D4-hetero,0.3,36,0.0049261083743842365,1.0,0.9897959183673469
D5-leverage,0.0,36,0.01,,0.0
D5-leverage,0.05,36,0.017482517482517484,1.0,0.7368421052631579
D5-leverage,0.1,36,0.01824817518248175,1.0,0.8387096774193549
D5-leverage,0.2,36,0.0,1.0,1.0
D5-leverage,0.3,36,0.004484304932735426,1.0,0.9871794871794872
D6-uniform,0.0,36,0.01,,0.0
D6-uniform,0.05,36,0.0176678445229682,1.0,0.7727272727272727
D6-uniform,0.1,36,0.0,1.0,1.0
D6-uniform,0.2,36,0.004016064257028112,0.9215686274509803,0.9791666666666666
D6-uniform,0.3,36,0.0,0.5978260869565217,1.0
D7-p3,0.0,36,0.006666666666666667,,0.0
D7-p3,0.05,36,0.007042253521126761,1.0,0.8888888888888888
D7-p3,0.1,36,0.0036900369003690036,1.0,0.9666666666666667
D7-p3,0.2,36,0.03017241379310345,1.0,0.9066666666666666
D7-p3,0.3,36,0.0,1.0,1.0
D8-K2par-sep,0.0,36,0.02,,0.0
D8-K2par-sep,0.05,36,0.006968641114982578,1.0,0.8666666666666667
D8-K2par-sep,0.1,36,0.003816793893129771,1.0,0.9743589743589743
D8-K2par-sep,0.2,36,0.00816326530612245,1.0,0.9649122807017544
D8-K2par-sep,0.3,36,0.0,1.0,1.0
D1-K2cross,0.0,37,0.02666666666666667,,0.0
D1-K2cross,0.05,37,0.014134275618374558,1.0,0.8095238095238095
D1-K2cross,0.1,37,0.0,1.0,1.0
D1-K2cross,0.2,37,0.0,1.0,1.0
D1-K2cross,0.3,37,0.0,1.0,1.0
D2-K3par,0.0,37,0.006666666666666667,,0.0
D2-K3par,0.05,37,0.0035087719298245615,1.0,0.9375
D2-K3par,0.1,37,0.0,1.0,1.0
D2-K3par,0.2,37,0.004016064257028112,1.0,0.9807692307692307
D2-K3par,0.3,37,0.0,0.3763440860215054,1.0
D3-unequal,0.0,37,0.03,,0.0
D3-unequal,0.05,37,0.010676156583629894,1.0,0.8636363636363636
D3-unequal,0.1,37,0.0,1.0,1.0
D3-unequal,0.2,37,0.0,1.0,1.0
D3-unequal,0.3,37,0.08415841584158416,0.46938775510204084,0.7301587301587301
D4-hetero,0.0,37,0.043333333333333335,,0.0
D4-hetero,0.05,37,0.020689655172413793,1.0,0.625
D4-hetero,0.1,37,0.025925925925925925,1.0,0.8108108108108109
D4-hetero,0.2,37,0.016736401673640166,1.0,0.9384615384615385
D4-hetero,0.3,37,0.0,1.0,1.0
D5-leverage,0.0,37,0.03666666666666667,,0.0
D5-leverage,0.05,37,0.01056338028169014,1.0,0.8421052631578947
D5-leverage,0.1,37,0.003875968992248062,1.0,0.9767441860465116
D5-leverage,0.2,37,0.0,1.0,1.0
D5-leverage,0.3,37,0.0,0.32941176470588235,1.0
D6-uniform,0.0,37,0.02,,0.0
D6-uniform,0.05,37,0.017123287671232876,1.0,0.6153846153846154
D6-uniform,0.1,37,0.0,1.0,1.0
D6-uniform,0.2,37,0.012096774193548387,0.9230769230769231,0.9411764705882353
D6-uniform,0.3,37,0.0,0.0,
D7-p3,0.0,37,0.04666666666666667,,0.0
D7-p3,0.05,37,0.030927835051546393,1.0,0.5
D7-p3,0.1,37,0.003663003663003663,1.0,0.9642857142857143
D7-p3,0.2,37,0.0,1.0,1.0
D7-p3,0.3,37,0.004484304932735426,1.0,0.9871794871794872
D8-K2par-sep,0.0,37,0.013333333333333334,,0.0
D8-K2par-sep,0.05,37,0.0,1.0,1.0
D8-K2par-sep,0.1,37,0.0036231884057971015,1.0,0.96
D8-K2par-sep,0.2,37,0.0,1.0,1.0
D8-K2par-sep,0.3,37,0.0,1.0,1.0
D1-K2cross,0.0,38,0.03,,0.0
D1-K2cross,0.05,38,0.007042253521126761,1.0,0.8888888888888888
D1-K2cross,0.1,38,0.01818181818181818,1.0,0.8333333333333334
D1-K2cross,0.2,38,0.0040650406504065045,1.0,0.9818181818181818
D1-K2cross,0.3,38,0.0,1.0,1.0
D2-K3par,0.0,38,0.0,,
D2-K3par,0.05,38,0.0035587188612099642,1.0,0.95
D2-K3par,0.1,38,0.0,1.0,1.0
D2-K3par,0.2,38,0.0,1.0,1.0
D2-K3par,0.3,38,0.0,0.5421686746987951,1.0
D3-unequal,0.0,38,0.016666666666666666,,0.0
D3-unequal,0.05,38,0.0035087719298245615,1.0,0.9375
D3-unequal,0.1,38,0.0149812734082397,1.0,0.8918918918918919
D3-unequal,0.2,38,0.0,1.0,1.0
D3-unequal,0.3,38,0.0,0.9888888888888889,1.0
D4-hetero,0.0,38,0.03,,0.0
D4-hetero,0.05,38,0.03125,1.0,0.5714285714285714
D4-hetero,0.1,38,0.033707865168539325,1.0,0.7857142857142857
D4-hetero,0.2,38,0.02109704641350211,1.0,0.9264705882352942
D4-hetero,0.3,38,0.004739336492890996,1.0,0.9888888888888889
D5-leverage,0.0,38,0.0033333333333333335,,0.0
D5-leverage,0.05,38,0.003484320557491289,1.0,0.9285714285714286
D5-leverage,0.1,38,0.01079136690647482,1.0,0.88
D5-leverage,0.2,38,0.012605042016806723,0.4032258064516129,0.8928571428571429
D5-leverage,0.3,38,0.01904761904761905,0.24444444444444444,0.8461538461538461
D6-uniform,0.0,38,0.023333333333333334,,0.0
D6-uniform,0.05,38,0.0034965034965034965,1.0,0.9333333333333333
D6-uniform,0.1,38,0.014545454545454545,1.0,0.8620689655172413
D6-uniform,0.2,38,0.008,0.96,0.96
D6-uniform,0.3,38,0.0,0.00909090909090909,1.0
D7-p3,0.0,38,0.05333333333333334,,0.0
D7-p3,0.05,38,0.020833333333333332,1.0,0.6666666666666666
D7-p3,0.1,38,0.010948905109489052,1.0,0.896551724137931
D7-p3,0.2,38,0.0,1.0,1.0
D7-p3,0.3,38,0.004739336492890996,1.0,0.9888888888888889
D8-K2par-sep,0.0,38,0.02,,0.0
D8-K2par-sep,0.05,38,0.006872852233676976,1.0,0.8181818181818182
D8-K2par-sep,0.1,38,0.0037593984962406013,1.0,0.9714285714285714
D8-K2par-sep,0.2,38,0.0,1.0,1.0
D8-K2par-sep,0.3,38,0.0,1.0,1.0
D1-K2cross,0.0,39,0.01,,0.0
D1-K2cross,0.05,39,0.028469750889679714,1.0,0.7037037037037037
D1-K2cross,0.1,39,0.01107011070110701,1.0,0.90625
D1-K2cross,0.2,39,0.0,1.0,1.0
D1-K2cross,0.3,39,0.0,1.0,1.0
D2-K3par,0.0,39,0.016666666666666666,,0.0
D2-K3par,0.05,39,0.0035211267605633804,1.0,0.9411764705882353
D2-K3par,0.1,39,0.0,1.0,1.0
D2-K3par,0.2,39,0.0,1.0,1.0
D2-K3par,0.3,39,0.0,1.0,1.0
D3-unequal,0.0,39,0.016666666666666666,,0.0
D3-unequal,0.05,39,0.0,1.0,1.0
D3-unequal,0.1,39,0.0076045627376425855,1.0,0.9487179487179487
D3-unequal,0.2,39,0.0,1.0,1.0
D3-unequal,0.3,39,0.0,1.0,1.0
D4-hetero,0.0,39,0.03666666666666667,,0.0
D4-hetero,0.05,39,0.021505376344086023,1.0,0.7777777777777778
D4-hetero,0.1,39,0.04411764705882353,1.0,0.7
D4-hetero,0.2,39,0.004484304932735426,1.0,0.9871794871794872
D4-hetero,0.3,39,0.009478672985781991,1.0,0.978021978021978
D5-leverage,0.0,39,0.03666666666666667,,0.0
D5-leverage,0.05,39,0.0035211267605633804,1.0,0.9411764705882353
D5-leverage,0.1,39,0.003703703703703704,1.0,0.967741935483871
D5-leverage,0.2,39,0.00851063829787234,1.0,0.9701492537313433
D5-leverage,0.3,39,0.018604651162790697,0.24705882352941178,0.84
D6-uniform,0.0,39,0.04666666666666667,,0.0
D6-uniform,0.05,39,0.003484320557491289,1.0,0.9285714285714286
D6-uniform,0.1,39,0.0,1.0,1.0
D6-uniform,0.2,39,0.0,0.88,1.0
D6-uniform,0.3,39,0.0,0.6363636363636364,1.0
D7-p3,0.0,39,0.013333333333333334,,0.0
D7-p3,0.05,39,0.01060070671378092,1.0,0.85
D7-p3,0.1,39,0.01486988847583643,1.0,0.8857142857142857
D7-p3,0.2,39,0.0,1.0,1.0
D7-p3,0.3,39,0.0,1.0,1.0
D8-K2par-sep,0.0,39,0.016666666666666666,,0.0
D8-K2par-sep,0.05,39,0.0,1.0,1.0
D8-K2par-sep,0.1,39,0.0,1.0,1.0
D8-K2par-sep,0.2,39,0.0,1.0,1.0
D8-K2par-sep,0.3,39,0.0,1.0,1.0
D1-K2cross,0.0,40,0.03,,0.0
D1-K2cross,0.05,40,0.01384083044982699,1.0,0.7333333333333333
D1-K2cross,0.1,40,0.0037174721189591076,1.0,0.96875
D1-K2cross,0.2,40,0.004273504273504274,1.0,0.9850746268656716
D1-K2cross,0.3,40,0.0,1.0,1.0
D2-K3par,0.0,40,0.006666666666666667,,0.0
D2-K3par,0.05,40,0.010526315789473684,1.0,0.8333333333333334
D2-K3par,0.1,40,0.0,1.0,1.0
D2-K3par,0.2,40,0.0,1.0,1.0
D2-K3par,0.3,40,0.0,1.0,1.0
D3-unequal,0.0,40,0.016666666666666666,,0.0
D3-unequal,0.05,40,0.024734982332155476,1.0,0.7083333333333334
D3-unequal,0.1,40,0.0,1.0,1.0
D3-unequal,0.2,40,0.008097165991902834,1.0,0.9636363636363636
D3-unequal,0.3,40,0.0049261083743842365,1.0,0.9897959183673469
D4-hetero,0.0,40,0.023333333333333334,,0.0
D4-hetero,0.05,40,0.02054794520547945,1.0,0.5714285714285714
D4-hetero,0.1,40,0.018796992481203006,1.0,0.8717948717948718
D4-hetero,0.2,40,0.012875536480686695,1.0,0.9571428571428572
D4-hetero,0.3,40,0.004901960784313725,1.0,0.9896907216494846
D5-leverage,0.0,40,0.023333333333333334,,0.0
D5-leverage,0.05,40,0.0,1.0,1.0
D5-leverage,0.1,40,0.011152416356877323,1.0,0.9117647058823529
D5-leverage,0.2,40,0.0,1.0,1.0
D5-leverage,0.3,40,0.004694835680751174,0.08045977011494253,0.875
D6-uniform,0.0,40,0.023333333333333334,,0.0
D6-uniform,0.05,40,0.010526315789473684,1.0,0.8333333333333334
D6-uniform,0.1,40,0.0036231884057971015,1.0,0.96
D6-uniform,0.2,40,0.0,0.7297297297297297,1.0
D6-uniform,0.3,40,0.004694835680751174,0.7701149425287356,0.9852941176470589
D7-p3,0.0,40,0.056666666666666664,,0.0
D7-p3,0.05,40,0.006944444444444444,1.0,0.8571428571428571
D7-p3,0.1,40,0.011152416356877323,1.0,0.9117647058823529
D7-p3,0.2,40,0.004424778761061947,1.0,0.9866666666666667
D7-p3,0.3,40,0.0,1.0,1.0
D8-K2par-sep,0.0,40,0.01,,0.0
D8-K2par-sep,0.05,40,0.01060070671378092,1.0,0.85
D8-K2par-sep,0.1,40,0.003663003663003663,1.0,0.9642857142857143
D8-K2par-sep,0.2,40,0.004098360655737705,1.0,0.9824561403508771
D8-K2par-sep,0.3,40,0.0,1.0,1.0
D1-K2cross,0.0,41,0.006666666666666667,,0.0
D1-K2cross,0.05,41,0.02422145328719723,1.0,0.6111111111111112
D1-K2cross,0.1,41,0.003676470588235294,1.0,0.9655172413793104
D1-K2cross,0.2,41,0.0,1.0,1.0
D1-K2cross,0.3,41,0.0,1.0,1.0
D2-K3par,0.0,41,0.0033333333333333335,,0.0
D2-K3par,0.05,41,0.0035587188612099642,1.0,0.95
D2-K3par,0.1,41,0.0,1.0,1.0
D2-K3par,0.2,41,0.0,1.0,1.0
D2-K3par,0.3,41,0.0,0.43209876543209874,1.0
D3-unequal,0.0,41,0.0033333333333333335,,0.0
D3-unequal,0.05,41,0.010638297872340425,1.0,0.8571428571428571
D3-unequal,0.1,41,0.0,1.0,1.0
D3-unequal,0.2,41,0.008097165991902834,1.0,0.9636363636363636
D3-unequal,0.3,41,0.004739336492890996,1.0,0.9888888888888889
D4-hetero,0.0,41,0.02,,0.0
D4-hetero,0.05,41,0.02491103202846975,1.0,0.7307692307692307
D4-hetero,0.1,41,0.022222222222222223,1.0,0.8333333333333334
D4-hetero,0.2,41,0.021551724137931036,1.0,0.9315068493150684
D4-hetero,0.3,41,0.009345794392523364,1.0,0.9772727272727273
D5-leverage,0.0,41,0.006666666666666667,,0.0
D5-leverage,0.05,41,0.017361111111111112,1.0,0.7058823529411765
D5-leverage,0.1,41,0.011278195488721804,1.0,0.918918918918919
D5-leverage,0.2,41,0.0,1.0,1.0
D5-leverage,0.3,41,0.0045871559633027525,0.5,0.9761904761904762
D6-uniform,0.0,41,0.013333333333333334,,0.0
D6-uniform,0.05,41,0.0,1.0,1.0
D6-uniform,0.1,41,0.01090909090909091,1.0,0.8928571428571429
D6-uniform,0.2,41,0.0,0.8363636363636363,1.0
D6-uniform,0.3,41,0.0,0.0,
D7-p3,0.0,41,0.043333333333333335,,0.0
D7-p3,0.05,41,0.0,1.0,1.0
D7-p3,0.1,41,0.014760147601476014,1.0,0.8787878787878788
D7-p3,0.2,41,0.00816326530612245,1.0,0.9649122807017544
D7-p3,0.3,41,0.0,1.0,1.0
D8-K2par-sep,0.0,41,0.006666666666666667,,0.0
D8-K2par-sep,0.05,41,0.010676156583629894,1.0,0.8636363636363636
D8-K2par-sep,0.1,41,0.007434944237918215,1.0,0.9393939393939394
D8-K2par-sep,0.2,41,0.004329004329004329,1.0,0.9857142857142858
D8-K2par-sep,0.3,41,0.0,1.0,1.0
D1-K2cross,0.0,42,0.01,,0.0
D1-K2cross,0.05,42,0.007042253521126761,1.0,0.8888888888888888
D1-K2cross,0.1,42,0.01107011070110701,1.0,0.90625
D1-K2cross,0.2,42,0.004098360655737705,1.0,0.9824561403508771
D1-K2cross,0.3,42,0.0,1.0,1.0
D2-K3par,0.0,42,0.0033333333333333335,,0.0
D2-K3par,0.05,42,0.0,1.0,1.0
D2-K3par,0.1,42,0.0,1.0,1.0
D2-K3par,0.2,42,0.0,1.0,1.0
D2-K3par,0.3,42,0.0,0.0,
D3-unequal,0.0,42,0.013333333333333334,,0.0
D3-unequal,0.05,42,0.014388489208633094,1.0,0.8461538461538461
D3-unequal,0.1,42,0.025179856115107913,1.0,0.7586206896551724
D3-unequal,0.2,42,0.0,1.0,1.0
D3-unequal,0.3,42,0.004651162790697674,1.0,0.9883720930232558
D4-hetero,0.0,42,0.03333333333333333,,0.0
D4-hetero,0.05,42,0.02527075812274368,1.0,0.7666666666666667
D4-hetero,0.1,42,0.018726591760299626,1.0,0.868421052631579
D4-hetero,0.2,42,0.00823045267489712,1.0,0.9661016949152542
D4-hetero,0.3,42,0.014423076923076924,1.0,0.968421052631579
D5-leverage,0.0,42,0.013333333333333334,,0.0
D5-leverage,0.05,42,0.010714285714285714,1.0,0.8695652173913043
D5-leverage,0.1,42,0.014492753623188406,1.0,0.8571428571428571
D5-leverage,0.2,42,0.0,1.0,1.0
D5-leverage,0.3,42,0.0091324200913242,0.24691358024691357,0.9090909090909091
D6-uniform,0.0,42,0.03,,0.0
D6-uniform,0.05,42,0.010676156583629894,1.0,0.8636363636363636
D6-uniform,0.1,42,0.011583011583011582,1.0,0.9318181818181818
D6-uniform,0.2,42,0.0,0.9672131147540983,1.0
D6-uniform,0.3,42,0.0,0.5353535353535354,1.0
D7-p3,0.0,42,0.02666666666666667,,0.0
D7-p3,0.05,42,0.01060070671378092,1.0,0.85
D7-p3,0.1,42,0.014760147601476014,1.0,0.8787878787878788
D7-p3,0.2,42,0.012987012987012988,1.0,0.9583333333333334
D7-p3,0.3,42,0.0,1.0,1.0
D8-K2par-sep,0.0,42,0.01,,0.0
D8-K2par-sep,0.05,42,0.0035842293906810036,1.0,0.9545454545454546
D8-K2par-sep,0.1,42,0.0,1.0,1.0
D8-K2par-sep,0.2,42,0.0,1.0,1.0
D8-K2par-sep,0.3,42,0.0,1.0,1.0
D1-K2cross,0.0,43,0.03,,0.0
D1-K2cross,0.05,43,0.0035460992907801418,1.0,0.9473684210526315
D1-K2cross,0.1,43,0.0,1.0,1.0
D1-K2cross,0.2,43,0.0,1.0,1.0
D1-K2cross,0.3,43,0.0,1.0,1.0
D2-K3par,0.0,43,0.0033333333333333335,,0.0
D2-K3par,0.05,43,0.0034482758620689655,1.0,0.9090909090909091
D2-K3par,0.1,43,0.0,1.0,1.0
D2-K3par,0.2,43,0.0,1.0,1.0
D2-K3par,0.3,43,0.0,0.5157894736842106,1.0
D3-unequal,0.0,43,0.023333333333333334,,0.0
D3-unequal,0.05,43,0.014035087719298246,1.0,0.7894736842105263
D3-unequal,0.1,43,0.014492753623188406,1.0,0.8571428571428571
D3-unequal,0.2,43,0.0,1.0,1.0
D3-unequal,0.3,43,0.13574660633484162,1.0,0.7247706422018348
D4-hetero,0.0,43,0.03333333333333333,,0.0
D4-hetero,0.05,43,0.02422145328719723,1.0,0.6111111111111112
D4-hetero,0.1,43,0.007407407407407408,1.0,0.9375
D4-hetero,0.2,43,0.017167381974248927,1.0,0.9436619718309859
D4-hetero,0.3,43,0.004784688995215311,1.0,0.9891304347826086
D5-leverage,0.0,43,0.01,,0.0
D5-leverage,0.05,43,0.01048951048951049,1.0,0.8235294117647058
D5-leverage,0.1,43,0.011029411764705883,1.0,0.9032258064516129
D5-leverage,0.2,43,0.00425531914893617,0.49230769230769234,0.9696969696969697
D5-leverage,0.3,43,0.02403846153846154,0.0,0.0
D6-uniform,0.0,43,0.016666666666666666,,0.0
D6-uniform,0.05,43,0.021352313167259787,1.0,0.76
D6-uniform,0.1,43,0.011194029850746268,1.0,0.9142857142857143
D6-uniform,0.2,43,0.0,1.0,1.0
D6-uniform,0.3,43,0.0,0.0,
D7-p3,0.0,43,0.04666666666666667,,0.0
D7-p3,0.05,43,0.014035087719298246,1.0,0.7894736842105263
D7-p3,0.1,43,0.025362318840579712,1.0,0.7741935483870968
D7-p3,0.2,43,0.0,1.0,1.0
D7-p3,0.3,43,0.0,1.0,1.0
D8-K2par-sep,0.0,43,0.01,,0.0
D8-K2par-sep,0.05,43,0.01060070671378092,1.0,0.85
D8-K2par-sep,0.1,43,0.007462686567164179,1.0,0.9411764705882353
D8-K2par-sep,0.2,43,0.003952569169960474,1.0,0.9791666666666666
D8-K2par-sep,0.3,43,0.0,1.0,1.0
D1-K2cross,0.0,44,0.023333333333333334,,0.0
D1-K2cross,0.05,44,0.013986013986013986,1.0,0.7777777777777778
D1-K2cross,0.1,44,0.0,1.0,1.0
D1-K2cross,0.2,44,0.0043859649122807015,1.0,0.9863013698630136
D1-K2cross,0.3,44,0.0,1.0,1.0
D2-K3par,0.0,44,0.006666666666666667,,0.0
D2-K3par,0.05,44,0.0,1.0,1.0
D2-K3par,0.1,44,0.0,1.0,1.0
D2-K3par,0.2,44,0.008064516129032258,1.0,0.9629629629629629
D2-K3par,0.3,44,0.0,0.3953488372093023,1.0
D3-unequal,0.0,44,0.006666666666666667,,0.0
D3-unequal,0.05,44,0.010752688172043012,1.0,0.875
D3-unequal,0.1,44,0.007662835249042145,1.0,0.9512195121951219
D3-unequal,0.2,44,0.0,1.0,1.0
D3-unequal,0.3,44,0.13513513513513514,1.0,0.7222222222222222
D4-hetero,0.0,44,0.043333333333333335,,0.0
D4-hetero,0.05,44,0.024390243902439025,1.0,0.65
D4-hetero,0.1,44,0.033962264150943396,1.0,0.7954545454545454
D4-hetero,0.2,44,0.003968253968253968,1.0,0.9795918367346939
D4-hetero,0.3,44,0.018691588785046728,1.0,0.9555555555555556
D5-leverage,0.0,44,0.01,,0.0
D5-leverage,0.05,44,0.017421602787456445,1.0,0.7222222222222222
D5-leverage,0.1,44,0.02564102564102564,1.0,0.7941176470588235
D5-leverage,0.2,44,0.008264462809917356,1.0,0.9666666666666667
D5-leverage,0.3,44,0.023474178403755867,0.2413793103448276,0.8076923076923077
D6-uniform,0.0,44,0.013333333333333334,,0.0
D6-uniform,0.05,44,0.006944444444444444,1.0,0.8571428571428571
D6-uniform,0.1,44,0.014336917562724014,1.0,0.84
D6-uniform,0.2,44,0.0,1.0,1.0
D6-uniform,0.3,44,0.0045871559633027525,0.5121951219512195,0.9767441860465116
D7-p3,0.0,44,0.02666666666666667,,0.0
D7-p3,0.05,44,0.04225352112676056,1.0,0.5714285714285714
D7-p3,0.1,44,0.03308823529411765,1.0,0.7567567567567568
D7-p3,0.2,44,0.004048582995951417,1.0,0.9814814814814815
D7-p3,0.3,44,0.0,1.0,1.0
D8-K2par-sep,0.0,44,0.013333333333333334,,0.0
D8-K2par-sep,0.05,44,0.028169014084507043,1.0,0.6666666666666666
D8-K2par-sep,0.1,44,0.0072992700729927005,1.0,0.9285714285714286
D8-K2par-sep,0.2,44,0.0,1.0,1.0
D8-K2par-sep,0.3,44,0.0,1.0,1.0
D1-K2cross,0.0,45,0.016666666666666666,,0.0
D1-K2cross,0.05,45,0.010238907849829351,1.0,0.7
D1-K2cross,0.1,45,0.01845018450184502,1.0,0.8529411764705882
D1-K2cross,0.2,45,0.004405286343612335,1.0,0.9864864864864865
D1-K2cross,0.3,45,0.0,1.0,1.0
D2-K3par,0.0,45,0.0033333333333333335,,0.0
D2-K3par,0.05,45,0.010638297872340425,1.0,0.8571428571428571
D2-K3par,0.1,45,0.0,1.0,1.0
D2-K3par,0.2,45,0.0,1.0,1.0
D2-K3par,0.3,45,0.0,0.5113636363636364,1.0
D3-unequal,0.0,45,0.03333333333333333,,0.0
D3-unequal,0.05,45,0.010452961672473868,1.0,0.8125
D3-unequal,0.1,45,0.007407407407407408,1.0,0.9375
D3-unequal,0.2,45,0.004219409282700422,1.0,0.984375
D3-unequal,0.3,45,0.0,1.0,1.0
D4-hetero,0.0,45,0.023333333333333334,,0.0
D4-hetero,0.05,45,0.027874564459930314,1.0,0.6190476190476191
D4-hetero,0.1,45,0.026217228464419477,1.0,0.825
D4-hetero,0.2,45,0.0163265306122449,1.0,0.9322033898305084
D4-hetero,0.3,45,0.014084507042253521,1.0,0.9666666666666667
D5-leverage,0.0,45,0.016666666666666666,,0.0
D5-leverage,0.05,45,0.021052631578947368,1.0,0.7142857142857143
D5-leverage,0.1,45,0.007434944237918215,1.0,0.9393939393939394
D5-leverage,0.2,45,0.008658008658008658,0.2463768115942029,0.8947368421052632
D5-leverage,0.3,45,0.0,0.03333333333333333,1.0
D6-uniform,0.0,45,0.05333333333333334,,0.0
D6-uniform,0.05,45,0.007017543859649123,1.0,0.8823529411764706
D6-uniform,0.1,45,0.0037174721189591076,1.0,0.96875
D6-uniform,0.2,45,0.004149377593360996,0.9322033898305084,0.9821428571428571
D6-uniform,0.3,45,0.0,0.425531914893617,1.0
D7-p3,0.0,45,0.03666666666666667,,0.0
D7-p3,0.05,45,0.010416666666666666,1.0,0.8
D7-p3,0.1,45,0.010869565217391304,1.0,0.8888888888888888
D7-p3,0.2,45,0.00851063829787234,1.0,0.9701492537313433
D7-p3,0.3,45,0.0,1.0,1.0
D8-K2par-sep,0.0,45,0.023333333333333334,,0.0
D8-K2par-sep,0.05,45,0.014234875444839857,1.0,0.8260869565217391
D8-K2par-sep,0.1,45,0.007272727272727273,1.0,0.9259259259259259
D8-K2par-sep,0.2,45,0.003968253968253968,1.0,0.9795918367346939
D8-K2par-sep,0.3,45,0.0,1.0,1.0
D1-K2cross,0.0,46,0.013333333333333334,,0.0
D1-K2cross,0.05,46,0.014234875444839857,1.0,0.8260869565217391
D1-K2cross,0.1,46,0.0,1.0,1.0
D1-K2cross,0.2,46,0.0,1.0,1.0
D1-K2cross,0.3,46,0.0,1.0,1.0
D2-K3par,0.0,46,0.016666666666666666,,0.0
D2-K3par,0.05,46,0.003663003663003663,1.0,0.9642857142857143
D2-K3par,0.1,46,0.003745318352059925,1.0,0.9705882352941176
D2-K3par,0.2,46,0.0,1.0,1.0
D2-K3par,0.3,46,0.004784688995215311,0.6263736263736264,0.9827586206896551
D3-unequal,0.0,46,0.023333333333333334,,0.0
D3-unequal,0.05,46,0.013937282229965157,1.0,0.7647058823529411
D3-unequal,0.1,46,0.0,1.0,1.0
D3-unequal,0.2,46,0.004201680672268907,1.0,0.9841269841269841
D3-unequal,0.3,46,0.004761904761904762,1.0,0.989010989010989
D4-hetero,0.0,46,0.02666666666666667,,0.0
D4-hetero,0.05,46,0.03484320557491289,1.0,0.5652173913043478
D4-hetero,0.1,46,0.011406844106463879,1.0,0.925
D4-hetero,0.2,46,0.02553191489361702,1.0,0.9154929577464789
D4-hetero,0.3,46,0.004784688995215311,1.0,0.9891304347826086
D5-leverage,0.0,46,0.006666666666666667,,0.0
D5-leverage,0.05,46,0.003484320557491289,1.0,0.9285714285714286
D5-leverage,0.1,46,0.0,1.0,1.0
D5-leverage,0.2,46,0.004219409282700422,0.5238095238095238,0.9705882352941176
D5-leverage,0.3,46,0.009389671361502348,0.28735632183908044,0.9259259259259259
D6-uniform,0.0,46,0.013333333333333334,,0.0
D6-uniform,0.05,46,0.017123287671232876,1.0,0.6153846153846154
D6-uniform,0.1,46,0.011320754716981131,1.0,0.9210526315789473
D6-uniform,0.2,46,0.0,0.9152542372881356,1.0
D6-uniform,0.3,46,0.0,0.7040816326530612,1.0
D7-p3,0.0,46,0.03333333333333333,,0.0
D7-p3,0.05,46,0.03146853146853147,1.0,0.6086956521739131
D7-p3,0.1,46,0.05204460966542751,1.0,0.6888888888888889
D7-p3,0.2,46,0.0,1.0,1.0
D7-p3,0.3,46,0.0,1.0,1.0
D8-K2par-sep,0.0,46,0.013333333333333334,,0.0
D8-K2par-sep,0.05,46,0.00684931506849315,1.0,0.8
D8-K2par-sep,0.1,46,0.0037174721189591076,1.0,0.96875
D8-K2par-sep,0.2,46,0.0,1.0,1.0
D8-K2par-sep,0.3,46,0.0,1.0,1.0
D1-K2cross,0.0,47,0.02,,0.0
D1-K2cross,0.05,47,0.014285714285714285,1.0,0.8333333333333334
D1-K2cross,0.1,47,0.007434944237918215,1.0,0.9393939393939394
D1-K2cross,0.2,47,0.0,1.0,1.0
D1-K2cross,0.3,47,0.0,1.0,1.0
D2-K3par,0.0,47,0.01,,0.0
D2-K3par,0.05,47,0.010380622837370242,1.0,0.7857142857142857
D2-K3par,0.1,47,0.0035971223021582736,1.0,0.9565217391304348
D2-K3par,0.2,47,0.0,1.0,1.0
D2-K3par,0.3,47,0.0,1.0,1.0
D3-unequal,0.0,47,0.02666666666666667,,0.0
D3-unequal,0.05,47,0.013745704467353952,1.0,0.6923076923076923
D3-unequal,0.1,47,0.014234875444839857,1.0,0.8260869565217391
D3-unequal,0.2,47,0.0,1.0,1.0
D3-unequal,0.3,47,0.0,1.0,1.0
D4-hetero,0.0,47,0.03333333333333333,,0.0
D4-hetero,0.05,47,0.02464788732394366,1.0,0.6956521739130435
D4-hetero,0.1,47,0.03260869565217391,1.0,0.7272727272727273
D4-hetero,0.2,47,0.004366812227074236,1.0,0.9861111111111112
D4-hetero,0.3,47,0.004830917874396135,1.0,0.9893617021276596
D5-leverage,0.0,47,0.016666666666666666,,0.0
D5-leverage,0.05,47,0.021052631578947368,1.0,0.7142857142857143
D5-leverage,0.1,47,0.007633587786259542,1.0,0.95
D5-leverage,0.2,47,0.004201680672268907,1.0,0.9841269841269841
D5-leverage,0.3,47,0.014563106796116505,0.0,0.0
D6-uniform,0.0,47,0.006666666666666667,,0.0
D6-uniform,0.05,47,0.0176678445229682,1.0,0.7727272727272727
D6-uniform,0.1,47,0.0,1.0,1.0
D6-uniform,0.2,47,0.003952569169960474,1.0,0.9791666666666666
D6-uniform,0.3,47,0.0,0.691358024691358,1.0
D7-p3,0.0,47,0.03666666666666667,,0.0
D7-p3,0.05,47,0.04844290657439446,1.0,0.44
D7-p3,0.1,47,0.01509433962264151,1.0,0.8974358974358975
D7-p3,0.2,47,0.00423728813559322,1.0,0.9846153846153847
D7-p3,0.3,47,0.01932367149758454,1.0,0.9587628865979382
D8-K2par-sep,0.0,47,0.0033333333333333335,,0.0
D8-K2par-sep,0.05,47,0.0,1.0,1.0
D8-K2par-sep,0.1,47,0.007380073800738007,1.0,0.9354838709677419
D8-K2par-sep,0.2,47,0.004032258064516129,1.0,0.9811320754716981
D8-K2par-sep,0.3,47,0.0,1.0,1.0
D1-K2cross,0.0,48,0.023333333333333334,,0.0
D1-K2cross,0.05,48,0.013888888888888888,1.0,0.75
D1-K2cross,0.1,48,0.0,1.0,1.0
D1-K2cross,0.2,48,0.00411522633744856,1.0,0.9827586206896551
D1-K2cross,0.3,48,0.0,1.0,1.0
D2-K3par,0.0,48,0.0033333333333333335,,0.0
D2-K3par,0.05,48,0.003472222222222222,1.0,0.9230769230769231
D2-K3par,0.1,48,0.0,1.0,1.0
D2-K3par,0.2,48,0.0,1.0,1.0
D2-K3par,0.3,48,0.0,0.3838383838383838,1.0
D3-unequal,0.0,48,0.01,,0.0
D3-unequal,0.05,48,0.01079136690647482,1.0,0.88
D3-unequal,0.1,48,0.007380073800738007,1.0,0.9354838709677419
D3-unequal,0.2,48,0.0,1.0,1.0
D3-unequal,0.3,48,0.004901960784313725,1.0,0.9896907216494846
D4-hetero,0.0,48,0.02,,0.0
D4-hetero,0.05,48,0.024475524475524476,1.0,0.6666666666666666
D4-hetero,0.1,48,0.01444043321299639,1.0,0.8518518518518519
D4-hetero,0.2,48,0.01694915254237288,1.0,0.9411764705882353
D4-hetero,0.3,48,0.0048543689320388345,1.0,0.9894736842105263
D5-leverage,0.0,48,0.016666666666666666,,0.0
D5-leverage,0.05,48,0.0,1.0,1.0
D5-leverage,0.1,48,0.0,1.0,1.0
D5-leverage,0.2,48,0.008,1.0,0.9615384615384616
D5-leverage,0.3,48,0.00966183574879227,0.0,0.0
D6-uniform,0.0,48,0.01,,0.0
D6-uniform,0.05,48,0.006993006993006993,1.0,0.875
D6-uniform,0.1,48,0.014760147601476014,1.0,0.8787878787878788
D6-uniform,0.2,48,0.004048582995951417,1.0,0.9814814814814815
D6-uniform,0.3,48,0.0,0.0,
D7-p3,0.0,48,0.06333333333333334,,0.0
D7-p3,0.05,48,0.020618556701030927,1.0,0.6
D7-p3,0.1,48,0.014705882352941176,1.0,0.875
D7-p3,0.2,48,0.004166666666666667,1.0,0.9836065573770492
D7-p3,0.3,48,0.0,0.9880952380952381,1.0
D8-K2par-sep,0.0,48,0.006666666666666667,,0.0
D8-K2par-sep,0.05,48,0.006920415224913495,1.0,0.8461538461538461
D8-K2par-sep,0.1,48,0.0,1.0,1.0
D8-K2par-sep,0.2,48,0.008333333333333333,1.0,0.967741935483871
D8-K2par-sep,0.3,48,0.0,1.0,1.0
D1-K2cross,0.0,49,0.0033333333333333335,,0.0
D1-K2cross,0.05,49,0.006896551724137931,1.0,0.8333333333333334
D1-K2cross,0.1,49,0.010948905109489052,1.0,0.896551724137931
D1-K2cross,0.2,49,0.017167381974248927,1.0,0.9436619718309859
D1-K2cross,0.3,49,0.0,1.0,1.0
D2-K3par,0.0,49,0.0,,
D2-K3par,0.05,49,0.0,1.0,1.0
D2-K3par,0.1,49,0.0,1.0,1.0
D2-K3par,0.2,49,0.0,1.0,1.0
D2-K3par,0.3,49,0.0,0.51,1.0
D3-unequal,0.0,49,0.04666666666666667,,0.0
D3-unequal,0.05,49,0.014184397163120567,1.0,0.8181818181818182
D3-unequal,0.1,49,0.0,1.0,1.0
D3-unequal,0.2,49,0.0041841004184100415,1.0,0.9838709677419355
D3-unequal,0.3,49,0.0,1.0,1.0
D4-hetero,0.0,49,0.04,,0.0
D4-hetero,0.05,49,0.021352313167259787,1.0,0.76
D4-hetero,0.1,49,0.029304029304029304,1.0,0.7714285714285715
D4-hetero,0.2,49,0.012048192771084338,1.0,0.9444444444444444
D4-hetero,0.3,49,0.004608294930875576,1.0,0.9880952380952381
D5-leverage,0.0,49,0.023333333333333334,,0.0
D5-leverage,0.05,49,0.02491103202846975,1.0,0.7307692307692307
D5-leverage,0.1,49,0.011194029850746268,1.0,0.9142857142857143
D5-leverage,0.2,49,0.008097165991902834,1.0,0.9636363636363636
D5-leverage,0.3,49,0.0136986301369863,0.345679012345679,0.9032258064516129
D6-uniform,0.0,49,0.02,,0.0
D6-uniform,0.05,49,0.0035460992907801418,1.0,0.9473684210526315
D6-uniform,0.1,49,0.015151515151515152,1.0,0.9
D6-uniform,0.2,49,0.0125,0.9833333333333333,0.9516129032258065
D6-uniform,0.3,49,0.0,0.0,
D7-p3,0.0,49,0.02,,0.0
D7-p3,0.05,49,0.017605633802816902,1.0,0.7619047619047619
D7-p3,0.1,49,0.011029411764705883,1.0,0.9032258064516129
D7-p3,0.2,49,0.01702127659574468,1.0,0.9420289855072463
D7-p3,0.3,49,0.0,1.0,1.0
D8-K2par-sep,0.0,49,0.01,,0.0
D8-K2par-sep,0.05,49,0.006993006993006993,1.0,0.875
D8-K2par-sep,0.1,49,0.0036231884057971015,1.0,0.96
D8-K2par-sep,0.2,49,0.0,1.0,1.0
D8-K2par-sep,0.3,49,0.0,1.0,1.0
