design,eps,best,alg2,bestacc,diff,se,fail
D1-K2cross,0.0,bisq,0.9107333333333333,0.912,-0.0012666666666666627,0.000659072391496987,False
D1-K2cross,0.05,TCR(0.10)+rw,0.907169691774715,0.9077384864320039,-0.0005687946572889868,0.0003933002152741971,False
D1-K2cross,0.1,CTLE,0.9134913266159298,0.9143726471127632,-0.0008813204968335952,0.00044059830864099823,False
D1-K2cross,0.2,TCR(0.40)+rw,0.9101025572917277,0.9106865916008609,-0.0005840343091329658,0.00041992694390023964,False
D2-K3par,0.0,HA50,0.904,0.9043333333333332,-0.0003333333333333166,0.0014761904761904758,False
D2-K3par,0.05,TA(0.10),0.9012137168434797,0.9047040429903046,-0.003490326146824658,0.005137340551258279,False
D2-K3par,0.1,TA(0.15),0.8888790099508117,0.9024738726989906,-0.013594862748179054,0.008687575299277108,False
D2-K3par,0.2,TA(0.25),0.9008945604034885,0.9026837430125053,-0.0017891826090168617,0.007830826663292781,False
D3-unequal,0.0,TLE(0.10),0.9031333333333333,0.9119333333333333,-0.00880000000000002,0.007695308816270973,False
D3-unequal,0.05,TA(0.10),0.9125966118617014,0.9125306993376551,6.591252404625214e-05,0.00041068006945159423,False
D3-unequal,0.1,TLE(0.15),0.9005006199557709,0.9079200751298311,-0.007419455174059985,0.007279309779116506,False
D3-unequal,0.2,TCR(0.25),0.899784322859901,0.914823203987002,-0.015038881127100974,0.0097055580200731,False
D4-hetero,0.0,TLE(0.05),0.9107999999999999,0.9131333333333334,-0.002333333333333325,0.0007142857142857149,False
D4-hetero,0.05,TLE(0.25),0.9089026260249413,0.9121823378328999,-0.0032797118079587006,0.0013422779205450876,False
D4-hetero,0.1,bisq,0.9097783048565633,0.9118557389682199,-0.002077434111656564,0.0008656886289507335,False
D4-hetero,0.2,TLE(0.40),0.9036196544538236,0.9079583148475514,-0.004338660393727696,0.001588426175151811,False
D6-uniform,0.0,TLE(0.05),0.9122,0.9128666666666666,-0.0006666666666666754,0.0006172133998483642,False
D6-uniform,0.05,TA(0.05),0.9096975325368605,0.91005226511139,-0.00035473257452956153,0.0003362442007939246,False
D6-uniform,0.1,TCR(0.10),0.9121766398248979,0.9123256949695592,-0.00014905514466125646,0.0007792787277989992,False
D6-uniform,0.2,TCR(0.25),0.8909503657640048,0.9074520546260669,-0.01650168886206223,0.01080159303945627,False
D7-p3,0.0,bisq,0.9077333333333334,0.9090666666666667,-0.0013333333333333285,0.0007559289460184543,False
D7-p3,0.05,bisq,0.910164955117234,0.9112174489317986,-0.001052493814564437,0.0008524368694145521,False
D7-p3,0.1,TA(0.40),0.9074656872522726,0.9090559072182306,-0.0015902199659580108,0.0009303522940103029,False
D7-p3,0.2,TA(0.25),0.9083986888386285,0.908222818104673,0.00017587073395550768,0.0005959525340450598,False
D8-K2par-sep,0.0,TCR(0.10)+rw,0.9986000000000002,0.9986666666666667,-6.666666666667265e-05,6.666666666667263e-05,False
D8-K2par-sep,0.05,TCR(0.25)+rw,0.9986759591959593,0.9986759591959591,0.0,0.0,False
D8-K2par-sep,0.1,TCR(0.15),0.9985180371546662,0.9985926459299512,-7.460877528483235e-05,0.00016599360909321323,False
D8-K2par-sep,0.2,TCR(0.25)+rw,0.9992577879391447,0.9992577879391447,0.0,0.0,False
