part,design,eps,n,alg1,alg2,diff,se,changed
1,D1-K2cross,0.0,50,0.9107333333333333,0.9107333333333333,0.0,0.0,0.0
1,D1-K2cross,0.05,50,0.907169691774715,0.907169691774715,0.0,0.0,0.0
1,D1-K2cross,0.1,50,0.9134913266159298,0.9134913266159298,0.0,0.0,0.0
1,D1-K2cross,0.2,50,0.9101025572917277,0.9101025572917277,0.0,0.0,0.0
1,D1-K2cross,0.3,50,0.9070800816495713,0.9070800816495713,0.0,0.0,0.0
1,D2-K3par,0.0,50,0.904,0.904,0.0,0.0,0.0
1,D2-K3par,0.05,50,0.9012137168434797,0.9012137168434797,0.0,0.0,0.0
1,D2-K3par,0.1,50,0.8888041035837705,0.8888790099508117,7.490636704119868e-05,7.49063670411987e-05,0.02
1,D2-K3par,0.2,50,0.9008945604034885,0.9008945604034885,0.0,0.0,0.0
1,D2-K3par,0.3,50,0.7469905497774271,0.7402578765101002,-0.006732673267326732,0.006732673267326731,0.04
1,D3-unequal,0.0,50,0.8980666666666667,0.9031333333333333,0.005066666666666668,0.005066666666666668,0.02
1,D3-unequal,0.05,50,0.9125966118617014,0.9125966118617014,0.0,0.0,0.0
1,D3-unequal,0.1,50,0.9005006199557709,0.9005006199557709,0.0,0.0,0.0
1,D3-unequal,0.2,50,0.8854152723351266,0.899784322859901,0.014369050524774225,0.010077925403131061,0.04
1,D3-unequal,0.3,50,0.8686113131825182,0.8727819292962623,0.004170616113744079,0.004170616113744079,0.02
1,D4-hetero,0.0,50,0.9107999999999999,0.9107999999999999,0.0,0.0,0.0
1,D4-hetero,0.05,50,0.9088326959550111,0.9089026260249413,6.993006993006867e-05,6.993006993006866e-05,0.02
1,D4-hetero,0.1,50,0.9097783048565633,0.9097783048565633,0.0,0.0,0.0
1,D4-hetero,0.2,50,0.9036196544538236,0.9036196544538236,0.0,0.0,0.0
1,D4-hetero,0.3,50,0.9076031760862577,0.9076031760862577,0.0,0.0,0.0
1,D5-leverage,0.0,50,0.9101333333333335,0.9101333333333335,0.0,0.0,0.0
1,D5-leverage,0.05,50,0.9117238274876138,0.9117238274876138,0.0,0.0,0.0
1,D5-leverage,0.1,50,0.9104953930809191,0.9104953930809191,0.0,0.0,0.0
1,D5-leverage,0.2,50,0.8519140187650004,0.8519140187650004,0.0,0.0,0.0
1,D5-leverage,0.3,50,0.5439044779352327,0.5433487076778661,-0.0005557702573664858,0.002654599702616574,0.08
1,D6-uniform,0.0,50,0.9122,0.9122,0.0,0.0,0.0
1,D6-uniform,0.05,50,0.9096975325368605,0.9096975325368605,0.0,0.0,0.0
1,D6-uniform,0.1,50,0.9121766398248979,0.9121766398248979,0.0,0.0,0.0
1,D6-uniform,0.2,50,0.8950575086211475,0.8909503657640048,-0.004107142857142858,0.004107142857142857,0.02
1,D6-uniform,0.3,50,0.7010164217526531,0.7010164217526531,0.0,0.0,0.0
1,D7-p3,0.0,50,0.9077333333333334,0.9077333333333334,0.0,0.0,0.0
1,D7-p3,0.05,50,0.910164955117234,0.910164955117234,0.0,0.0,0.0
1,D7-p3,0.1,50,0.9074656872522726,0.9074656872522726,0.0,0.0,0.0
1,D7-p3,0.2,50,0.9083986888386285,0.9083986888386285,0.0,0.0,0.0
1,D7-p3,0.3,50,0.8931015187829315,0.892890992467142,-0.00021052631578947435,0.00021052631578947432,0.02
1,D8-K2par-sep,0.0,50,0.9986000000000002,0.9986000000000002,0.0,0.0,0.0
1,D8-K2par-sep,0.05,50,0.9986759591959593,0.9986759591959593,0.0,0.0,0.0
1,D8-K2par-sep,0.1,50,0.9985180371546662,0.9985180371546662,0.0,0.0,0.0
1,D8-K2par-sep,0.2,50,0.9992577879391447,0.9992577879391447,0.0,0.0,0.0
1,D8-K2par-sep,0.3,50,0.9984758713176188,0.9984758713176188,0.0,0.0,0.0
1b,D1-K2cross,0.25,100,0.909962352422511,0.909962352422511,0.0,0.0,0.0
1b,D1-K2cross,0.3,100,0.9114066560593459,0.9114066560593459,0.0,0.0,0.0
1b,D1-K2cross,0.35,100,0.9102914132908515,0.9102914132908515,0.0,0.0,0.0
1b,D2-K3par,0.25,100,0.8649488787058517,0.8617837410911728,-0.003165137614678899,0.003165137614678898,0.01
1b,D2-K3par,0.3,100,0.764884070469957,0.764884070469957,0.0,0.0,0.0
1b,D2-K3par,0.35,100,0.5550298991085464,0.5516345623209815,-0.0033953367875647657,0.002456205144388782,0.02
1b,D3-unequal,0.25,100,0.8883274790486876,0.9010337314419432,0.012706252393255726,0.006429081061411862,0.04
1b,D3-unequal,0.3,100,0.8810147827669416,0.8810147827669416,0.0,0.0,0.0
1b,D3-unequal,0.35,100,0.8404646994819416,0.8404646994819416,0.0,0.0,0.0
1b,D4-hetero,0.25,100,0.9109066759421025,0.9109066759421025,0.0,0.0,0.0
1b,D4-hetero,0.3,100,0.9066638515554694,0.9066638515554694,0.0,0.0,0.0
1b,D4-hetero,0.35,100,0.8992869222693618,0.8992869222693618,0.0,0.0,0.0
1b,D5-leverage,0.25,100,0.6415422171848577,0.6391431833684327,-0.0023990338164251203,0.002355517636381955,0.02
1b,D5-leverage,0.3,100,0.5377733501915839,0.5379764443100328,0.00020309411844885217,0.00025336565115385905,0.02
1b,D5-leverage,0.35,100,0.5273420617590959,0.5272920617590959,-5.000000000000004e-05,5.0000000000000036e-05,0.01
1b,D6-uniform,0.25,100,0.8280788984837126,0.8280788984837126,0.0,0.0,0.0
1b,D6-uniform,0.3,100,0.6837737445094659,0.6772225786693035,-0.006551165840162386,0.005028955966680634,0.03
1b,D6-uniform,0.35,100,0.5854128797400101,0.5756519692219567,-0.009760910518053376,0.005636290502967488,0.03
1b,D7-p3,0.25,100,0.9101179677327187,0.9101179677327187,0.0,0.0,0.0
1b,D7-p3,0.3,100,0.9061268285367515,0.9061268285367515,0.0,0.0,0.0
1b,D7-p3,0.35,100,0.8766924702664497,0.8766924702664497,0.0,0.0,0.0
1b,D8-K2par-sep,0.25,100,0.9988053107825499,0.9988053107825499,0.0,0.0,0.0
1b,D8-K2par-sep,0.3,100,0.9989561402476903,0.9989561402476903,0.0,0.0,0.0
1b,D8-K2par-sep,0.35,100,0.9985614727314109,0.9985614727314109,0.0,0.0,0.0
1c,E1-K2cross-n100,0.0,50,0.9125999999999997,0.9121999999999999,-0.00040000000000000034,0.0004000000000000004,0.02
1c,E1-K2cross-n100,0.1,50,0.9184575997939639,0.9184575997939639,0.0,0.0,0.0
1c,E1-K2cross-n100,0.2,50,0.9012626940931174,0.9080159408463642,0.006753246753246756,0.006753246753246755,0.02
1c,E1-K2cross-n100,0.3,50,0.9079195876734378,0.9079195876734378,0.0,0.0,0.0
1c,E2-K2cross-n1000,0.0,50,0.9098999999999999,0.9098999999999999,0.0,0.0,0.0
1c,E2-K2cross-n1000,0.1,50,0.91102871509901,0.91102871509901,0.0,0.0,0.0
1c,E2-K2cross-n1000,0.2,50,0.9114467553014702,0.9114467553014702,0.0,0.0,0.0
1c,E2-K2cross-n1000,0.3,50,0.9017239691734482,0.9017239691734482,0.0,0.0,0.0
1c,E3-unequal-n1000,0.0,50,0.9127600000000001,0.9127600000000001,0.0,0.0,0.0
1c,E3-unequal-n1000,0.1,50,0.9114497578715509,0.9114497578715509,0.0,0.0,0.0
1c,E3-unequal-n1000,0.2,50,0.9027371190334916,0.9027371190334916,0.0,0.0,0.0
1c,E3-unequal-n1000,0.3,50,0.9010230581545438,0.9012262511879255,0.00020319303338171225,0.00020319303338171225,0.02
1c,E4-K4par,0.0,50,0.9576,0.9576,0.0,0.0,0.0
1c,E4-K4par,0.1,50,0.9647260564074,0.9647260564074,0.0,0.0,0.0
1c,E4-K4par,0.2,50,0.9492395481597045,0.9492395481597045,0.0,0.0,0.0
1c,E4-K4par,0.3,50,0.7338615224785976,0.724184349795649,-0.009677172682948385,0.0057757421277936875,0.08
1c,E5-p3corr,0.0,50,0.9085999999999999,0.9086666666666665,6.66666666666682e-05,6.666666666666821e-05,0.02
1c,E5-p3corr,0.1,50,0.9146605517596504,0.9146605517596504,0.0,0.0,0.0
1c,E5-p3corr,0.2,50,0.9090064379789147,0.9090064379789147,0.0,0.0,0.0
1c,E5-p3corr,0.3,50,0.9101910975550631,0.9101910975550631,0.0,0.0,0.0
1d,F1-K2cross-moderate,0.05,50,0.9067408245207988,0.9067408245207988,0.0,0.0,0.0
1d,F1-K2cross-moderate,0.1,50,0.9103929393521839,0.9103929393521839,0.0,0.0,0.0
1d,F1-K2cross-moderate,0.2,50,0.914314553573475,0.914314553573475,0.0,0.0,0.0
1d,F1-K2cross-moderate,0.3,50,0.9008316959237864,0.9008316959237864,0.0,0.0,0.0
1d,F2-unequal-moderate,0.05,50,0.9099826866422436,0.9099826866422436,0.0,0.0,0.0
1d,F2-unequal-moderate,0.1,50,0.9097123667187258,0.9097123667187258,0.0,0.0,0.0
1d,F2-unequal-moderate,0.2,50,0.9038473706574177,0.9038473706574177,0.0,0.0,0.0
1d,F2-unequal-moderate,0.3,50,0.873724172123909,0.873724172123909,0.0,0.0,0.0
1e,G1-small20,0.0,50,0.8190666666666665,0.9104666666666666,0.09139999999999998,0.022242140959609084,0.26
1e,G1-small20,0.1,50,0.8361101360102878,0.9098479165610687,0.0737377805507808,0.021236383096057323,0.2
1e,G1-small20,0.2,50,0.726872465405123,0.8820565058780386,0.15518404047291556,0.026210132041067438,0.42
1e,G1-small20,0.3,50,0.7481018876879166,0.7481018876879166,0.0,0.0,0.0
1e,G2-small15,0.0,50,0.6280000000000001,0.9094,0.2814,0.022996813345250274,0.76
1e,G2-small15,0.1,50,0.6046109491927517,0.9121917440159092,0.3075807948231577,0.019890658773733083,0.84
1e,G2-small15,0.2,50,0.6191884640401135,0.88125428100854,0.26206581696842646,0.02279361425678522,0.74
1e,G2-small15,0.3,50,0.7317843315371426,0.7471419072947184,0.015357575757575757,0.010780825138346007,0.04
1e,G3-cluster,0.0,50,0.9135333333333334,0.9135333333333334,0.0,0.0,0.0
1e,G3-cluster,0.1,50,0.9101892168883587,0.9101892168883587,0.0,0.0,0.0
1e,G3-cluster,0.2,50,0.7002280564126114,0.7806477230735799,0.08041966666096836,0.021712809823584645,0.26
1e,G3-cluster,0.3,50,0.5362785616658821,0.5496416382022651,0.013363076536383054,0.00935527620845257,0.06
