unit,max_abs_diff
D1-K2cross_e00_r000,0.0
D1-K2cross_e05_r000,0.0
D1-K2cross_e10_r000,0.0
D1-K2cross_e20_r000,0.0
D1-K2cross_e30_r000,0.0
D2-K3par_e00_r000,0.0
D2-K3par_e05_r000,0.0
D2-K3par_e10_r000,0.0
D2-K3par_e20_r000,0.0
D2-K3par_e30_r000,0.0
D3-unequal_e00_r000,0.0
D3-unequal_e05_r000,0.0
D3-unequal_e10_r000,0.0
D3-unequal_e20_r000,0.0
D3-unequal_e30_r000,0.0
D4-hetero_e00_r000,0.0
D4-hetero_e05_r000,0.0
D4-hetero_e10_r000,0.0
D4-hetero_e20_r000,0.0
D4-hetero_e30_r000,0.0
D5-leverage_e00_r000,0.0
D5-leverage_e05_r000,0.0
D5-leverage_e10_r000,0.0
D5-leverage_e20_r000,0.0
D5-leverage_e30_r000,0.0
D6-uniform_e00_r000,0.0
D6-uniform_e05_r000,0.0
D6-uniform_e10_r000,0.0
D6-uniform_e20_r000,0.0
D6-uniform_e30_r000,0.0
D7-p3_e00_r000,0.0
D7-p3_e05_r000,0.0
D7-p3_e10_r000,0.0
D7-p3_e20_r000,0.0
D7-p3_e30_r000,0.0
D8-K2par-sep_e00_r000,0.0
D8-K2par-sep_e05_r000,0.0
D8-K2par-sep_e10_r000,0.0
D8-K2par-sep_e20_r000,0.0
D8-K2par-sep_e30_r000,0.0
