design,K,d,m,rep,solver,value,time,nodes,optimal,gap
D1-K2cross,2,2,8,0,bb,1.092147019842308,8.734000039112289e-05,95.0,True,0.0
D1-K2cross,2,2,8,0,bb_inc,1.092147019842308,3.58693278499959,89.0,True,0.0
D1-K2cross,2,2,8,0,rbba,1.092147019842308,0.00024295399998663925,240.0,True,0.0
D1-K2cross,2,2,8,0,miqp_g,1.0921470198423577,0.0119199339997067,31.0,True,4.5541479855329864e-14
D1-K2cross,2,2,8,0,miqp_s,1.0921467559084637,0.7379217359994072,5.0,True,-2.416651234131908e-07
D1-K2cross,2,2,8,1,bb,2.7545961961985768,8.324600003106752e-05,77.0,True,0.0
D1-K2cross,2,2,8,1,bb_inc,2.754596196198463,0.0013181459999032086,59.0,True,-4.127168906952939e-14
D1-K2cross,2,2,8,1,rbba,2.7545961961985768,0.0002355619999434566,222.0,True,0.0
D1-K2cross,2,2,8,1,miqp_g,2.754596196198185,0.014956906999941566,46.0,True,-1.4219386624736297e-13
D1-K2cross,2,2,8,1,miqp_s,2.754595363407229,0.2856287730000986,23.0,True,-3.023279234290508e-07
D1-K2cross,2,2,8,2,bb,1.1730138274650141,9.015100022224942e-05,93.0,True,0.0
D1-K2cross,2,2,8,2,bb_inc,1.1730138274650073,0.0013677739998456673,49.0,True,-5.868117315847474e-15
D1-K2cross,2,2,8,2,rbba,1.1730138274650141,0.0002509159994588117,258.0,True,0.0
D1-K2cross,2,2,8,2,miqp_g,1.1730138274650135,0.021062185999653593,48.0,True,-5.678823208884652e-16
D1-K2cross,2,2,8,2,miqp_s,1.1730132961529571,0.23064348000025348,27.0,True,-4.529461158743429e-07
D1-K2cross,2,2,8,3,bb,0.7980490141523973,8.299199998873519e-05,75.0,True,0.0
D1-K2cross,2,2,8,3,bb_inc,0.7980490141523546,0.001361062999421847,25.0,True,-5.342098466331142e-14
D1-K2cross,2,2,8,3,rbba,0.7980490141523973,0.0002359079999223468,232.0,True,0.0
D1-K2cross,2,2,8,3,miqp_g,0.7980490141523306,0.013716288000068744,18.0,True,-8.347028853642409e-14
D1-K2cross,2,2,8,3,miqp_s,0.7980488243791132,8.551442664000206,1.0,True,-2.3779652718293172e-07
D1-K2cross,2,2,8,4,bb,3.1151385249831876,9.513999975752085e-05,105.0,True,0.0
D1-K2cross,2,2,8,4,bb_inc,3.1151385249831307,0.0013259799998195376,57.0,True,-1.8247477088074213e-14
D1-K2cross,2,2,8,4,rbba,3.1151385249831876,0.00023329800023930147,268.0,True,0.0
D1-K2cross,2,2,8,4,miqp_g,3.115138524983113,0.016431187000307546,23.0,True,-2.3949813678097403e-14
D1-K2cross,2,2,8,4,miqp_s,3.1151381880525686,0.3656165020001936,15.0,True,-1.0815911275158139e-07
D1-K2cross,2,2,8,5,bb,2.7124523962040183,8.802699994703289e-05,93.0,True,0.0
D1-K2cross,2,2,8,5,bb_inc,2.7124523962040428,0.0013133869997545844,71.0,True,9.004731871399934e-15
D1-K2cross,2,2,8,5,rbba,2.7124523962040183,0.00023025999962555943,264.0,True,0.0
D1-K2cross,2,2,8,5,miqp_g,2.712452396204066,0.016249674999926356,34.0,True,1.7518296549814415e-14
D1-K2cross,2,2,8,5,miqp_s,2.7124516074839926,1.0503353419999257,5.0,True,-2.9077746280039115e-07
D1-K2cross,2,2,8,6,bb,13.798258333185096,8.802699994703289e-05,93.0,True,0.0
D1-K2cross,2,2,8,6,bb_inc,13.798258333185263,0.0012877070003014524,53.0,True,1.2101349233478192e-14
D1-K2cross,2,2,8,6,rbba,13.798258333185096,0.00022780299968871986,246.0,True,0.0
D1-K2cross,2,2,8,6,miqp_g,46.10074771244052,0.01524435099963739,22.0,True,2.3410555592778888
D1-K2cross,2,2,8,6,miqp_s,46.10074717661756,0.21538016900012735,17.0,True,2.341055520445237
D1-K2cross,2,2,8,7,bb,5.58798175141928,8.381200041185366e-05,79.0,True,0.0
D1-K2cross,2,2,8,7,bb_inc,5.587981751419273,0.001257910999811429,59.0,True,-1.2715552186254562e-15
D1-K2cross,2,2,8,7,rbba,5.58798175141928,0.00022025999987818068,228.0,True,0.0
D1-K2cross,2,2,8,7,miqp_g,5.587981751419278,0.018023362000349152,41.0,True,-3.1788880465636405e-16
D1-K2cross,2,2,8,7,miqp_s,5.587981322987385,0.48733909300062805,60.0,True,-7.667023864154049e-08
D1-K2cross,2,2,8,8,bb,8.750085805008762,7.490700045309495e-05,75.0,True,0.0
D1-K2cross,2,2,8,8,bb_inc,8.750085805008776,0.0013728049998462666,35.0,True,1.6240817555260275e-15
D1-K2cross,2,2,8,8,rbba,8.750085805008762,0.00021126499996171333,216.0,True,0.0
D1-K2cross,2,2,8,8,miqp_g,8.75008580500873,0.014167539000482066,27.0,True,-3.654183949933562e-15
D1-K2cross,2,2,8,8,miqp_s,8.750085482390116,0.20731795200026681,3.0,True,-3.687034089194411e-08
D1-K2cross,2,2,8,9,bb,4.235657895924753,8.325500039063627e-05,91.0,True,0.0
D1-K2cross,2,2,8,9,bb_inc,4.235657895924739,0.0013069200003883452,25.0,True,-3.3550525241603367e-15
D1-K2cross,2,2,8,9,rbba,4.235657895924753,0.0002490249999027583,252.0,True,0.0
D1-K2cross,2,2,8,9,miqp_g,4.235657895924661,0.022260716000346292,41.0,True,-2.159815062428217e-14
D1-K2cross,2,2,8,9,miqp_s,4.235657556761146,0.20975093800007016,17.0,True,-8.007341831345637e-08
D1-K2cross,2,2,12,0,bb,9.766643557222821,0.00016136799968080595,273.0,True,0.0
D1-K2cross,2,2,12,0,bb_inc,9.7666435572228,3.4074509250003757,237.0,True,-2.182559642717663e-15
D1-K2cross,2,2,12,0,rbba,9.766643557222821,0.0005906749993300764,884.0,True,0.0
D1-K2cross,2,2,12,0,miqp_g,9.76664355722272,0.1065781010001956,112.0,True,-1.0367158302908899e-14
D1-K2cross,2,2,12,0,miqp_s,9.766642967663957,0.7614524009995876,100.0,True,-6.03645316322002e-08
D1-K2cross,2,2,12,1,bb,18.22608551810073,0.00015054399955261033,243.0,True,0.0
D1-K2cross,2,2,12,1,bb_inc,18.22608551809818,0.0013238830006230273,63.0,True,-1.3995591202759667e-13
D1-K2cross,2,2,12,1,rbba,18.22608551810073,0.0006274179995671147,1000.0,True,0.0
D1-K2cross,2,2,12,1,miqp_g,18.226085518098596,0.028396511000210012,59.0,True,-1.1714972580582952e-13
D1-K2cross,2,2,12,1,miqp_s,18.226085027940023,0.7279195940000136,63.0,True,-2.6893361604136135e-08
D1-K2cross,2,2,12,2,bb,9.685735703999567,0.0001723710001897416,295.0,True,0.0
D1-K2cross,2,2,12,2,bb_inc,9.685735703999608,0.00135866700020415,149.0,True,4.218183166957039e-15
D1-K2cross,2,2,12,2,rbba,9.685735703999582,0.0006939290005902876,1138.0,True,1.4671941450285354e-15
D1-K2cross,2,2,12,2,miqp_g,9.685735703999613,0.029001978999986022,83.0,True,4.76838097134274e-15
D1-K2cross,2,2,12,2,miqp_s,9.685735251520887,0.6303282899998521,80.0,True,-4.671598463242127e-08
D1-K2cross,2,2,12,3,bb,64.39132613793643,0.00020708200008812128,379.0,True,0.0
D1-K2cross,2,2,12,3,bb_inc,64.39132613793643,0.0014849990002403501,357.0,True,0.0
D1-K2cross,2,2,12,3,rbba,64.39132613793643,0.0006377849995260476,1050.0,True,0.0
D1-K2cross,2,2,12,3,miqp_g,64.39132613793629,0.036403242999767826,120.0,True,-2.2069517072470444e-15
D1-K2cross,2,2,12,3,miqp_s,64.39132483670316,0.318379785999241,38.0,True,-2.0208207327549065e-08
D1-K2cross,2,2,12,4,bb,39.18547949897024,0.00017777300035959342,313.0,True,0.0
D1-K2cross,2,2,12,4,bb_inc,39.18547949896961,0.001369501999761269,129.0,True,-1.5956870133114485e-14
D1-K2cross,2,2,12,4,rbba,39.18547949897024,0.0007445940000252449,1290.0,True,0.0
D1-K2cross,2,2,12,4,miqp_g,39.18547949896994,0.026088474999596656,67.0,True,-7.615778927168278e-15
D1-K2cross,2,2,12,4,miqp_s,39.18547915685423,0.42635646800044924,57.0,True,-8.73068326743215e-09
D1-K2cross,2,2,12,5,bb,4.3450851320558,0.00013551200026995502,191.0,True,0.0
D1-K2cross,2,2,12,5,bb_inc,4.345085132055949,0.0013611120002678945,69.0,True,3.434086329144559e-14
D1-K2cross,2,2,12,5,rbba,4.3450851320558,0.0006480130005002138,964.0,True,0.0
D1-K2cross,2,2,12,5,miqp_g,4.345085132055937,0.023736937999274232,63.0,True,3.1479124683825125e-14
D1-K2cross,2,2,12,5,miqp_s,4.345084695971188,1.5631137139998827,13.0,True,-1.0036273139033148e-07
D1-K2cross,2,2,12,6,bb,48.29772472076414,0.00023388500085275155,497.0,True,0.0
D1-K2cross,2,2,12,6,bb_inc,48.297724720764485,0.0013426630002868478,111.0,True,7.208744149654853e-15
D1-K2cross,2,2,12,6,rbba,48.29772472076414,0.0006974279995120014,1204.0,True,0.0
D1-K2cross,2,2,12,6,miqp_g,48.29772472076468,0.02209464299994579,72.0,True,1.1180909293342222e-14
D1-K2cross,2,2,12,6,miqp_s,48.297723515405664,0.5625854869995237,21.0,True,-2.4956837605868864e-08
D1-K2cross,2,2,12,7,bb,43.92021345244858,0.00013960499927634373,197.0,True,0.0
D1-K2cross,2,2,12,7,bb_inc,43.920213452448586,0.0013644090004163445,133.0,True,1.617803466573287e-16
D1-K2cross,2,2,12,7,rbba,43.92021345244858,0.0006222040001375717,924.0,True,0.0
D1-K2cross,2,2,12,7,miqp_g,49.708846249143505,0.03073826400031976,96.0,True,0.13179883114553048
D1-K2cross,2,2,12,7,miqp_s,49.708845566795446,0.566689401000076,87.0,True,0.131798815609448
D1-K2cross,2,2,12,8,bb,56.65213928048517,0.00016340799993486144,279.0,True,0.0
D1-K2cross,2,2,12,8,bb_inc,56.65213927628077,0.0013211830000727787,75.0,True,-7.421435824235277e-11
D1-K2cross,2,2,12,8,rbba,56.65213928048517,0.0007131089996619266,1212.0,True,0.0
D1-K2cross,2,2,12,8,miqp_g,79.91197692081728,0.031751497000186646,90.0,True,0.4105729798688179
D1-K2cross,2,2,12,8,miqp_s,79.91197676593274,0.7374710940002842,62.0,True,0.41057297713486035
D1-K2cross,2,2,12,9,bb,18.99466885697101,0.0001497329994890606,229.0,True,0.0
D1-K2cross,2,2,12,9,bb_inc,18.994668856970918,0.0013301600001796032,127.0,True,-4.862972676405105e-15
D1-K2cross,2,2,12,9,rbba,18.99466885697101,0.0006609010006286553,1038.0,True,0.0
D1-K2cross,2,2,12,9,miqp_g,18.994668856970506,0.04063665299963759,122.0,True,-2.6559312309597115e-14
D1-K2cross,2,2,12,9,miqp_s,18.994668193748247,0.40611014400019485,80.0,True,-3.4916258283483964e-08
D7-p3,2,4,12,0,bb,23.601055790304965,0.0007060300558805466,593.0,True,0.0
D7-p3,2,4,12,0,bb_inc,23.601055748309054,2.8926784999202937,371.0,True,-1.7794081384354434e-09
D7-p3,2,4,12,0,rbba,23.601055790304965,0.0021174289286136627,1826.0,True,0.0
D7-p3,2,4,12,0,miqp_g,25.671199974861995,0.15438106399960816,351.0,True,0.08771404986921902
D7-p3,2,4,12,0,miqp_s,25.67119964167679,0.4247623080154881,233.0,True,0.0877140357518334
D7-p3,2,4,12,1,bb,3.0362041618150464,0.0007471960270777345,649.0,True,0.0
D7-p3,2,4,12,1,bb_inc,3.036204161816684,0.0014683890622109175,523.0,True,5.394238722563214e-13
D7-p3,2,4,12,1,rbba,3.0362041618150464,0.002111262991093099,1818.0,True,0.0
D7-p3,2,4,12,1,miqp_g,3.036204161821155,0.09546359500382096,343.0,True,2.0118696754028473e-12
D7-p3,2,4,12,1,miqp_s,3.036203652834768,0.4127089489484206,295.0,True,-1.6763703994937702e-07
D7-p3,2,4,12,2,bb,1.5197934069504697,0.0006764739518985152,565.0,True,0.0
D7-p3,2,4,12,2,bb_inc,1.5197934069516563,0.001374945044517517,349.0,True,7.807682039497352e-13
D7-p3,2,4,12,2,rbba,1.5197934069504697,0.002023710054345429,1746.0,True,0.0
D7-p3,2,4,12,2,miqp_g,1.519793406950939,0.09363389504142106,271.0,True,3.0871317644943684e-13
D7-p3,2,4,12,2,miqp_s,1.519792980769914,0.6074428519932553,344.0,True,-2.8042005826962675e-07
D7-p3,2,4,12,3,bb,3.499240347593531,0.0008104710141196847,731.0,True,0.0
D7-p3,2,4,12,3,bb_inc,3.499240347594405,0.0016394719714298844,577.0,True,2.4975922719511424e-13
D7-p3,2,4,12,3,rbba,3.499240347593531,0.0022588419960811734,2052.0,True,0.0
D7-p3,2,4,12,3,miqp_g,6.869483866494327,0.09158937295433134,309.0,True,0.9631357620857772
D7-p3,2,4,12,3,miqp_s,6.869483638666311,0.44901529501657933,423.0,True,0.9631356969779271
D7-p3,2,4,12,4,bb,1.740623116144313,0.0006762340199202299,561.0,True,0.0
D7-p3,2,4,12,4,bb_inc,1.74062311614502,0.0014406769769266248,337.0,True,4.061706497655659e-13
D7-p3,2,4,12,4,rbba,1.740623116144313,0.002113269059918821,1798.0,True,0.0
D7-p3,2,4,12,4,miqp_g,1.7406231161454389,0.0722540490096435,263.0,True,6.467604253490638e-13
D7-p3,2,4,12,4,miqp_s,1.7406229217406424,0.40230124490335584,280.0,True,-1.1168625127046905e-07
D7-p3,2,4,12,5,bb,0.6856785944961139,0.0007427630480378866,689.0,True,0.0
D7-p3,2,4,12,5,bb_inc,0.6856785944960251,0.0015344590647146106,551.0,True,-1.2953276168010216e-13
D7-p3,2,4,12,5,rbba,0.6856785944961139,0.0021323899272829294,1980.0,True,0.0
D7-p3,2,4,12,5,miqp_g,0.6856785944959966,0.10587031801696867,478.0,True,-1.7114516136983497e-13
D7-p3,2,4,12,5,miqp_s,0.6856780463227888,0.48119842703454196,381.0,True,-7.994610440894156e-07
D7-p3,2,4,12,6,bb,15.455186541795825,0.0008677958976477385,743.0,True,0.0
D7-p3,2,4,12,6,bb_inc,15.455186541783048,0.0015726509736850858,571.0,True,-8.26734424152821e-13
D7-p3,2,4,12,6,rbba,15.455186541795825,0.002231503021903336,1932.0,True,0.0
D7-p3,2,4,12,6,miqp_g,15.455186541785938,0.06816110492218286,225.0,True,-6.397336027852915e-13
D7-p3,2,4,12,6,miqp_s,15.455186321712683,0.6821510329609737,369.0,True,-1.4240083238465309e-08
D7-p3,2,4,12,7,bb,2.9799012467688755,0.0006187519757077098,485.0,True,0.0
D7-p3,2,4,12,7,bb_inc,2.97990124676965,0.0015301080420613289,415.0,True,2.599051169290576e-13
D7-p3,2,4,12,7,rbba,2.9799012467688755,0.0019428670639172196,1562.0,True,0.0
D7-p3,2,4,12,7,miqp_g,2.9799012467697814,0.08754202397540212,290.0,True,3.040174532885766e-13
D7-p3,2,4,12,7,miqp_s,2.979901040444804,0.5723449400393292,401.0,True,-6.923856011309022e-08
D7-p3,2,4,12,8,bb,0.2894579937888455,0.0007834850111976266,653.0,True,0.0
D7-p3,2,4,12,8,bb_inc,0.2894579937889077,0.0013377929572016,389.0,True,2.147893328672847e-13
D7-p3,2,4,12,8,rbba,0.2894579937888455,0.0023369010305032134,1804.0,True,0.0
D7-p3,2,4,12,8,miqp_g,0.2894579937885925,0.09350349602755159,314.0,True,-8.741158742938247e-13
D7-p3,2,4,12,8,miqp_s,0.2894576293393844,0.438206096063368,279.0,True,-1.2590754753029083e-06
D7-p3,2,4,12,9,bb,0.7160780863147371,0.0006020739674568176,513.0,True,0.0
D7-p3,2,4,12,9,bb_inc,0.7160780863150307,0.0013538500061258674,341.0,True,4.099315051262031e-13
D7-p3,2,4,12,9,rbba,0.7160780863147371,0.0020123119466006756,1728.0,True,0.0
D7-p3,2,4,12,9,miqp_g,0.7160780863150434,0.09682291699573398,361.0,True,4.277613550087725e-13
D7-p3,2,4,12,9,miqp_s,0.7160777780662266,0.5325806030305102,341.0,True,-4.3046773303839907e-07
D7-p3,2,4,16,0,bb,10.849737107264342,0.0017729450482875109,2587.0,True,0.0
D7-p3,2,4,16,0,bb_inc,10.849737107264463,2.9001059549627826,2549.0,True,1.1133197411607483e-14
D7-p3,2,4,16,0,rbba,10.849737107264342,0.0072034039767459035,8956.0,True,0.0
D7-p3,2,4,16,0,miqp_g,10.84973523502451,0.21121515706181526,568.0,True,-1.7256084761347317e-07
D7-p3,2,4,16,0,miqp_s,10.849736815661341,3.1487372510600835,1047.0,True,-2.6876503865325444e-08
D7-p3,2,4,16,1,bb,21.356910521717566,0.0013988029677420855,1931.0,True,0.0
D7-p3,2,4,16,1,bb_inc,21.356910521767276,0.0017434279434382915,887.0,True,2.3275637055850184e-12
D7-p3,2,4,16,1,rbba,21.356910521717566,0.007176998071372509,9664.0,True,0.0
D7-p3,2,4,16,1,miqp_g,21.356910521774367,0.10224375105462968,380.0,True,2.6595975217905427e-12
D7-p3,2,4,16,1,miqp_s,21.356910330132376,1.0357394178863615,429.0,True,-8.970641618976347e-09
D7-p3,2,4,16,2,bb,4.295323617000767,0.0012652900768443942,1881.0,True,0.0
D7-p3,2,4,16,2,bb_inc,4.295323616995114,0.0019844520138576627,1527.0,True,-1.3159351813678694e-12
D7-p3,2,4,16,2,rbba,4.295323617000767,0.0060820699436590075,7750.0,True,0.0
D7-p3,2,4,16,2,miqp_g,4.295323616996505,0.15135934005957097,685.0,True,-9.921208359841355e-13
D7-p3,2,4,16,2,miqp_s,4.295323245566282,3.2274604190606624,1234.0,True,-8.647415609778594e-08
D7-p3,2,4,16,3,bb,27.383322166963378,0.0016445840010419488,2643.0,True,0.0
D7-p3,2,4,16,3,bb_inc,27.3833221669641,0.0020021930104121566,1397.0,True,2.6337230829741865e-14
D7-p3,2,4,16,3,rbba,27.383322166963378,0.006532088038511574,8964.0,True,0.0
D7-p3,2,4,16,3,miqp_g,27.383322166967133,0.2149252570234239,1575.0,True,1.3713523638934558e-13
D7-p3,2,4,16,3,miqp_s,27.383321580666077,1.9291265229694545,783.0,True,-2.1410743989054316e-08
D7-p3,2,4,16,4,bb,15.17828223698693,0.001288310973905027,2093.0,True,0.0
D7-p3,2,4,16,4,bb_inc,15.178282236984103,0.001608380931429565,1071.0,True,-1.863162144550148e-13
D7-p3,2,4,16,4,rbba,15.17828223698693,0.005480648949742317,6962.0,True,0.0
D7-p3,2,4,16,4,miqp_g,15.178282236984732,0.18888124800287187,1100.0,True,-1.448866039543394e-13
D7-p3,2,4,16,4,miqp_s,15.178281994473004,1.506049427902326,706.0,True,-1.5977692559390538e-08
D7-p3,2,4,16,5,bb,18.08630149589905,0.0012027450138702989,1595.0,True,0.0
D7-p3,2,4,16,5,bb_inc,18.086301495898873,0.0015756299253553152,751.0,True,-9.821559370792462e-15
D7-p3,2,4,16,5,rbba,18.08630149589905,0.00522226991597563,6006.0,True,0.0
D7-p3,2,4,16,5,miqp_g,18.086301495898887,0.25493494898546487,1728.0,True,-9.035834621129066e-15
D7-p3,2,4,16,5,miqp_s,18.086301253879775,1.3679685009410605,561.0,True,-1.3381358028681827e-08
D7-p3,2,4,16,6,bb,21.500022005573534,0.0012559139868244529,1493.0,True,0.0
D7-p3,2,4,16,6,bb_inc,21.500022005577854,0.0016324250027537346,669.0,True,2.0093467031343005e-13
D7-p3,2,4,16,6,rbba,21.500022005573534,0.005983984097838402,6960.0,True,0.0
D7-p3,2,4,16,6,miqp_g,21.5000220055775,0.12910174496937543,492.0,True,1.8441043755739138e-13
D7-p3,2,4,16,6,miqp_s,21.500021677832223,0.9986253440147266,471.0,True,-1.5243766324442013e-08
D7-p3,2,4,16,7,bb,1.8878965994696462,0.0011248779483139515,1639.0,True,0.0
D7-p3,2,4,16,7,bb_inc,1.8878965994681913,0.0014293009880930185,331.0,True,-7.706122527459937e-13
D7-p3,2,4,16,7,rbba,1.8878965994696462,0.005185628077015281,6088.0,True,0.0
D7-p3,2,4,16,7,miqp_g,1.8878965994684527,0.1326848149765283,396.0,True,-6.321796182096637e-13
D7-p3,2,4,16,7,miqp_s,1.8878960558051043,1.3589404569938779,511.0,True,-2.879736856259485e-07
D7-p3,2,4,16,8,bb,2.9859324120278714,0.0013211279874667525,1981.0,True,0.0
D7-p3,2,4,16,8,bb_inc,2.9859324120282196,0.001735741039738059,1181.0,True,1.1660208353008066e-13
D7-p3,2,4,16,8,rbba,2.9859324120278714,0.0054418540094047785,6544.0,True,0.0
D7-p3,2,4,16,8,miqp_g,2.9859324120284643,0.19979993591550738,1412.0,True,1.9855074172532868e-13
D7-p3,2,4,16,8,miqp_s,2.9859321671435204,2.6878697850042954,1079.0,True,-8.201269058636371e-08
D7-p3,2,4,16,9,bb,56.23620006000879,0.0021109660156071186,3091.0,True,0.0
D7-p3,2,4,16,9,bb_inc,56.236200058763856,0.003031003987416625,3029.0,True,-2.213760568049518e-11
D7-p3,2,4,16,9,rbba,56.23620006000879,0.007004673941992223,8822.0,True,0.0
D7-p3,2,4,16,9,miqp_g,57.18390732293577,0.13882987096440047,553.0,True,0.016852263522707644
D7-p3,2,4,16,9,miqp_s,57.18390673077885,0.9669292860198766,470.0,True,0.01685225299289029
D1-K2cross,2,2,16,0,bb,49.484124672785086,0.0015421870002683136,5221.0,True,0.0
D1-K2cross,2,2,16,0,bb_inc,49.48412467278504,3.414844140000241,5187.0,True,-8.615402298720009e-16
D1-K2cross,2,2,16,0,rbba,49.484124672785086,0.0029797739998684847,9306.0,True,0.0
D1-K2cross,2,2,16,0,miqp_g,49.48412467278485,0.12943726400044397,201.0,True,-4.738471264296004e-15
D1-K2cross,2,2,16,0,miqp_s,49.48412444432719,0.6448655540007167,47.0,True,-4.616791629930032e-09
D1-K2cross,2,2,16,1,bb,22.34396123982825,0.0005041599997639423,1191.0,True,0.0
D1-K2cross,2,2,16,1,bb_inc,22.34396123982819,0.001767292999829806,1119.0,True,-2.7030181395030364e-15
D1-K2cross,2,2,16,1,rbba,22.34396123982825,0.0015101520002644975,3512.0,True,0.0
D1-K2cross,2,2,16,1,miqp_g,22.343961239828182,0.0612969220001105,132.0,True,-3.0210202735622173e-15
D1-K2cross,2,2,16,1,miqp_s,22.343961021670644,0.6733257339992633,41.0,True,-9.763604734919794e-09
D1-K2cross,2,2,16,2,bb,96.139365701997,0.0007533319994763588,2205.0,True,0.0
D1-K2cross,2,2,16,2,bb_inc,96.13936570195617,0.0015823260000615846,749.0,True,-4.246729245471534e-13
D1-K2cross,2,2,16,2,rbba,96.139365701997,0.0032641979996697046,10126.0,True,0.0
D1-K2cross,2,2,16,2,miqp_g,96.13936570194718,0.04627576500024588,89.0,True,-5.180920990385565e-13
D1-K2cross,2,2,16,2,miqp_s,96.13936548823514,0.5753339220000271,106.0,True,-2.2234580946730726e-09
D1-K2cross,2,2,16,3,bb,42.137529089600335,0.0012044949999108212,3907.0,True,0.0
D1-K2cross,2,2,16,3,bb_inc,42.137529089599965,0.0024850370000422117,3697.0,True,-8.768483358613483e-15
D1-K2cross,2,2,16,3,rbba,42.137529089600335,0.003183924999575538,9890.0,True,0.0
D1-K2cross,2,2,16,3,miqp_g,42.13752908959965,0.11902753300000768,339.0,True,-1.6187969277440277e-14
D1-K2cross,2,2,16,3,miqp_s,42.13752892231946,0.6381503060001705,74.0,True,-3.969878566961463e-09
D1-K2cross,2,2,16,4,bb,30.888391582013227,0.00039747899973008316,951.0,True,0.0
D1-K2cross,2,2,16,4,bb_inc,30.88839158201276,0.0013806209999529528,115.0,True,-1.518234461501542e-14
D1-K2cross,2,2,16,4,rbba,30.88839158201329,0.001619222999579506,3930.0,True,2.0703197202293752e-15
D1-K2cross,2,2,16,4,miqp_g,30.888391582012908,0.06456784600050014,151.0,True,-1.0351598601146877e-14
D1-K2cross,2,2,16,4,miqp_s,30.888391281045777,6.812834216999363,27.0,True,-9.743707414289211e-09
D1-K2cross,2,2,16,5,bb,13.830584861945084,0.00042575699990266003,1139.0,True,0.0
D1-K2cross,2,2,16,5,bb_inc,13.830584861945319,0.0013379160000113188,229.0,True,1.695366502149908e-14
D1-K2cross,2,2,16,5,rbba,13.83058486194507,0.0015108890002011321,3634.0,True,-1.027494849787823e-15
D1-K2cross,2,2,16,5,miqp_g,13.83058486194522,0.04064530000050581,93.0,True,9.761201072984318e-15
D1-K2cross,2,2,16,5,miqp_s,13.830584190385032,1.0698930379994636,221.0,True,-4.8556157148510064e-08
D1-K2cross,2,2,16,6,bb,39.47438499279747,0.0013653140003953013,4585.0,True,0.0
D1-K2cross,2,2,16,6,bb_inc,39.4743849927979,0.0025547850000293693,4539.0,True,1.0980058812638762e-14
D1-K2cross,2,2,16,6,rbba,39.47438499279747,0.0029714669999520993,9580.0,True,0.0
D1-K2cross,2,2,16,6,miqp_g,39.47438499279781,0.04612028500014276,92.0,True,8.640046278797714e-15
D1-K2cross,2,2,16,6,miqp_s,39.47438463567226,2.520042513999215,35.0,True,-9.04701135863032e-09
D1-K2cross,2,2,16,7,bb,10.24902285213008,0.0004390920003061183,1207.0,True,0.0
D1-K2cross,2,2,16,7,bb_inc,10.249022852129656,0.001392148999912024,351.0,True,-4.142339135563784e-14
D1-K2cross,2,2,16,7,rbba,10.249022852129904,0.00148282800000743,3458.0,True,-1.7158643281205633e-14
D1-K2cross,2,2,16,7,miqp_g,10.24902285212964,0.06723901500026841,171.0,True,-4.2983268017565625e-14
D1-K2cross,2,2,16,7,miqp_s,10.249022480254164,0.9763796379993437,143.0,True,-3.628403625324742e-08
D1-K2cross,2,2,16,8,bb,162.58496118864144,0.0003238219997001579,733.0,True,0.0
D1-K2cross,2,2,16,8,bb_inc,162.5849611886434,0.0013311009997778456,171.0,True,1.2061988614202058e-14
D1-K2cross,2,2,16,8,rbba,162.58496118864144,0.0013952829995105276,3556.0,True,0.0
D1-K2cross,2,2,16,8,miqp_g,162.58496118864412,0.06840970799930801,160.0,True,1.643227434398541e-14
D1-K2cross,2,2,16,8,miqp_s,162.58496086381493,1.3182829919996948,180.0,True,-1.997887833736216e-09
D1-K2cross,2,2,16,9,bb,58.659843116664625,0.005942396000136796,23247.0,True,0.0
D1-K2cross,2,2,16,9,bb_inc,58.65984311666489,0.007206680000308552,23191.0,True,4.481785123570332e-15
D1-K2cross,2,2,16,9,rbba,58.65984311666623,0.012778983999851334,48788.0,True,2.7375228052078246e-14
D1-K2cross,2,2,16,9,miqp_g,58.65984311666726,0.040914977000284125,101.0,True,4.4938980563367385e-14
D1-K2cross,2,2,16,9,miqp_s,58.65984263376249,3.499574169999505,110.0,True,-8.232243936833258e-09
D1-K2cross,2,2,20,0,bb,139.95572605850901,0.018143057999623124,66047.0,True,0.0
D1-K2cross,2,2,20,0,bb_inc,139.95572605850606,3.4930690560004223,66013.0,True,-2.1119948886738007e-14
D1-K2cross,2,2,20,0,rbba,139.95572605850901,0.03642233699974895,134338.0,True,0.0
D1-K2cross,2,2,20,0,miqp_g,139.95572605850546,0.12884001800011902,176.0,True,-2.5384553950406257e-14
D1-K2cross,2,2,20,0,miqp_s,139.95572544901444,3.8252408419994026,72.0,True,-4.354909903579311e-09
D1-K2cross,2,2,20,1,bb,92.99203235206103,0.0006510680004794267,1767.0,True,0.0
D1-K2cross,2,2,20,1,bb_inc,92.99203235207028,0.0015034790003483067,385.0,True,9.948450620556272e-14
D1-K2cross,2,2,20,1,rbba,92.99203235206188,0.0035462839996398543,10226.0,True,9.169078912955089e-15
D1-K2cross,2,2,20,1,miqp_g,92.99203235207106,0.07339596600013465,244.0,True,1.0788949520910488e-13
D1-K2cross,2,2,20,1,miqp_s,92.99203179219438,1.2127780840000923,92.0,True,-6.020587300660147e-09
D1-K2cross,2,2,20,2,bb,52.43475906320684,0.0006577650001418078,1759.0,True,0.0
D1-K2cross,2,2,20,2,bb_inc,52.434759063206734,0.0017989039997701184,1293.0,True,-2.0326480424090013e-15
D1-K2cross,2,2,20,2,rbba,52.43475906320684,0.0023142070003814297,5848.0,True,0.0
D1-K2cross,2,2,20,2,miqp_g,52.43475906320714,0.10998865800047497,217.0,True,5.691414518745204e-15
D1-K2cross,2,2,20,2,miqp_s,52.434758790747146,0.8457545479996043,108.0,True,-5.196165650136639e-09
D1-K2cross,2,2,20,3,bb,282.39168475636654,0.0007265499998538871,2053.0,True,0.0
D1-K2cross,2,2,20,3,bb_inc,282.39168475637393,0.0018655630001376267,1487.0,True,2.6168066734261168e-14
D1-K2cross,2,2,20,3,rbba,282.39168475636984,0.0028708829995593987,7818.0,True,1.1674983619901136e-14
D1-K2cross,2,2,20,3,miqp_g,282.3916847563981,0.07920749999993859,179.0,True,1.1171751567319191e-13
D1-K2cross,2,2,20,3,miqp_s,282.3916147690153,1.351653511999757,232.0,True,-2.4783786149176933e-07
D1-K2cross,2,2,20,4,bb,336.454877522064,0.007212352999886207,27953.0,True,0.0
D1-K2cross,2,2,20,4,bb_inc,336.4548775188403,0.0015092270004970487,293.0,True,-9.581385754239037e-12
D1-K2cross,2,2,20,4,rbba,336.45487752216627,0.017741237999871373,67008.0,True,3.039376670171397e-13
D1-K2cross,2,2,20,4,miqp_g,336.4548775188439,0.03769475200078887,104.0,True,-9.570742022709254e-12
D1-K2cross,2,2,20,4,miqp_s,336.4548769121299,9.206447397000375,97.0,True,-1.8128258246143793e-09
D1-K2cross,2,2,20,5,bb,16.153559360027423,0.0008364269997400697,2627.0,True,0.0
D1-K2cross,2,2,20,5,bb_inc,16.15355936002878,0.0013809000001856475,409.0,True,8.401471125057898e-14
D1-K2cross,2,2,20,5,rbba,16.15355936002768,0.002445369000270148,6904.0,True,1.5835233534140542e-14
D1-K2cross,2,2,20,5,miqp_g,16.153559360028584,0.05369330400026229,121.0,True,7.191835230088829e-14
D1-K2cross,2,2,20,5,miqp_s,16.15355915540038,1.7773193610000817,178.0,True,-1.266761323996442e-08
D1-K2cross,2,2,20,6,bb,122.8588938399737,0.000570365000385209,1561.0,True,0.0
D1-K2cross,2,2,20,6,bb_inc,122.85889383997673,0.0014135999999780324,439.0,True,2.463730512078876e-14
D1-K2cross,2,2,20,6,rbba,122.8588938399737,0.002928135000729526,8612.0,True,0.0
D1-K2cross,2,2,20,6,miqp_g,122.85889383997718,0.06983978399966873,138.0,True,2.8338684293865006e-14
D1-K2cross,2,2,20,6,miqp_s,122.85889363469403,2.2575297009998394,78.0,True,-1.6708572697375193e-09
D1-K2cross,2,2,20,7,bb,84.65532560125722,0.000686919999679958,1889.0,True,0.0
D1-K2cross,2,2,20,7,bb_inc,84.65532560125916,0.0016593579994150787,1589.0,True,2.2997810027367743e-14
D1-K2cross,2,2,20,7,rbba,84.65532560125722,0.002823583999997936,7806.0,True,0.0
D1-K2cross,2,2,20,7,miqp_g,84.65532560125872,0.1026751030003652,274.0,True,1.7793926006576502e-14
D1-K2cross,2,2,20,7,miqp_s,84.65532541156928,1.2277211560003707,136.0,True,-2.240708861473923e-09
D1-K2cross,2,2,20,8,bb,372.2968069021637,0.0007129340001483797,2135.0,True,0.0
D1-K2cross,2,2,20,8,bb_inc,372.296806902142,0.0016126520004036138,1131.0,True,-5.832493215697914e-14
D1-K2cross,2,2,20,8,rbba,372.29680690216543,0.002601213000161806,7334.0,True,4.580492054213021e-15
D1-K2cross,2,2,20,8,miqp_g,372.2968069021322,0.06912149400068301,160.0,True,-8.473910300294089e-14
D1-K2cross,2,2,20,8,miqp_s,372.29680649703573,1.0856658230004541,188.0,True,-1.0881855124394973e-09
D1-K2cross,2,2,20,9,bb,181.9629302690816,0.0006635790005020681,1917.0,True,0.0
D1-K2cross,2,2,20,9,bb_inc,181.96293026908054,0.0017674849996183184,1591.0,True,-5.7792169392406865e-15
D1-K2cross,2,2,20,9,rbba,181.9629302690816,0.0027762300005633733,8192.0,True,0.0
D1-K2cross,2,2,20,9,miqp_g,181.96293026908057,0.08137037999949825,163.0,True,-5.623021886828776e-15
D1-K2cross,2,2,20,9,miqp_s,181.9629296832985,1.0449228480001693,139.0,True,-3.2192440701809634e-09
D1-K2cross,2,2,24,0,bb,871.007253735646,0.0023509089996878174,8189,True,0.0
D1-K2cross,2,2,24,0,bb_inc,871.0072537355678,3.4130184519999602,751,True,-8.980010673505923e-14
D1-K2cross,2,2,24,0,rbba,871.0072537356425,0.017666104000454652,61934,True,-4.04622573951575e-15
D1-K2cross,2,2,24,1,bb,467.79308495193635,0.041728404999958,154863,True,0.0
D1-K2cross,2,2,24,1,bb_inc,467.79308495193885,0.042979200999980094,154779,True,5.346616934563132e-15
D1-K2cross,2,2,24,1,rbba,467.79308495193635,0.06099804999939806,223208,True,0.0
D1-K2cross,2,2,24,2,bb,120.01090027903001,0.01826210400031414,66253,True,0.0
D1-K2cross,2,2,24,2,bb_inc,120.01090027885613,0.0015342810002039187,409,True,-1.4489018738374981e-12
D1-K2cross,2,2,24,2,rbba,120.01090027903001,0.08082298599947535,292580,True,0.0
D1-K2cross,2,2,24,3,bb,105.37382907667916,0.009378427999763517,34159,True,0.0
D1-K2cross,2,2,24,3,bb_inc,105.37382907668136,0.01065974900029687,33959,True,2.0903506118710437e-14
D1-K2cross,2,2,24,3,rbba,105.37382907667919,0.0209740709997277,73442,True,2.697226595962637e-16
D1-K2cross,2,2,24,4,bb,599.5565006374843,0.025176976000693685,93693,True,0.0
D1-K2cross,2,2,24,4,bb_inc,599.5565006475608,0.004902859999674547,12813,True,1.6806621500899012e-11
D1-K2cross,2,2,24,4,rbba,599.5565006375547,0.05586195999967458,205164,True,1.1737367950285994e-13
D1-K2cross,2,2,24,5,bb,60.885808707956016,0.0009805009995034197,3033,True,0.0
D1-K2cross,2,2,24,5,bb_inc,60.885808707951526,0.001333432000137691,419,True,-7.37549551414111e-14
D1-K2cross,2,2,24,5,rbba,60.88580870795698,0.00726764200044272,22854,True,1.5871319460809982e-14
D1-K2cross,2,2,24,6,bb,209.9132320884725,0.0024071950001598452,8243,True,0.0
D1-K2cross,2,2,24,6,bb_inc,209.9132320884485,0.0013000369999645045,225,True,-1.1441081741130628e-13
D1-K2cross,2,2,24,6,rbba,209.91323208847027,0.018944140999337833,66774,True,-1.0696395947329226e-14
D1-K2cross,2,2,24,7,bb,199.7221022496816,0.002802760999657039,9639,True,0.0
D1-K2cross,2,2,24,7,bb_inc,199.72210224968467,0.003935605999686231,9089,True,1.536907825377412e-14
D1-K2cross,2,2,24,7,rbba,199.72210224968114,0.009293550999245781,29528,True,-2.2769004820406103e-15
D1-K2cross,2,2,24,8,bb,155.9191992466545,0.0010576320000836859,3265,True,0.0
D1-K2cross,2,2,24,8,bb_inc,155.91919924665123,0.0019983249994766084,2727,True,-2.0962758918007923e-14
D1-K2cross,2,2,24,8,rbba,155.9191992466565,0.005892838999898231,18072,True,1.2759940210961344e-14
D1-K2cross,2,2,24,9,bb,122.17411815236896,0.017167171999972197,63777,True,0.0
D1-K2cross,2,2,24,9,bb_inc,122.17411815236805,0.018393776999801048,63571,True,-7.44425018594082e-15
D1-K2cross,2,2,24,9,rbba,122.1741181523683,0.025075077999645146,89542,True,-5.466871230300289e-15
D2-K3par,3,2,12,0,bb,1.6177345259694862,0.0008173249998435494,1685.0,True,0.0
D2-K3par,3,2,12,0,bb_inc,1.6177345259690261,3.54637978700066,771.0,True,-2.843955012513239e-13
D2-K3par,3,2,12,0,rbba,1.6177345259694862,0.0021647099993060692,4368.0,True,0.0
D2-K3par,3,2,12,0,miqp_g,5.445803902815603,0.13207933099965885,745.0,True,2.36631493943792
D2-K3par,3,2,12,0,miqp_s,5.445803684981803,1.556357448000199,439.0,True,2.366314804784306
D2-K3par,3,2,12,1,bb,5.209952645584228,0.000656022999464767,1295.0,True,0.0
D2-K3par,3,2,12,1,bb_inc,5.20995264558326,0.001809946999856038,311.0,True,-1.8582020669490655e-13
D2-K3par,3,2,12,1,rbba,5.209952645584228,0.0022423050004363176,4515.0,True,0.0
D2-K3par,3,2,12,1,miqp_g,53.9387396244755,0.1310501439993459,1049.0,True,9.353019171909763
D2-K3par,3,2,12,1,miqp_s,53.938738823448666,1.9256465210000897,403.0,True,9.353019018160412
D2-K3par,3,2,12,2,bb,0.7627126038386963,0.0006129950006652507,1154.0,True,0.0
D2-K3par,3,2,12,2,bb_inc,0.7627126038387126,0.0018844769992938382,454.0,True,2.1397677683377218e-14
D2-K3par,3,2,12,2,rbba,0.7627126038386963,0.0021948090006844723,4353.0,True,0.0
D2-K3par,3,2,12,2,miqp_g,0.7627126038387211,0.10039829699962866,771.0,True,3.246042260811646e-14
D2-K3par,3,2,12,2,miqp_s,0.7627122935908042,1.729292811999585,351.0,True,-4.0676906424930014e-07
D2-K3par,3,2,12,3,bb,2.3465295953159577,0.0007072789994708728,1403.0,True,0.0
D2-K3par,3,2,12,3,bb_inc,2.346529595316148,0.0019033449998460128,617.0,True,8.10005474447187e-14
D2-K3par,3,2,12,3,rbba,2.3465295953159577,0.002037896999354416,4020.0,True,0.0
D2-K3par,3,2,12,3,miqp_g,2.346529595316489,0.07867569599966373,545.0,True,2.2634732416795224e-13
D2-K3par,3,2,12,3,miqp_s,2.34652946375347,1.4278374599998642,408.0,True,-5.606683496916722e-08
D2-K3par,3,2,12,4,bb,0.8631435148967834,0.0008769480000410113,1829.0,True,0.0
D2-K3par,3,2,12,4,bb_inc,0.8631435148968412,0.0020525780000753002,988.0,True,6.688528186116512e-14
D2-K3par,3,2,12,4,rbba,0.8631435148967834,0.0024069339997367933,4950.0,True,0.0
D2-K3par,3,2,12,4,miqp_g,0.8631435148968396,0.08360478900067392,583.0,True,6.50845242725953e-14
D2-K3par,3,2,12,4,miqp_s,0.8631432220363402,3.04683843300063,727.0,True,-3.3929519040009866e-07
D2-K3par,3,2,12,5,bb,6.299555341446545,0.0007439920000251732,1613.0,True,0.0
D2-K3par,3,2,12,5,bb_inc,6.299555341447187,0.0017749970002114424,263.0,True,1.0193624194683798e-13
D2-K3par,3,2,12,5,rbba,6.299555341446545,0.0022755039999537985,4758.0,True,0.0
D2-K3par,3,2,12,5,miqp_g,6.299555341446899,0.06770020899966767,482.0,True,5.625527045198943e-14
D2-K3par,3,2,12,5,miqp_s,6.299555220663603,1.0445051980004791,241.0,True,-1.9173248796733403e-08
D2-K3par,3,2,12,6,bb,11.21356551889818,0.0006562309999935678,1442.0,True,0.0
D2-K3par,3,2,12,6,bb_inc,11.213565518897497,0.0019181990001015947,937.0,True,-6.098839677857383e-14
D2-K3par,3,2,12,6,rbba,11.21356551889818,0.002129302999492211,4608.0,True,0.0
D2-K3par,3,2,12,6,miqp_g,11.213565518899633,0.12599490000047808,1123.0,True,1.295805417269439e-13
D2-K3par,3,2,12,6,miqp_s,11.213565296802471,2.4500959070001045,626.0,True,-1.9805984863658838e-08
D2-K3par,3,2,12,7,bb,4.2216912208721205,0.0007840140006010188,1856.0,True,0.0
D2-K3par,3,2,12,7,bb_inc,4.221691220872007,0.0020073400000910624,1058.0,True,-2.6929216698641096e-14
D2-K3par,3,2,12,7,rbba,4.2216912208721205,0.002160129000003508,5070.0,True,0.0
D2-K3par,3,2,12,7,miqp_g,4.22169122087205,0.12403925199942023,1046.0,True,-1.6620375931192552e-14
D2-K3par,3,2,12,7,miqp_s,4.2216907904325724,4.749819203000698,1034.0,True,-1.0195903146035686e-07
D2-K3par,3,2,12,8,bb,4.46677050474609,0.0012069719996361528,3209.0,True,0.0
D2-K3par,3,2,12,8,bb_inc,4.466770504747706,0.0022308580000753864,1580.0,True,3.6189115203851644e-13
D2-K3par,3,2,12,8,rbba,4.46677050474609,0.0026838610001505003,6780.0,True,0.0
D2-K3par,3,2,12,8,miqp_g,4.46677050474765,0.0823037239997575,685.0,True,3.4936415062179855e-13
D2-K3par,3,2,12,8,miqp_s,4.4667698265766225,1.8471941070001776,407.0,True,-1.5182545566851216e-07
D2-K3par,3,2,12,9,bb,1.3036845209776766,0.001223039999786124,3032.0,True,0.0
D2-K3par,3,2,12,9,bb_inc,1.3036845209776506,0.0018110649998561712,671.0,True,-1.9927534889150927e-14
D2-K3par,3,2,12,9,rbba,1.3036845209776766,0.0024153340000339085,5445.0,True,0.0
D2-K3par,3,2,12,9,miqp_g,1.3036845209777108,0.06429340199974831,505.0,True,2.6229404896831132e-14
D2-K3par,3,2,12,9,miqp_s,1.3036843209074496,2.3964375440000367,487.0,True,-1.5346521634092284e-07
D2-K3par,3,2,16,0,bb,13.247965934478902,0.001914123999995354,4744.0,True,0.0
D2-K3par,3,2,16,0,bb_inc,13.247965934475836,3.468165059999592,1333.0,True,-2.3143114346522743e-13
D2-K3par,3,2,16,0,rbba,13.247965934478902,0.007146083999941766,17350.0,True,0.0
D2-K3par,3,2,16,0,miqp_g,13.247965934475891,0.2546014629997444,1458.0,True,-2.2727450067993075e-13
D2-K3par,3,2,16,0,miqp_s,13.24796530019794,10.297580260999894,1338.0,True,-4.7877611182898414e-08
D2-K3par,3,2,16,1,bb,3.0092648543028826,0.0019187479992979206,4828.0,True,0.0
D2-K3par,3,2,16,1,bb_inc,3.009264854303544,0.0032012980000217794,3661.0,True,2.1973766533751187e-13
D2-K3par,3,2,16,1,rbba,3.0092648543029963,0.006349811999825761,15871.0,True,3.777894044755073e-14
D2-K3par,3,2,16,1,miqp_g,3.009264854303201,0.1431009569996604,994.0,True,1.058105480503667e-13
D2-K3par,3,2,16,1,miqp_s,3.009264098374992,4.672622016999412,626.0,True,-2.5120018579445354e-07
D2-K3par,3,2,16,2,bb,5.394821000255,0.0036990810003771912,12358.0,True,0.0
D2-K3par,3,2,16,2,bb_inc,5.394821000290715,0.002851570000530046,3818.0,True,6.620318007083693e-12
D2-K3par,3,2,16,2,rbba,5.394821000259775,0.012113344999306719,37225.0,True,8.850798171213054e-13
D2-K3par,3,2,16,2,miqp_g,5.394821000305878,0.3858739030001743,3325.0,True,9.430973259668314e-12
D2-K3par,3,2,16,2,miqp_s,5.394820783772955,2.4561721820000457,339.0,True,-4.012775302916569e-08
D2-K3par,3,2,16,3,bb,4.9627048035404195,0.005218118000811955,17692.0,True,0.0
D2-K3par,3,2,16,3,bb_inc,4.962704803542051,0.0037479610000445973,6938.0,True,3.2876905267973013e-13
D2-K3par,3,2,16,3,rbba,4.9627048035404195,0.01459000799968635,46423.0,True,0.0
D2-K3par,3,2,16,3,miqp_g,4.962704803542628,0.2791370100003405,1781.0,True,4.4509996407974354e-13
D2-K3par,3,2,16,3,miqp_s,4.962704674732299,7.235270499000762,1178.0,True,-2.5955225167174498e-08
D2-K3par,3,2,16,4,bb,20.432915902462724,0.0022952609997446416,6739.0,True,0.0
D2-K3par,3,2,16,4,bb_inc,20.43291590246622,0.0031827399998292094,4801.0,True,1.7109013107220517e-13
D2-K3par,3,2,16,4,rbba,20.432915902462724,0.009468237000874069,26512.0,True,0.0
D2-K3par,3,2,16,4,miqp_g,20.432915902466956,0.12794728399967426,858.0,True,2.0708165254776052e-13
D2-K3par,3,2,16,4,miqp_s,20.432915576232332,6.190036799999689,865.0,True,-1.596592447162189e-08
D2-K3par,3,2,16,5,bb,40.96975743677291,0.008358633000170812,28426.0,True,0.0
D2-K3par,3,2,16,5,bb_inc,40.96975743681969,0.004470690000744071,9308.0,True,1.1418699218476484e-12
D2-K3par,3,2,16,5,rbba,40.969757436770806,0.01580949600065651,50833.0,True,-5.13355857938797e-14
D2-K3par,3,2,16,5,miqp_g,40.96975743683438,0.14783686000009766,1182.0,True,1.5003518672393693e-12
D2-K3par,3,2,16,5,miqp_s,40.96975723401566,2.871657351000067,511.0,True,-4.948949222493922e-09
D2-K3par,3,2,16,6,bb,4.387135035066416,0.004747873000269465,15823.0,True,0.0
D2-K3par,3,2,16,6,bb_inc,4.387135035066567,0.0028405290004229755,3875.0,True,3.441661360823271e-14
D2-K3par,3,2,16,6,rbba,4.3871350350664535,0.014909255999555171,47467.0,True,8.502928067916315e-15
D2-K3par,3,2,16,6,miqp_g,4.387135035066281,0.3940099259998533,3100.0,True,-3.0772501579125714e-14
D2-K3par,3,2,16,6,miqp_s,4.387134862091895,10.26373829899967,2406.0,True,-3.942767194223938e-08
D2-K3par,3,2,16,7,bb,56.10255171174262,0.006761728000128642,24442.0,True,0.0
D2-K3par,3,2,16,7,bb_inc,56.102551711774076,0.005507895999471657,14258.0,True,5.60682641918331e-13
D2-K3par,3,2,16,7,rbba,56.1025517117435,0.017951410000023316,60349.0,True,1.5704686604443878e-14
D2-K3par,3,2,16,7,miqp_g,56.10255171187842,0.2341365020001831,2116.0,True,2.420548148259124e-12
D2-K3par,3,2,16,7,miqp_s,56.10255141154904,7.229421694999473,1467.0,True,-5.350800892465062e-09
D2-K3par,3,2,16,8,bb,2.820354987272721,0.0021824740006195498,6055.0,True,0.0
D2-K3par,3,2,16,8,bb_inc,2.820354987272792,0.003360442000484909,4735.0,True,2.5193379520185646e-14
D2-K3par,3,2,16,8,rbba,2.8203549872727085,0.005730269000196131,15133.0,True,-4.4088414160324886e-15
D2-K3par,3,2,16,8,miqp_g,2.820354987272753,0.2485876710006778,2604.0,True,1.133702078408354e-14
D2-K3par,3,2,16,8,miqp_s,2.820354474008935,7.725241831999483,2109.0,True,-1.8198552609708438e-07
D2-K3par,3,2,16,9,bb,3.135646956989312,0.002407734999906097,6991.0,True,0.0
D2-K3par,3,2,16,9,bb_inc,3.1356469569890786,0.00351668100029201,5598.0,True,-7.449528839988256e-14
D2-K3par,3,2,16,9,rbba,3.135646956989312,0.0071895900000527035,19552.0,True,0.0
D2-K3par,3,2,16,9,miqp_g,3.13564695698912,0.3973685959999784,3747.0,True,-6.132406820750788e-14
D2-K3par,3,2,16,9,miqp_s,3.135646652486412,12.745649410999249,1981.0,True,-9.711007151148024e-08
D2-K3par,3,2,20,0,bb,11.862507506359464,0.01063266500023019,32679.0,True,0.0
D2-K3par,3,2,20,0,bb_inc,11.862507506352891,3.4097361839994846,15497.0,True,-5.540582631671603e-13
D2-K3par,3,2,20,0,rbba,11.862507506357694,0.02653166300024168,76342.0,True,-1.4914649462553829e-13
D2-K3par,3,2,20,0,miqp_g,11.862507506347603,0.3606789920004303,2209.0,True,-9.998505468019268e-13
D2-K3par,3,2,20,0,miqp_s,11.862507238903383,26.463690581000265,4115.0,True,-2.2546336029758498e-08
D2-K3par,3,2,20,1,bb,49.75696518620568,0.3497693730005267,1376667.0,True,0.0
D2-K3par,3,2,20,1,bb_inc,49.756965193558464,0.29370060699966416,1148362.0,True,1.4777391400897273e-10
D2-K3par,3,2,20,1,rbba,49.756965186569715,0.7615539710004668,2965636.0,True,7.316209066402109e-12
D2-K3par,3,2,20,1,miqp_g,49.75696522319521,0.3953253030003907,2953.0,True,7.434039831474628e-10
D2-K3par,3,2,20,1,miqp_s,49.75696502375713,11.266025368000555,1814.0,True,-3.264840409847831e-09
D2-K3par,3,2,20,2,bb,7.571074053995117,0.030387341000277956,108462.0,True,0.0
D2-K3par,3,2,20,2,bb_inc,7.571074053960416,0.005185454999264039,13318.0,True,-4.583382834483403e-12
D2-K3par,3,2,20,2,rbba,7.571074053996934,0.07056596599977638,246538.0,True,2.400205088137457e-13
D2-K3par,3,2,20,2,miqp_g,7.571074053958282,0.6972222149997833,6734.0,True,-4.8652837546590784e-12
D2-K3par,3,2,20,2,miqp_s,7.571073732564018,19.24071134299993,5530.0,True,-4.2455151966867255e-08
D2-K3par,3,2,20,3,bb,28.357358283885297,0.004593224999553058,14265.0,True,0.0
D2-K3par,3,2,20,3,bb_inc,28.357358283883052,0.0045558219999293215,9858.0,True,-7.917927412434137e-14
D2-K3par,3,2,20,3,rbba,28.357358283883812,0.017309462999946845,50692.0,True,-5.236857054426376e-14
D2-K3par,3,2,20,3,miqp_g,28.35735828388276,0.5313465679992078,4666.0,True,-8.945253437465149e-14
D2-K3par,3,2,20,3,miqp_s,28.357354997085327,13.389583860999664,2048.0,True,-1.1590642319592182e-07
D2-K3par,3,2,20,4,bb,39.31074977653214,0.0023344419996647048,6891.0,True,0.0
D2-K3par,3,2,20,4,bb_inc,39.31074977652503,0.0019975779996457277,1348.0,True,-1.8093098771686787e-13
D2-K3par,3,2,20,4,rbba,39.31074977653214,0.01565445100004581,45457.0,True,0.0
D2-K3par,3,2,20,4,miqp_g,39.310749776524986,0.49811373699958494,4073.0,True,-1.8201548914174418e-13
D2-K3par,3,2,20,4,miqp_s,39.31074941568399,12.447138118000112,1674.0,True,-9.179375866857971e-09
D2-K3par,3,2,20,5,bb,8.234538359148418,0.0035584389997893595,12300.0,True,0.0
D2-K3par,3,2,20,5,bb_inc,8.234538359145425,0.0031575789998896653,5882.0,True,-3.6348865520361267e-13
D2-K3par,3,2,20,5,rbba,8.2345383591484,0.018826945999535383,61129.0,True,-2.1572027015051197e-15
D2-K3par,3,2,20,5,miqp_g,8.234538359144327,0.6514735910004674,6769.0,True,-4.968037821566291e-13
D2-K3par,3,2,20,5,miqp_s,8.234537712972882,16.203811608999786,4174.0,True,-7.847137362252267e-08
D2-K3par,3,2,20,6,bb,8.433129293537078,0.010940939000647631,39258.0,True,0.0
D2-K3par,3,2,20,6,bb_inc,8.433129293549598,0.002783683000416204,4294.0,True,1.4845927968503663e-12
D2-K3par,3,2,20,6,rbba,8.433129293545909,0.043198417999519734,152629.0,True,1.0470929048160004e-12
D2-K3par,3,2,20,6,miqp_g,8.433129293548925,0.5227822750002815,4745.0,True,1.4047601251695648e-12
D2-K3par,3,2,20,6,miqp_s,8.433129054072444,14.865999249999732,3389.0,True,-2.8395703000972274e-08
D2-K3par,3,2,20,7,bb,9.88325127769945,0.0270563050007695,107487.0,True,0.0
D2-K3par,3,2,20,7,bb_inc,9.883251277743149,0.007086491999871214,23507.0,True,4.421457779571698e-12
D2-K3par,3,2,20,7,rbba,9.883251277698687,0.08486539899968193,327679.0,True,-7.728564411446464e-14
D2-K3par,3,2,20,7,miqp_g,9.88325127774475,0.2974639429994568,2852.0,True,4.583398164099914e-12
D2-K3par,3,2,20,7,miqp_s,9.883250622184509,8.733370437000303,1613.0,True,-6.632583989461918e-08
D2-K3par,3,2,20,8,bb,13.489011672582308,0.005884169000637485,21063.0,True,0.0
D2-K3par,3,2,20,8,bb_inc,13.48901167258359,0.0055388199998560594,15176.0,True,9.507958545649743e-14
D2-K3par,3,2,20,8,rbba,13.489011672582603,0.018377168999904825,61390.0,True,2.1860403304402457e-14
D2-K3par,3,2,20,8,miqp_g,13.489011672583123,0.7220360310002434,7768.0,True,6.044533202843811e-14
D2-K3par,3,2,20,8,miqp_s,13.489011111900014,26.99367824899946,10553.0,True,-4.156585427395788e-08
D2-K3par,3,2,20,9,bb,14.982048189350408,0.00600405499972112,21660.0,True,0.0
D2-K3par,3,2,20,9,bb_inc,14.982048189365877,0.0021171840007809806,2681.0,True,1.0324700042343185e-12
D2-K3par,3,2,20,9,rbba,14.982048189349719,0.02428381800018542,82849.0,True,-4.6003486637909465e-14
D2-K3par,3,2,20,9,miqp_g,14.982048189376323,0.2780510309994497,2902.0,True,1.7297548107228381e-12
D2-K3par,3,2,20,9,miqp_s,14.982047747965334,14.580890903999716,3167.0,True,-2.946093008709506e-08
E4-K4par,4,2,16,0,bb,1.1674292164067408,0.005702910013496876,20940.0,True,0.0
E4-K4par,4,2,16,0,bb_inc,1.167429216408257,2.89426731900312,5598.0,True,1.2986830731327923e-12
E4-K4par,4,2,16,0,rbba,1.1674292164067408,0.022058138041757047,77351.0,True,0.0
E4-K4par,4,2,16,0,miqp_g,1.167429216407207,0.9880704949609935,13262.0,True,3.9941922284400466e-13
E4-K4par,4,2,16,0,miqp_s,1.167428776256907,11.237393326940946,6121.0,True,-3.770248572724589e-07
E4-K4par,4,2,16,1,bb,4.486729100757302,0.008790265070274472,36428.0,True,0.0
E4-K4par,4,2,16,1,bb_inc,4.486729100626867,0.006789259030483663,22867.0,True,-2.907114003862323e-11
E4-K4par,4,2,16,1,rbba,4.486729100757302,0.02838379901368171,108770.0,True,0.0
E4-K4par,4,2,16,1,miqp_g,4.486729100456279,0.9888670298969373,13559.0,True,-6.70917078841193e-11
E4-K4par,4,2,16,1,miqp_s,4.486728830031504,15.154435792006552,5527.0,True,-6.033923405134113e-08
E4-K4par,4,2,16,2,bb,23.945230648358226,0.006144894985482097,23943.0,True,0.0
E4-K4par,4,2,16,2,bb_inc,23.945230648356244,0.006037428975105286,18175.0,True,-8.2789523387055e-14
E4-K4par,4,2,16,2,rbba,23.945230648358226,0.019528641016222537,70581.0,True,0.0
E4-K4par,4,2,16,2,miqp_g,23.945230648326056,1.2556524419924244,18428.0,True,-1.3434751510211166e-12
E4-K4par,4,2,16,2,miqp_s,23.945230465468015,22.715941161033697,8325.0,True,-7.637855492210798e-09
E4-K4par,4,2,16,3,bb,3.222366103679127,0.00546251202467829,20349.0,True,0.0
E4-K4par,4,2,16,3,bb_inc,3.22236610368494,0.0033667900133877993,7618.0,True,1.8038557633444738e-12
E4-K4par,4,2,16,3,rbba,3.222366103679127,0.020361414994113147,71198.0,True,0.0
E4-K4par,4,2,16,3,miqp_g,3.222366103686237,0.7892055300762877,10415.0,True,2.206412313480405e-12
E4-K4par,4,2,16,3,miqp_s,3.2223657433106876,15.072473929962143,7281.0,True,-1.1183348754886585e-07
E4-K4par,4,2,16,4,bb,3.6248534111465815,0.004654780030250549,17328.0,True,0.0
E4-K4par,4,2,16,4,bb_inc,3.6248534111385666,0.003165223984979093,6376.0,True,-2.211102395127951e-12
E4-K4par,4,2,16,4,rbba,3.6248534111465815,0.01685194403398782,59748.0,True,0.0
E4-K4par,4,2,16,4,miqp_g,3.6248534111358293,1.1559011179488152,16572.0,True,-2.9662683505561807e-12
E4-K4par,4,2,16,4,miqp_s,3.6248530470766616,14.064819156075828,11440.0,True,-1.0043714288407691e-07
E4-K4par,4,2,16,5,bb,4.268741464983922,0.007898289011791348,32732.0,True,0.0
E4-K4par,4,2,16,5,bb_inc,4.268741464974823,0.004550942103378475,12889.0,True,-2.1314244036660935e-12
E4-K4par,4,2,16,5,rbba,4.268741464983922,0.022465018089860678,85731.0,True,0.0
E4-K4par,4,2,16,5,miqp_g,4.268741464967631,0.990028583095409,13782.0,True,-3.8163399465095166e-12
E4-K4par,4,2,16,5,miqp_s,4.2687409961862555,10.855344056966715,8484.0,True,-1.0982104920375931e-07
E4-K4par,4,2,16,6,bb,13.446741607362009,0.011449820012785494,47364.0,True,0.0
E4-K4par,4,2,16,6,bb_inc,13.446741607098241,0.007987397955730557,27953.0,True,-1.9615731607756425e-11
E4-K4par,4,2,16,6,rbba,13.446741607362009,0.033553970977663994,128860.0,True,0.0
E4-K4par,4,2,16,6,miqp_g,13.446741606880037,1.6164270560257137,25064.0,True,-3.5843017578566076e-11
E4-K4par,4,2,16,6,miqp_s,13.446741064097756,25.39079714298714,18621.0,True,-4.040118186263449e-08
E4-K4par,4,2,16,7,bb,1.0597040826274657,0.008816904039122164,36114.0,True,0.0
E4-K4par,4,2,16,7,bb_inc,1.0597040826388486,0.0029199349228292704,5462.0,True,1.0741578534503401e-11
E4-K4par,4,2,16,7,rbba,1.0597040826274657,0.028635667054913938,107853.0,True,0.0
E4-K4par,4,2,16,7,miqp_g,1.0597040826384299,0.7956232200376689,10658.0,True,1.0346396396627438e-11
E4-K4par,4,2,16,7,miqp_s,1.059703712633996,7.406329605029896,4109.0,True,-3.491479137483143e-07
E4-K4par,4,2,16,8,bb,10.16786063750586,0.020924142096191645,92955.0,True,0.0
E4-K4par,4,2,16,8,bb_inc,10.16786063755383,0.012888586963526905,52601.0,True,4.7176826867810925e-12
E4-K4par,4,2,16,8,rbba,10.16786063750586,0.045971552026458085,190542.0,True,0.0
E4-K4par,4,2,16,8,miqp_g,10.167860637598753,1.824277988052927,28950.0,True,9.135924249093856e-12
E4-K4par,4,2,16,8,miqp_s,10.167860382773934,22.26971752999816,9191.0,True,-2.5052657122339334e-08
E4-K4par,4,2,16,9,bb,4.808361677406275,0.01088107901159674,46489.0,True,0.0
E4-K4par,4,2,16,9,bb_inc,4.808361677394643,0.008469652035273612,32095.0,True,-2.4190327942774777e-12
E4-K4par,4,2,16,9,rbba,4.808361677406275,0.03358904900960624,132624.0,True,0.0
E4-K4par,4,2,16,9,miqp_g,4.808361677384443,2.5639286949299276,38460.0,True,-4.540304374109682e-12
E4-K4par,4,2,16,9,miqp_s,4.808361378405563,21.77265479695052,19941.0,True,-6.218349021169644e-08
E4-K4par,4,2,20,0,bb,20.99957109796964,0.027827242971397936,135521.0,True,0.0
E4-K4par,4,2,20,0,bb_inc,20.999571098026543,2.8803344829939306,65059.0,True,2.709760819774525e-12
E4-K4par,4,2,20,0,rbba,20.99957109798321,0.1135328239761293,514282.0,True,6.462687351900284e-13
E4-K4par,4,2,20,0,miqp_g,20.999571098012265,2.630203675944358,33791.0,True,2.0298252054476335e-12
E4-K4par,4,2,20,0,miqp_s,20.99956844730009,34.68250994104892,17405.0,True,-1.262249375548128e-07
E4-K4par,4,2,20,1,bb,12.473008932837196,0.042374680982902646,181028.0,True,0.0
E4-K4par,4,2,20,1,bb_inc,12.47300893283165,0.03987020894419402,165441.0,True,-4.4462295204546924e-13
E4-K4par,4,2,20,1,rbba,12.473008932836876,0.11865904799196869,479380.0,True,-2.5634891533691372e-14
E4-K4par,4,2,20,1,miqp_g,15.558342619353725,5.45917341299355,78855.0,True,0.24736081751644495
E4-K4par,4,2,20,1,miqp_s,15.558342313044466,60.00483265903313,49517.0,False,0.247360792958677
E4-K4par,4,2,20,2,bb,9.639195410961317,0.013760339003056288,58696.0,True,0.0
E4-K4par,4,2,20,2,bb_inc,9.639195411754859,0.00466983497608453,12981.0,True,8.232442635428402e-11
E4-K4par,4,2,20,2,rbba,9.639195410960578,0.05405590101145208,216950.0,True,-7.666246130358377e-14
E4-K4par,4,2,20,2,miqp_g,9.639195411961536,2.5537895070156083,33557.0,True,1.0376577421536735e-10
E4-K4par,4,2,20,2,miqp_s,9.639194313318802,23.88215435796883,15185.0,True,-1.1387283572423797e-07
E4-K4par,4,2,20,3,bb,15.036899371214094,0.0285517789889127,129547.0,True,0.0
E4-K4par,4,2,20,3,bb_inc,15.036899371174306,0.014835935086011887,62157.0,True,-2.6460652467952e-12
E4-K4par,4,2,20,3,rbba,15.036899371230719,0.08654490706976503,373344.0,True,1.1056084934486485e-12
E4-K4par,4,2,20,3,miqp_g,15.036899371158151,1.9868171520065516,26203.0,True,-3.720368445793171e-12
E4-K4par,4,2,20,3,miqp_s,15.0368983237102,22.1431300729746,17981.0,True,-6.966222673595433e-08
E4-K4par,4,2,20,4,bb,13.27998358649397,0.04289624304510653,168437.0,True,0.0
E4-K4par,4,2,20,4,bb_inc,13.279983586418535,0.030300743994303048,112986.0,True,-5.680336052424781e-12
E4-K4par,4,2,20,4,rbba,13.279983586479045,0.08885361300781369,342901.0,True,-1.1238681183175484e-12
E4-K4par,4,2,20,4,miqp_g,13.279983586438272,2.7137089259922504,34849.0,True,-4.194106742424033e-12
E4-K4par,4,2,20,4,miqp_s,13.279981713005377,22.610088784014806,21770.0,True,-1.4107612261003062e-07
E4-K4par,4,2,20,5,bb,14.803476768997655,0.023398454999551177,100778.0,True,0.0
E4-K4par,4,2,20,5,bb_inc,14.803476768739287,0.01152278995141387,45577.0,True,-1.7453166820795554e-11
E4-K4par,4,2,20,5,rbba,14.803476768991231,0.09120406198780984,379756.0,True,-4.33905252901358e-13
E4-K4par,4,2,20,5,miqp_g,14.803476768726474,1.7952433630125597,21268.0,True,-1.831869740408579e-11
E4-K4par,4,2,20,5,miqp_s,14.803476388328338,25.58983057900332,11595.0,True,-2.571485891141263e-08
E4-K4par,4,2,20,6,bb,25.36278057502136,0.10763542901258916,462330.0,True,0.0
E4-K4par,4,2,20,6,bb_inc,25.362780575041313,0.10543369501829147,447978.0,True,7.866661134068819e-13
E4-K4par,4,2,20,6,rbba,25.36278057504137,0.215049994061701,926040.0,True,7.88907327405192e-13
E4-K4par,4,2,20,6,miqp_g,25.362780575123015,3.0964809840079397,41460.0,True,4.007991008353118e-12
E4-K4par,4,2,20,6,miqp_s,25.362780111754546,26.67259135900531,12876.0,True,-1.8265616175692378e-08
E4-K4par,4,2,20,7,bb,6.938059161856998,0.0717268850421533,337519.0,True,0.0
E4-K4par,4,2,20,7,bb_inc,6.938059161822409,0.025381173938512802,114954.0,True,-4.985431742490899e-12
E4-K4par,4,2,20,7,rbba,6.938059161848578,0.21106694696936756,951591.0,True,-1.213585993190574e-12
E4-K4par,4,2,20,7,miqp_g,6.938059161692601,2.607176429941319,35206.0,True,-2.369501048624571e-11
E4-K4par,4,2,20,7,miqp_s,6.938058212998086,42.08556306594983,24424.0,True,-1.367614328726476e-07
E4-K4par,4,2,20,8,bb,9.531669122097028,0.02655388996936381,119979.0,True,0.0
E4-K4par,4,2,20,8,bb_inc,9.5316690869006,0.004913531942293048,15725.0,True,-3.692577704035612e-09
E4-K4par,4,2,20,8,rbba,9.531669122097028,0.09860020398627967,417190.0,True,0.0
E4-K4par,4,2,20,8,miqp_g,11.625857452309864,1.6035756620112807,19711.0,True,0.21970845854876891
E4-K4par,4,2,20,8,miqp_s,11.625857233233251,27.838293050066568,24990.0,True,0.21970843556469236
E4-K4par,4,2,20,9,bb,17.483369389282934,0.06662050692830235,300358.0,True,0.0
E4-K4par,4,2,20,9,bb_inc,17.483369389335824,0.061987051041796803,277346.0,True,3.0251176051181212e-12
E4-K4par,4,2,20,9,rbba,17.483369389295433,0.18157767900265753,770298.0,True,7.148763172436051e-13
E4-K4par,4,2,20,9,miqp_g,17.48336938942203,5.895703890011646,88661.0,True,7.955894705151116e-12
E4-K4par,4,2,20,9,miqp_s,17.48336809440483,31.456576360040344,21278.0,True,-7.406341847367701e-08
