study,design,eps,rep,method,acc,ahat
1,D2-K3par,0.2,150,adaptX,0.9177489177489178,0.23
1,D2-K3par,0.2,150,Alg2,0.9177489177489178,0.23
1,D2-K3par,0.2,151,adaptX,0.9063829787234042,0.21666666666666667
1,D2-K3par,0.2,151,Alg2,0.9063829787234042,0.21666666666666667
1,D2-K3par,0.2,152,adaptX,0.9008620689655172,0.22666666666666666
1,D2-K3par,0.2,152,Alg2,0.9008620689655172,0.22666666666666666
1,D2-K3par,0.2,153,adaptX,0.9184549356223176,0.22333333333333333
1,D2-K3par,0.2,153,Alg2,0.9184549356223176,0.22333333333333333
1,D2-K3par,0.2,154,adaptX,0.9227467811158798,0.22333333333333333
1,D2-K3par,0.2,154,Alg2,0.9227467811158798,0.22333333333333333
1,D2-K3par,0.2,155,adaptX,0.9367588932806324,0.15666666666666668
1,D2-K3par,0.2,155,Alg2,0.9367588932806324,0.15666666666666668
1,D2-K3par,0.2,156,adaptX,0.9061224489795918,0.18333333333333332
1,D2-K3par,0.2,156,Alg2,0.9061224489795918,0.18333333333333332
1,D2-K3par,0.2,157,adaptX,0.8728813559322034,0.21333333333333335
1,D2-K3par,0.2,157,Alg2,0.8728813559322034,0.21333333333333335
1,D2-K3par,0.2,158,adaptX,0.9227642276422764,0.18
1,D2-K3par,0.2,158,Alg2,0.9227642276422764,0.18
1,D2-K3par,0.2,159,adaptX,0.9078947368421053,0.24
1,D2-K3par,0.2,159,Alg2,0.9078947368421053,0.24
1,D2-K3par,0.2,160,adaptX,0.9029535864978903,0.21333333333333335
1,D2-K3par,0.2,160,Alg2,0.9029535864978903,0.21333333333333335
1,D2-K3par,0.2,161,adaptX,0.9205020920502092,0.20333333333333334
1,D2-K3par,0.2,161,Alg2,0.9205020920502092,0.20333333333333334
1,D2-K3par,0.2,162,adaptX,0.8916666666666667,0.2
1,D2-K3par,0.2,162,Alg2,0.8916666666666667,0.2
1,D2-K3par,0.2,163,adaptX,0.930327868852459,0.18666666666666668
1,D2-K3par,0.2,163,Alg2,0.930327868852459,0.18666666666666668
1,D2-K3par,0.2,164,adaptX,0.9087301587301587,0.16
1,D2-K3par,0.2,164,Alg2,0.9087301587301587,0.16
1,D2-K3par,0.2,165,adaptX,0.8987341772151899,0.21
1,D2-K3par,0.2,165,Alg2,0.8987341772151899,0.21
1,D2-K3par,0.2,166,adaptX,0.9285714285714286,0.20666666666666667
1,D2-K3par,0.2,166,Alg2,0.9285714285714286,0.20666666666666667
1,D2-K3par,0.2,167,adaptX,0.908695652173913,0.23333333333333334
1,D2-K3par,0.2,167,Alg2,0.908695652173913,0.23333333333333334
1,D2-K3par,0.2,168,adaptX,0.9251101321585903,0.24333333333333335
1,D2-K3par,0.2,168,Alg2,0.9251101321585903,0.24333333333333335
1,D2-K3par,0.2,169,adaptX,0.9291666666666667,0.2
1,D2-K3par,0.2,169,Alg2,0.9291666666666667,0.2
1,D2-K3par,0.2,170,adaptX,0.9012875536480687,0.22333333333333333
1,D2-K3par,0.2,170,Alg2,0.9012875536480687,0.22333333333333333
1,D2-K3par,0.2,171,adaptX,0.9148936170212766,0.21666666666666667
1,D2-K3par,0.2,171,Alg2,0.9148936170212766,0.21666666666666667
1,D2-K3par,0.2,172,adaptX,0.8875,0.2
1,D2-K3par,0.2,172,Alg2,0.8875,0.2
1,D2-K3par,0.2,173,adaptX,0.9288702928870293,0.20333333333333334
1,D2-K3par,0.2,173,Alg2,0.9288702928870293,0.20333333333333334
1,D2-K3par,0.2,174,adaptX,0.9314516129032258,0.17333333333333334
1,D2-K3par,0.2,174,Alg2,0.9314516129032258,0.17333333333333334
1,D2-K3par,0.2,175,adaptX,0.9045643153526971,0.19666666666666666
1,D2-K3par,0.2,175,Alg2,0.9045643153526971,0.19666666666666666
1,D2-K3par,0.2,176,adaptX,0.9173228346456693,0.15333333333333332
1,D2-K3par,0.2,176,Alg2,0.9173228346456693,0.15333333333333332
1,D2-K3par,0.2,177,adaptX,0.8816326530612245,0.18333333333333332
1,D2-K3par,0.2,177,Alg2,0.8816326530612245,0.18333333333333332
1,D2-K3par,0.2,178,adaptX,0.891213389121339,0.20333333333333334
1,D2-K3par,0.2,178,Alg2,0.891213389121339,0.20333333333333334
1,D2-K3par,0.2,179,adaptX,0.9,0.23333333333333334
1,D2-K3par,0.2,179,Alg2,0.9,0.23333333333333334
1,D2-K3par,0.2,180,adaptX,0.9523809523809523,0.16
1,D2-K3par,0.2,180,Alg2,0.9523809523809523,0.16
1,D2-K3par,0.2,181,adaptX,0.8975409836065574,0.18666666666666668
1,D2-K3par,0.2,181,Alg2,0.8975409836065574,0.18666666666666668
1,D2-K3par,0.2,182,adaptX,0.9256198347107438,0.19333333333333333
1,D2-K3par,0.2,182,Alg2,0.9256198347107438,0.19333333333333333
1,D2-K3par,0.2,183,adaptX,0.9090909090909091,0.19333333333333333
1,D2-K3par,0.2,183,Alg2,0.9090909090909091,0.19333333333333333
1,D2-K3par,0.2,184,adaptX,0.9162995594713657,0.24333333333333335
1,D2-K3par,0.2,184,Alg2,0.9162995594713657,0.24333333333333335
1,D2-K3par,0.2,185,adaptX,0.9049586776859504,0.19333333333333333
1,D2-K3par,0.2,185,Alg2,0.9049586776859504,0.19333333333333333
1,D2-K3par,0.2,186,adaptX,0.9,0.2
1,D2-K3par,0.2,186,Alg2,0.9,0.2
1,D2-K3par,0.2,187,adaptX,0.9205020920502092,0.20333333333333334
1,D2-K3par,0.2,187,Alg2,0.9205020920502092,0.20333333333333334
1,D2-K3par,0.2,188,adaptX,0.9317269076305221,0.17
1,D2-K3par,0.2,188,Alg2,0.9317269076305221,0.17
1,D2-K3par,0.2,189,adaptX,0.9090909090909091,0.19333333333333333
1,D2-K3par,0.2,189,Alg2,0.9090909090909091,0.19333333333333333
1,D2-K3par,0.2,190,adaptX,0.9112903225806451,0.17333333333333334
1,D2-K3par,0.2,190,Alg2,0.9112903225806451,0.17333333333333334
1,D2-K3par,0.2,191,adaptX,0.9156626506024096,0.17
1,D2-K3par,0.2,191,Alg2,0.9156626506024096,0.17
1,D2-K3par,0.2,192,adaptX,0.8888888888888888,0.16
1,D2-K3par,0.2,192,Alg2,0.8888888888888888,0.16
1,D2-K3par,0.2,193,adaptX,0.9251101321585903,0.24333333333333335
1,D2-K3par,0.2,193,Alg2,0.9251101321585903,0.24333333333333335
1,D2-K3par,0.2,194,adaptX,0.9087136929460581,0.19666666666666666
1,D2-K3par,0.2,194,Alg2,0.9087136929460581,0.19666666666666666
1,D2-K3par,0.2,195,adaptX,0.8911290322580645,0.17333333333333334
1,D2-K3par,0.2,195,Alg2,0.8911290322580645,0.17333333333333334
1,D2-K3par,0.2,196,adaptX,0.9155555555555556,0.25
1,D2-K3par,0.2,196,Alg2,0.9155555555555556,0.25
1,D2-K3par,0.2,197,adaptX,0.8831168831168831,0.23
1,D2-K3par,0.2,197,Alg2,0.8831168831168831,0.23
1,D2-K3par,0.2,198,adaptX,0.9203187250996016,0.16333333333333333
1,D2-K3par,0.2,198,Alg2,0.9203187250996016,0.16333333333333333
1,D2-K3par,0.2,199,adaptX,0.8955823293172691,0.17
1,D2-K3par,0.2,199,Alg2,0.8955823293172691,0.17
1c,E4-K4par,0.0,50,adaptX,0.965,0.0075
1c,E4-K4par,0.0,50,Alg2,0.965,0.0075
1c,E4-K4par,0.0,51,adaptX,0.9575,0.0
1c,E4-K4par,0.0,51,Alg2,0.9575,0.0
1c,E4-K4par,0.0,52,adaptX,0.97,0.005
1c,E4-K4par,0.0,52,Alg2,0.97,0.005
1c,E4-K4par,0.0,53,adaptX,0.96,0.0
1c,E4-K4par,0.0,53,Alg2,0.96,0.0
1c,E4-K4par,0.0,54,adaptX,0.9625,0.0075
1c,E4-K4par,0.0,54,Alg2,0.9625,0.0075
1c,E4-K4par,0.0,55,adaptX,0.9625,0.0025
1c,E4-K4par,0.0,55,Alg2,0.9625,0.0025
1c,E4-K4par,0.0,56,adaptX,0.9475,0.0
1c,E4-K4par,0.0,56,Alg2,0.9475,0.0
1c,E4-K4par,0.0,57,adaptX,0.96,0.005
1c,E4-K4par,0.0,57,Alg2,0.96,0.005
1c,E4-K4par,0.0,58,adaptX,0.9525,0.0
1c,E4-K4par,0.0,58,Alg2,0.9525,0.0
1c,E4-K4par,0.0,59,adaptX,0.96,0.0
1c,E4-K4par,0.0,59,Alg2,0.96,0.0
1c,E4-K4par,0.0,60,adaptX,0.965,0.0025
1c,E4-K4par,0.0,60,Alg2,0.965,0.0025
1c,E4-K4par,0.0,61,adaptX,0.9525,0.01
1c,E4-K4par,0.0,61,Alg2,0.9525,0.01
1c,E4-K4par,0.0,62,adaptX,0.9575,0.005
1c,E4-K4par,0.0,62,Alg2,0.9575,0.005
1c,E4-K4par,0.0,63,adaptX,0.95,0.0025
1c,E4-K4par,0.0,63,Alg2,0.95,0.0025
1c,E4-K4par,0.0,64,adaptX,0.9625,0.0025
1c,E4-K4par,0.0,64,Alg2,0.9625,0.0025
1c,E4-K4par,0.0,65,adaptX,0.98,0.0075
1c,E4-K4par,0.0,65,Alg2,0.98,0.0075
1c,E4-K4par,0.0,66,adaptX,0.955,0.01
1c,E4-K4par,0.0,66,Alg2,0.955,0.01
1c,E4-K4par,0.0,67,adaptX,0.9775,0.0075
1c,E4-K4par,0.0,67,Alg2,0.9775,0.0075
1c,E4-K4par,0.0,68,adaptX,0.9725,0.005
1c,E4-K4par,0.0,68,Alg2,0.9725,0.005
1c,E4-K4par,0.0,69,adaptX,0.97,0.01
1c,E4-K4par,0.0,69,Alg2,0.97,0.01
1c,E4-K4par,0.0,70,adaptX,0.9725,0.0125
1c,E4-K4par,0.0,70,Alg2,0.9725,0.0125
1c,E4-K4par,0.0,71,adaptX,0.9575,0.0025
1c,E4-K4par,0.0,71,Alg2,0.9575,0.0025
1c,E4-K4par,0.0,72,adaptX,0.97,0.0
1c,E4-K4par,0.0,72,Alg2,0.97,0.0
1c,E4-K4par,0.0,73,adaptX,0.9775,0.0075
1c,E4-K4par,0.0,73,Alg2,0.9775,0.0075
1c,E4-K4par,0.0,74,adaptX,0.9725,0.0
1c,E4-K4par,0.0,74,Alg2,0.9725,0.0
1c,E4-K4par,0.0,75,adaptX,0.97,0.005
1c,E4-K4par,0.0,75,Alg2,0.97,0.005
1c,E4-K4par,0.0,76,adaptX,0.9675,0.0025
1c,E4-K4par,0.0,76,Alg2,0.9675,0.0025
1c,E4-K4par,0.0,77,adaptX,0.9675,0.0025
1c,E4-K4par,0.0,77,Alg2,0.9675,0.0025
1c,E4-K4par,0.0,78,adaptX,0.97,0.005
1c,E4-K4par,0.0,78,Alg2,0.97,0.005
1c,E4-K4par,0.0,79,adaptX,0.955,0.0025
1c,E4-K4par,0.0,79,Alg2,0.955,0.0025
1c,E4-K4par,0.0,80,adaptX,0.96,0.0025
1c,E4-K4par,0.0,80,Alg2,0.96,0.0025
1c,E4-K4par,0.0,81,adaptX,0.9625,0.01
1c,E4-K4par,0.0,81,Alg2,0.9625,0.01
1c,E4-K4par,0.0,82,adaptX,0.9525,0.005
1c,E4-K4par,0.0,82,Alg2,0.9525,0.005
1c,E4-K4par,0.0,83,adaptX,0.9725,0.005
1c,E4-K4par,0.0,83,Alg2,0.9725,0.005
1c,E4-K4par,0.0,84,adaptX,0.96,0.0
1c,E4-K4par,0.0,84,Alg2,0.96,0.0
1c,E4-K4par,0.0,85,adaptX,0.9525,0.005
1c,E4-K4par,0.0,85,Alg2,0.9525,0.005
1c,E4-K4par,0.0,86,adaptX,0.96,0.0075
1c,E4-K4par,0.0,86,Alg2,0.96,0.0075
1c,E4-K4par,0.0,87,adaptX,0.97,0.005
1c,E4-K4par,0.0,87,Alg2,0.97,0.005
1c,E4-K4par,0.0,88,adaptX,0.96,0.005
1c,E4-K4par,0.0,88,Alg2,0.96,0.005
1c,E4-K4par,0.0,89,adaptX,0.9625,0.015
1c,E4-K4par,0.0,89,Alg2,0.9625,0.015
1c,E4-K4par,0.0,90,adaptX,0.9625,0.0025
1c,E4-K4par,0.0,90,Alg2,0.9625,0.0025
1c,E4-K4par,0.0,91,adaptX,0.965,0.0
1c,E4-K4par,0.0,91,Alg2,0.965,0.0
1c,E4-K4par,0.0,92,adaptX,0.96,0.0
1c,E4-K4par,0.0,92,Alg2,0.96,0.0
1c,E4-K4par,0.0,93,adaptX,0.9575,0.0
1c,E4-K4par,0.0,93,Alg2,0.9575,0.0
1c,E4-K4par,0.0,94,adaptX,0.9425,0.0025
1c,E4-K4par,0.0,94,Alg2,0.9425,0.0025
1c,E4-K4par,0.0,95,adaptX,0.96,0.0025
1c,E4-K4par,0.0,95,Alg2,0.96,0.0025
1c,E4-K4par,0.0,96,adaptX,0.975,0.01
1c,E4-K4par,0.0,96,Alg2,0.975,0.01
1c,E4-K4par,0.0,97,adaptX,0.94,0.005
1c,E4-K4par,0.0,97,Alg2,0.94,0.005
1c,E4-K4par,0.0,98,adaptX,0.9675,0.005
1c,E4-K4par,0.0,98,Alg2,0.9675,0.005
1c,E4-K4par,0.0,99,adaptX,0.9675,0.0025
1c,E4-K4par,0.0,99,Alg2,0.9675,0.0025
1c,E4-K4par,0.0,100,adaptX,0.9775,0.0025
1c,E4-K4par,0.0,100,Alg2,0.9775,0.0025
1c,E4-K4par,0.0,101,adaptX,0.9475,0.0025
1c,E4-K4par,0.0,101,Alg2,0.9475,0.0025
1c,E4-K4par,0.0,102,adaptX,0.96,0.0025
1c,E4-K4par,0.0,102,Alg2,0.96,0.0025
1c,E4-K4par,0.0,103,adaptX,0.965,0.0
1c,E4-K4par,0.0,103,Alg2,0.965,0.0
1c,E4-K4par,0.0,104,adaptX,0.96,0.0025
1c,E4-K4par,0.0,104,Alg2,0.96,0.0025
1c,E4-K4par,0.0,105,adaptX,0.98,0.0125
1c,E4-K4par,0.0,105,Alg2,0.98,0.0125
1c,E4-K4par,0.0,106,adaptX,0.9825,0.0
1c,E4-K4par,0.0,106,Alg2,0.9825,0.0
1c,E4-K4par,0.0,107,adaptX,0.9475,0.005
1c,E4-K4par,0.0,107,Alg2,0.9475,0.005
1c,E4-K4par,0.0,108,adaptX,0.9775,0.0175
1c,E4-K4par,0.0,108,Alg2,0.9775,0.0175
1c,E4-K4par,0.0,109,adaptX,0.9725,0.005
1c,E4-K4par,0.0,109,Alg2,0.9725,0.005
1c,E4-K4par,0.0,110,adaptX,0.9625,0.0075
1c,E4-K4par,0.0,110,Alg2,0.9625,0.0075
1c,E4-K4par,0.0,111,adaptX,0.9675,0.0025
1c,E4-K4par,0.0,111,Alg2,0.9675,0.0025
1c,E4-K4par,0.0,112,adaptX,0.96,0.0025
1c,E4-K4par,0.0,112,Alg2,0.96,0.0025
1c,E4-K4par,0.0,113,adaptX,0.9525,0.005
1c,E4-K4par,0.0,113,Alg2,0.9525,0.005
1c,E4-K4par,0.0,114,adaptX,0.9675,0.0
1c,E4-K4par,0.0,114,Alg2,0.9675,0.0
1c,E4-K4par,0.0,115,adaptX,0.96,0.0075
1c,E4-K4par,0.0,115,Alg2,0.96,0.0075
1c,E4-K4par,0.0,116,adaptX,0.9675,0.0
1c,E4-K4par,0.0,116,Alg2,0.9675,0.0
1c,E4-K4par,0.0,117,adaptX,0.9325,0.005
1c,E4-K4par,0.0,117,Alg2,0.9325,0.005
1c,E4-K4par,0.0,118,adaptX,0.9575,0.0
1c,E4-K4par,0.0,118,Alg2,0.9575,0.0
1c,E4-K4par,0.0,119,adaptX,0.97,0.02
1c,E4-K4par,0.0,119,Alg2,0.97,0.02
1c,E4-K4par,0.0,120,adaptX,0.97,0.0
1c,E4-K4par,0.0,120,Alg2,0.97,0.0
1c,E4-K4par,0.0,121,adaptX,0.96,0.0025
1c,E4-K4par,0.0,121,Alg2,0.96,0.0025
1c,E4-K4par,0.0,122,adaptX,0.9725,0.005
1c,E4-K4par,0.0,122,Alg2,0.9725,0.005
1c,E4-K4par,0.0,123,adaptX,0.9425,0.0175
1c,E4-K4par,0.0,123,Alg2,0.9425,0.0175
1c,E4-K4par,0.0,124,adaptX,0.98,0.0
1c,E4-K4par,0.0,124,Alg2,0.98,0.0
1c,E4-K4par,0.0,125,adaptX,0.965,0.0
1c,E4-K4par,0.0,125,Alg2,0.965,0.0
1c,E4-K4par,0.0,126,adaptX,0.96,0.0025
1c,E4-K4par,0.0,126,Alg2,0.96,0.0025
1c,E4-K4par,0.0,127,adaptX,0.9525,0.0075
1c,E4-K4par,0.0,127,Alg2,0.9525,0.0075
1c,E4-K4par,0.0,128,adaptX,0.9625,0.0075
1c,E4-K4par,0.0,128,Alg2,0.9625,0.0075
1c,E4-K4par,0.0,129,adaptX,0.96,0.0
1c,E4-K4par,0.0,129,Alg2,0.96,0.0
1c,E4-K4par,0.0,130,adaptX,0.9525,0.0025
1c,E4-K4par,0.0,130,Alg2,0.9525,0.0025
1c,E4-K4par,0.0,131,adaptX,0.96,0.005
1c,E4-K4par,0.0,131,Alg2,0.96,0.005
1c,E4-K4par,0.0,132,adaptX,0.955,0.0025
1c,E4-K4par,0.0,132,Alg2,0.955,0.0025
1c,E4-K4par,0.0,133,adaptX,0.9675,0.005
1c,E4-K4par,0.0,133,Alg2,0.9675,0.005
1c,E4-K4par,0.0,134,adaptX,0.9525,0.0
1c,E4-K4par,0.0,134,Alg2,0.9525,0.0
1c,E4-K4par,0.0,135,adaptX,0.965,0.0025
1c,E4-K4par,0.0,135,Alg2,0.965,0.0025
1c,E4-K4par,0.0,136,adaptX,0.96,0.01
1c,E4-K4par,0.0,136,Alg2,0.96,0.01
1c,E4-K4par,0.0,137,adaptX,0.96,0.005
1c,E4-K4par,0.0,137,Alg2,0.96,0.005
1c,E4-K4par,0.0,138,adaptX,0.9625,0.0
1c,E4-K4par,0.0,138,Alg2,0.9625,0.0
1c,E4-K4par,0.0,139,adaptX,0.98,0.0125
1c,E4-K4par,0.0,139,Alg2,0.98,0.0125
1c,E4-K4par,0.0,140,adaptX,0.9725,0.0075
1c,E4-K4par,0.0,140,Alg2,0.9725,0.0075
1c,E4-K4par,0.0,141,adaptX,0.945,0.01
1c,E4-K4par,0.0,141,Alg2,0.945,0.01
1c,E4-K4par,0.0,142,adaptX,0.97,0.0025
1c,E4-K4par,0.0,142,Alg2,0.97,0.0025
1c,E4-K4par,0.0,143,adaptX,0.9675,0.0
1c,E4-K4par,0.0,143,Alg2,0.9675,0.0
1c,E4-K4par,0.0,144,adaptX,0.9575,0.0025
1c,E4-K4par,0.0,144,Alg2,0.9575,0.0025
1c,E4-K4par,0.0,145,adaptX,0.9525,0.005
1c,E4-K4par,0.0,145,Alg2,0.9525,0.005
1c,E4-K4par,0.0,146,adaptX,0.9625,0.0075
1c,E4-K4par,0.0,146,Alg2,0.9625,0.0075
1c,E4-K4par,0.0,147,adaptX,0.975,0.0025
1c,E4-K4par,0.0,147,Alg2,0.975,0.0025
1c,E4-K4par,0.0,148,adaptX,0.9675,0.005
1c,E4-K4par,0.0,148,Alg2,0.9675,0.005
1c,E4-K4par,0.0,149,adaptX,0.9625,0.005
1c,E4-K4par,0.0,149,Alg2,0.9625,0.005
1c,E4-K4par,0.0,150,adaptX,0.9725,0.0025
1c,E4-K4par,0.0,150,Alg2,0.9725,0.0025
1c,E4-K4par,0.0,151,adaptX,0.965,0.0
1c,E4-K4par,0.0,151,Alg2,0.965,0.0
1c,E4-K4par,0.0,152,adaptX,0.9675,0.0
1c,E4-K4par,0.0,152,Alg2,0.9675,0.0
1c,E4-K4par,0.0,153,adaptX,0.96,0.0
1c,E4-K4par,0.0,153,Alg2,0.96,0.0
1c,E4-K4par,0.0,154,adaptX,0.9675,0.01
1c,E4-K4par,0.0,154,Alg2,0.9675,0.01
1c,E4-K4par,0.0,155,adaptX,0.975,0.0025
1c,E4-K4par,0.0,155,Alg2,0.975,0.0025
1c,E4-K4par,0.0,156,adaptX,0.9675,0.0
1c,E4-K4par,0.0,156,Alg2,0.9675,0.0
1c,E4-K4par,0.0,157,adaptX,0.9625,0.0025
1c,E4-K4par,0.0,157,Alg2,0.9625,0.0025
1c,E4-K4par,0.0,158,adaptX,0.96,0.0025
1c,E4-K4par,0.0,158,Alg2,0.96,0.0025
1c,E4-K4par,0.0,159,adaptX,0.75,0.0225
1c,E4-K4par,0.0,159,Alg2,0.75,0.0225
1c,E4-K4par,0.0,160,adaptX,0.975,0.0025
1c,E4-K4par,0.0,160,Alg2,0.975,0.0025
1c,E4-K4par,0.0,161,adaptX,0.9575,0.0
1c,E4-K4par,0.0,161,Alg2,0.9575,0.0
1c,E4-K4par,0.0,162,adaptX,0.94,0.0
1c,E4-K4par,0.0,162,Alg2,0.94,0.0
1c,E4-K4par,0.0,163,adaptX,0.97,0.0
1c,E4-K4par,0.0,163,Alg2,0.97,0.0
1c,E4-K4par,0.0,164,adaptX,0.98,0.0
1c,E4-K4par,0.0,164,Alg2,0.98,0.0
1c,E4-K4par,0.0,165,adaptX,0.9525,0.0
1c,E4-K4par,0.0,165,Alg2,0.9525,0.0
1c,E4-K4par,0.0,166,adaptX,0.96,0.005
1c,E4-K4par,0.0,166,Alg2,0.96,0.005
1c,E4-K4par,0.0,167,adaptX,0.9675,0.0075
1c,E4-K4par,0.0,167,Alg2,0.9675,0.0075
1c,E4-K4par,0.0,168,adaptX,0.965,0.0
1c,E4-K4par,0.0,168,Alg2,0.965,0.0
1c,E4-K4par,0.0,169,adaptX,0.97,0.0225
1c,E4-K4par,0.0,169,Alg2,0.97,0.0225
1c,E4-K4par,0.0,170,adaptX,0.96,0.0
1c,E4-K4par,0.0,170,Alg2,0.96,0.0
1c,E4-K4par,0.0,171,adaptX,0.9575,0.0
1c,E4-K4par,0.0,171,Alg2,0.9575,0.0
1c,E4-K4par,0.0,172,adaptX,0.97,0.0075
1c,E4-K4par,0.0,172,Alg2,0.97,0.0075
1c,E4-K4par,0.0,173,adaptX,0.9725,0.005
1c,E4-K4par,0.0,173,Alg2,0.9725,0.005
1c,E4-K4par,0.0,174,adaptX,0.9375,0.0
1c,E4-K4par,0.0,174,Alg2,0.9375,0.0
1c,E4-K4par,0.0,175,adaptX,0.96,0.0075
1c,E4-K4par,0.0,175,Alg2,0.96,0.0075
1c,E4-K4par,0.0,176,adaptX,0.9575,0.0125
1c,E4-K4par,0.0,176,Alg2,0.9575,0.0125
1c,E4-K4par,0.0,177,adaptX,0.975,0.0
1c,E4-K4par,0.0,177,Alg2,0.975,0.0
1c,E4-K4par,0.0,178,adaptX,0.96,0.0
1c,E4-K4par,0.0,178,Alg2,0.96,0.0
1c,E4-K4par,0.0,179,adaptX,0.9475,0.01
1c,E4-K4par,0.0,179,Alg2,0.9475,0.01
1c,E4-K4par,0.0,180,adaptX,0.9675,0.0225
1c,E4-K4par,0.0,180,Alg2,0.9675,0.0225
1c,E4-K4par,0.0,181,adaptX,0.975,0.0075
1c,E4-K4par,0.0,181,Alg2,0.975,0.0075
1c,E4-K4par,0.0,182,adaptX,0.9625,0.005
1c,E4-K4par,0.0,182,Alg2,0.9625,0.005
1c,E4-K4par,0.0,183,adaptX,0.97,0.01
1c,E4-K4par,0.0,183,Alg2,0.97,0.01
1c,E4-K4par,0.0,184,adaptX,0.9675,0.0125
1c,E4-K4par,0.0,184,Alg2,0.9675,0.0125
1c,E4-K4par,0.0,185,adaptX,0.97,0.0075
1c,E4-K4par,0.0,185,Alg2,0.97,0.0075
1c,E4-K4par,0.0,186,adaptX,0.975,0.0025
1c,E4-K4par,0.0,186,Alg2,0.975,0.0025
1c,E4-K4par,0.0,187,adaptX,0.965,0.01
1c,E4-K4par,0.0,187,Alg2,0.965,0.01
1c,E4-K4par,0.0,188,adaptX,0.96,0.0025
1c,E4-K4par,0.0,188,Alg2,0.96,0.0025
1c,E4-K4par,0.0,189,adaptX,0.9625,0.0
1c,E4-K4par,0.0,189,Alg2,0.9625,0.0
1c,E4-K4par,0.0,190,adaptX,0.96,0.0025
1c,E4-K4par,0.0,190,Alg2,0.96,0.0025
1c,E4-K4par,0.0,191,adaptX,0.9775,0.0
1c,E4-K4par,0.0,191,Alg2,0.9775,0.0
1c,E4-K4par,0.0,192,adaptX,0.9675,0.0
1c,E4-K4par,0.0,192,Alg2,0.9675,0.0
1c,E4-K4par,0.0,193,adaptX,0.9675,0.0075
1c,E4-K4par,0.0,193,Alg2,0.9675,0.0075
1c,E4-K4par,0.0,194,adaptX,0.97,0.005
1c,E4-K4par,0.0,194,Alg2,0.97,0.005
1c,E4-K4par,0.0,195,adaptX,0.955,0.015
1c,E4-K4par,0.0,195,Alg2,0.955,0.015
1c,E4-K4par,0.0,196,adaptX,0.9675,0.015
1c,E4-K4par,0.0,196,Alg2,0.9675,0.015
1c,E4-K4par,0.0,197,adaptX,0.9625,0.0
1c,E4-K4par,0.0,197,Alg2,0.9625,0.0
1c,E4-K4par,0.0,198,adaptX,0.9425,0.0025
1c,E4-K4par,0.0,198,Alg2,0.9425,0.0025
1c,E4-K4par,0.0,199,adaptX,0.9625,0.005
1c,E4-K4par,0.0,199,Alg2,0.9625,0.005
1c,E4-K4par,0.1,50,adaptX,0.978021978021978,0.09
1c,E4-K4par,0.1,50,Alg2,0.978021978021978,0.09
1c,E4-K4par,0.1,51,adaptX,0.9773371104815864,0.115
1c,E4-K4par,0.1,51,Alg2,0.9773371104815864,0.115
1c,E4-K4par,0.1,52,adaptX,0.9668508287292817,0.095
1c,E4-K4par,0.1,52,Alg2,0.9668508287292817,0.095
1c,E4-K4par,0.1,53,adaptX,0.9777777777777777,0.1
1c,E4-K4par,0.1,53,Alg2,0.9777777777777777,0.1
1c,E4-K4par,0.1,54,adaptX,0.9603399433427762,0.1175
1c,E4-K4par,0.1,54,Alg2,0.9603399433427762,0.1175
1c,E4-K4par,0.1,55,adaptX,0.9664804469273743,0.11
1c,E4-K4par,0.1,55,Alg2,0.9664804469273743,0.11
1c,E4-K4par,0.1,56,adaptX,0.9635854341736695,0.1075
1c,E4-K4par,0.1,56,Alg2,0.9635854341736695,0.1075
1c,E4-K4par,0.1,57,adaptX,0.9747899159663865,0.1075
1c,E4-K4par,0.1,57,Alg2,0.9747899159663865,0.1075
1c,E4-K4par,0.1,58,adaptX,0.9719887955182073,0.1075
1c,E4-K4par,0.1,58,Alg2,0.9719887955182073,0.1075
1c,E4-K4par,0.1,59,adaptX,0.9577464788732394,0.11
1c,E4-K4par,0.1,59,Alg2,0.9577464788732394,0.11
1c,E4-K4par,0.1,60,adaptX,0.96398891966759,0.0975
1c,E4-K4par,0.1,60,Alg2,0.96398891966759,0.0975
1c,E4-K4par,0.1,61,adaptX,0.9476584022038568,0.095
1c,E4-K4par,0.1,61,Alg2,0.9476584022038568,0.095
1c,E4-K4par,0.1,62,adaptX,0.9711815561959655,0.13
1c,E4-K4par,0.1,62,Alg2,0.9711815561959655,0.13
1c,E4-K4par,0.1,63,adaptX,0.9833795013850416,0.0975
1c,E4-K4par,0.1,63,Alg2,0.9833795013850416,0.0975
1c,E4-K4par,0.1,64,adaptX,0.9608938547486033,0.11
1c,E4-K4par,0.1,64,Alg2,0.9608938547486033,0.11
1c,E4-K4par,0.1,65,adaptX,0.970108695652174,0.0825
1c,E4-K4par,0.1,65,Alg2,0.970108695652174,0.0825
1c,E4-K4par,0.1,66,adaptX,0.9627659574468085,0.0625
1c,E4-K4par,0.1,66,Alg2,0.9627659574468085,0.0625
1c,E4-K4par,0.1,67,adaptX,0.9615384615384616,0.09
1c,E4-K4par,0.1,67,Alg2,0.9615384615384616,0.09
1c,E4-K4par,0.1,68,adaptX,0.9699453551912568,0.0875
1c,E4-K4par,0.1,68,Alg2,0.9699453551912568,0.0875
1c,E4-K4par,0.1,69,adaptX,0.9695290858725761,0.095
1c,E4-K4par,0.1,69,Alg2,0.9695290858725761,0.095
1c,E4-K4par,0.1,70,adaptX,0.7418478260869565,0.08
1c,E4-K4par,0.1,70,Alg2,0.7418478260869565,0.08
1c,E4-K4par,0.1,71,adaptX,0.9751381215469613,0.095
1c,E4-K4par,0.1,71,Alg2,0.9751381215469613,0.095
1c,E4-K4par,0.1,72,adaptX,0.947075208913649,0.1025
1c,E4-K4par,0.1,72,Alg2,0.947075208913649,0.1025
1c,E4-K4par,0.1,73,adaptX,0.9444444444444444,0.1
1c,E4-K4par,0.1,73,Alg2,0.9444444444444444,0.1
1c,E4-K4par,0.1,74,adaptX,0.96045197740113,0.115
1c,E4-K4par,0.1,74,Alg2,0.96045197740113,0.115
1c,E4-K4par,0.1,75,adaptX,0.9610027855153204,0.1
1c,E4-K4par,0.1,75,Alg2,0.9610027855153204,0.1
1c,E4-K4par,0.1,76,adaptX,0.953551912568306,0.09
1c,E4-K4par,0.1,76,Alg2,0.953551912568306,0.09
1c,E4-K4par,0.1,77,adaptX,0.9805013927576601,0.105
1c,E4-K4par,0.1,77,Alg2,0.9805013927576601,0.105
1c,E4-K4par,0.1,78,adaptX,0.9445983379501385,0.0975
1c,E4-K4par,0.1,78,Alg2,0.9445983379501385,0.0975
1c,E4-K4par,0.1,79,adaptX,0.9640883977900553,0.095
1c,E4-K4par,0.1,79,Alg2,0.9640883977900553,0.095
1c,E4-K4par,0.1,80,adaptX,0.9581005586592178,0.105
1c,E4-K4par,0.1,80,Alg2,0.9581005586592178,0.105
1c,E4-K4par,0.1,81,adaptX,0.9562841530054644,0.0875
1c,E4-K4par,0.1,81,Alg2,0.9562841530054644,0.0875
1c,E4-K4par,0.1,82,adaptX,0.9688385269121813,0.1175
1c,E4-K4par,0.1,82,Alg2,0.9688385269121813,0.1175
1c,E4-K4par,0.1,83,adaptX,0.9661971830985916,0.11
1c,E4-K4par,0.1,83,Alg2,0.9661971830985916,0.11
1c,E4-K4par,0.1,84,adaptX,0.9504132231404959,0.0925
1c,E4-K4par,0.1,84,Alg2,0.9504132231404959,0.0925
1c,E4-K4par,0.1,85,adaptX,0.9586776859504132,0.0925
1c,E4-K4par,0.1,85,Alg2,0.9586776859504132,0.0925
1c,E4-K4par,0.1,86,adaptX,0.7542372881355932,0.1175
1c,E4-K4par,0.1,86,Alg2,0.7542372881355932,0.1175
1c,E4-K4par,0.1,87,adaptX,0.9515669515669516,0.12
1c,E4-K4par,0.1,87,Alg2,0.9515669515669516,0.12
1c,E4-K4par,0.1,88,adaptX,0.9584487534626038,0.0975
1c,E4-K4par,0.1,88,Alg2,0.9584487534626038,0.0975
1c,E4-K4par,0.1,89,adaptX,0.9807692307692307,0.09
1c,E4-K4par,0.1,89,Alg2,0.9807692307692307,0.09
1c,E4-K4par,0.1,90,adaptX,0.9608938547486033,0.105
1c,E4-K4par,0.1,90,Alg2,0.9608938547486033,0.105
1c,E4-K4par,0.1,91,adaptX,0.9548022598870056,0.11
1c,E4-K4par,0.1,91,Alg2,0.9548022598870056,0.11
1c,E4-K4par,0.1,92,adaptX,0.9835616438356164,0.0875
1c,E4-K4par,0.1,92,Alg2,0.9835616438356164,0.0875
1c,E4-K4par,0.1,93,adaptX,0.9695290858725761,0.095
1c,E4-K4par,0.1,93,Alg2,0.9695290858725761,0.095
1c,E4-K4par,0.1,94,adaptX,0.9556786703601108,0.095
1c,E4-K4par,0.1,94,Alg2,0.9556786703601108,0.095
1c,E4-K4par,0.1,95,adaptX,0.970108695652174,0.0825
1c,E4-K4par,0.1,95,Alg2,0.970108695652174,0.0825
1c,E4-K4par,0.1,96,adaptX,0.9803921568627451,0.1025
1c,E4-K4par,0.1,96,Alg2,0.9803921568627451,0.1025
1c,E4-K4par,0.1,97,adaptX,0.9602272727272727,0.12
1c,E4-K4par,0.1,97,Alg2,0.9602272727272727,0.12
1c,E4-K4par,0.1,98,adaptX,0.9693593314763231,0.1025
1c,E4-K4par,0.1,98,Alg2,0.9693593314763231,0.1025
1c,E4-K4par,0.1,99,adaptX,0.9830985915492958,0.1125
1c,E4-K4par,0.1,99,Alg2,0.9830985915492958,0.1125
1c,E4-K4par,0.1,100,adaptX,0.9438202247191011,0.11
1c,E4-K4par,0.1,100,Alg2,0.9438202247191011,0.11
1c,E4-K4par,0.1,101,adaptX,0.7079889807162535,0.11
1c,E4-K4par,0.1,101,Alg2,0.7079889807162535,0.11
1c,E4-K4par,0.1,102,adaptX,0.9695290858725761,0.0975
1c,E4-K4par,0.1,102,Alg2,0.9695290858725761,0.0975
1c,E4-K4par,0.1,103,adaptX,0.9584487534626038,0.0975
1c,E4-K4par,0.1,103,Alg2,0.9584487534626038,0.0975
1c,E4-K4par,0.1,104,adaptX,0.9730458221024259,0.07
1c,E4-K4par,0.1,104,Alg2,0.9730458221024259,0.07
1c,E4-K4par,0.1,105,adaptX,0.952513966480447,0.105
1c,E4-K4par,0.1,105,Alg2,0.952513966480447,0.105
1c,E4-K4par,0.1,106,adaptX,0.971830985915493,0.1125
1c,E4-K4par,0.1,106,Alg2,0.971830985915493,0.1125
1c,E4-K4par,0.1,107,adaptX,0.9583333333333334,0.1
1c,E4-K4par,0.1,107,Alg2,0.9583333333333334,0.1
1c,E4-K4par,0.1,108,adaptX,0.9534246575342465,0.09
1c,E4-K4par,0.1,108,Alg2,0.9534246575342465,0.09
1c,E4-K4par,0.1,109,adaptX,0.946927374301676,0.105
1c,E4-K4par,0.1,109,Alg2,0.946927374301676,0.105
1c,E4-K4par,0.1,110,adaptX,0.9808219178082191,0.0875
1c,E4-K4par,0.1,110,Alg2,0.9808219178082191,0.0875
1c,E4-K4par,0.1,111,adaptX,0.9538043478260869,0.08
1c,E4-K4par,0.1,111,Alg2,0.9538043478260869,0.08
1c,E4-K4par,0.1,112,adaptX,0.9596774193548387,0.07
1c,E4-K4par,0.1,112,Alg2,0.9596774193548387,0.07
1c,E4-K4par,0.1,113,adaptX,0.947945205479452,0.0875
1c,E4-K4par,0.1,113,Alg2,0.947945205479452,0.0875
1c,E4-K4par,0.1,114,adaptX,0.9654178674351584,0.13
1c,E4-K4par,0.1,114,Alg2,0.9654178674351584,0.13
1c,E4-K4par,0.1,115,adaptX,0.9719101123595506,0.11
1c,E4-K4par,0.1,115,Alg2,0.9719101123595506,0.11
1c,E4-K4par,0.1,116,adaptX,0.9696132596685083,0.095
1c,E4-K4par,0.1,116,Alg2,0.9696132596685083,0.095
1c,E4-K4par,0.1,117,adaptX,0.9696969696969697,0.09
1c,E4-K4par,0.1,117,Alg2,0.9696969696969697,0.09
1c,E4-K4par,0.1,118,adaptX,0.9539295392953929,0.08
1c,E4-K4par,0.1,118,Alg2,0.9539295392953929,0.08
1c,E4-K4par,0.1,119,adaptX,0.9449035812672176,0.095
1c,E4-K4par,0.1,119,Alg2,0.9449035812672176,0.095
1c,E4-K4par,0.1,120,adaptX,0.9802816901408451,0.1125
1c,E4-K4par,0.1,120,Alg2,0.9802816901408451,0.1125
1c,E4-K4par,0.1,121,adaptX,0.9719101123595506,0.11
1c,E4-K4par,0.1,121,Alg2,0.9719101123595506,0.11
1c,E4-K4par,0.1,122,adaptX,0.9719887955182073,0.1075
1c,E4-K4par,0.1,122,Alg2,0.9719887955182073,0.1075
1c,E4-K4par,0.1,123,adaptX,0.975,0.095
1c,E4-K4par,0.1,123,Alg2,0.975,0.095
1c,E4-K4par,0.1,124,adaptX,0.9640883977900553,0.0925
1c,E4-K4par,0.1,124,Alg2,0.9640883977900553,0.0925
