unit,method,time,alpha_hat,b1,b2,b3,b4,b5,b6,b7,b8,b9,b10,b11,b12
F1-K2cross-moderate_e05_r015,TCR(0.05),3.8657,0.050000,-0.004060374589,-1.47494902,-0.033601252,1.501743649,NaN,NaN,NaN,NaN,NaN,NaN,NaN,NaN
F1-K2cross-moderate_e05_r015,TCR(0.10),3.6236,0.100000,-0.1191346837,1.57003932,-0.007906560649,-1.432769732,NaN,NaN,NaN,NaN,NaN,NaN,NaN,NaN
F1-K2cross-moderate_e05_r015,TCR(0.15),3.6760,0.150000,0.02221577083,-1.474070857,-0.1009378333,1.539513841,NaN,NaN,NaN,NaN,NaN,NaN,NaN,NaN
F1-K2cross-moderate_e05_r015,TCR(0.25),3.5901,0.250000,0.181469145,1.429590766,0.02046921738,-1.473129399,NaN,NaN,NaN,NaN,NaN,NaN,NaN,NaN
F1-K2cross-moderate_e05_r015,TCR(0.40),2.9320,0.400000,0.1185122122,1.477936009,0.02965645073,-1.492167296,NaN,NaN,NaN,NaN,NaN,NaN,NaN,NaN
F1-K2cross-moderate_e10_r015,TCR(0.05),3.5272,0.050000,-0.1089788153,-1.365055836,0.07405449189,1.541805451,NaN,NaN,NaN,NaN,NaN,NaN,NaN,NaN
F1-K2cross-moderate_e10_r015,TCR(0.10),3.7410,0.100000,0.1318449469,1.516651512,0.005127787282,-1.372803594,NaN,NaN,NaN,NaN,NaN,NaN,NaN,NaN
F1-K2cross-moderate_e10_r015,TCR(0.15),3.4587,0.150000,0.05442397164,1.494327619,-0.01680041569,-1.417895225,NaN,NaN,NaN,NaN,NaN,NaN,NaN,NaN
F1-K2cross-moderate_e10_r015,TCR(0.25),3.5376,0.250000,0.122967705,1.446030686,0.01341102104,-1.531982432,NaN,NaN,NaN,NaN,NaN,NaN,NaN,NaN
F1-K2cross-moderate_e10_r015,TCR(0.40),3.0983,0.400000,0.1230636239,1.414731291,0.478401103,-1.456916512,NaN,NaN,NaN,NaN,NaN,NaN,NaN,NaN
F1-K2cross-moderate_e20_r015,TCR(0.05),3.7454,0.050000,-0.205048213,1.48854917,0.009709671552,-1.761607287,NaN,NaN,NaN,NaN,NaN,NaN,NaN,NaN
F1-K2cross-moderate_e20_r015,TCR(0.10),3.5002,0.100000,-0.4739682022,1.610011333,0.1180646346,-1.492419063,NaN,NaN,NaN,NaN,NaN,NaN,NaN,NaN
F1-K2cross-moderate_e20_r015,TCR(0.15),3.5722,0.150000,-0.1886735265,1.544090752,0.06595949842,-1.452221111,NaN,NaN,NaN,NaN,NaN,NaN,NaN,NaN
F1-K2cross-moderate_e20_r015,TCR(0.25),2.2993,0.250000,-0.219218713,1.446702414,0.1461058399,-1.472674138,NaN,NaN,NaN,NaN,NaN,NaN,NaN,NaN
F1-K2cross-moderate_e20_r015,TCR(0.40),1.9197,0.400000,-0.566728079,1.533237618,0.2160299804,-1.51178212,NaN,NaN,NaN,NaN,NaN,NaN,NaN,NaN
